Time (s),Tc (K),Th (K),Qc (W),Qh (W),Voltage (V),Current (A),Power (W)
200.0426139831543,299.00043,299.00043,-0.7039489364278659,0.9583230832073872,-1.068,-0.23817804005573157,0.2543741467795213
200.64312793900658,298.88789262886667,298.95276891675627,-1.3269126126185948,4.105626874973746,-3.5287180458760594,-0.7871193686077261,2.7775223202646533
201.24364189485888,298.8287073004877,298.91469048279515,-0.8620362612646976,7.627287795766999,-5.506276786103549,-1.2281959004387812,6.762786575373607
201.84415585071116,298.8513228524228,298.88511523094604,-0.18532038556446392,10.218394332676265,-6.706770865920681,-1.4957860235324667,10.031894124278892
202.44466980656347,298.89720183646847,298.8606430542043,-0.019669972246340105,10.862289593588603,-6.973354435265515,-1.5550545589947844,10.843946606046138
203.04518376241575,298.8969669578746,298.8367321659978,-0.5300303218217864,9.258536822175424,-6.2571696927249265,-1.3952743241094514,8.730468213854916
203.64569771826805,298.8313313309534,298.8094105229317,-1.2104388497644945,6.073665415318173,-4.670170183374735,-1.0414522915747895,4.863759439519872
204.24621167412033,298.75810192342135,298.7770315909577,-1.2213199213426071,2.533191986679956,-2.425052627125649,-0.5408678846848838,1.31163308468297
204.8467256299726,298.78025696753923,298.74052970718685,0.10620188362631647,-0.10072772986205021,0.15597737835650838,0.03488840518297732,0.005441801975480421
205.44723958582492,298.9874208493831,298.70265560361673,2.7964631574497774,-1.1574954582703953,2.7059557463427355,0.6042048711561108,1.63495164307315
206.0477535416772,299.399151671911,298.6665446954942,6.166467699768338,-0.7953935431489563,4.894733640218497,1.0934967263070479,5.352375211723906
206.6482674975295,299.9415878785443,298.634163149916,8.985834904796892,0.1972934259152368,6.394087869302442,1.4293685251997117,9.1395079477422
207.24878145338178,300.4548605915693,298.6055082636868,10.12692413572829,0.8818117156152724,6.993558048423327,1.5644687467961276,10.941202995662813
207.8492954092341,300.77834025840576,298.579159677351,9.099788835606624,0.7602284420372776,6.610777720844312,1.480014209982146,9.784044965882966
208.44980936508637,300.82215022023934,298.55354776066093,6.297375484948722,0.06328592325162496,5.300851018199584,1.1880640212099838,6.297750376517234
209.05032332093867,300.59279625627056,298.5282356005967,2.7857694329803024,-0.4028545521145721,3.2326849023788125,0.7263047234019636,2.347914313867947
209.65083727679095,300.1993155901922,298.50458488672047,-0.14766900441169983,0.26909895462815026,0.7082983939037573,0.16237077880098666,0.1150069618416411
210.25135123264323,299.79497589838047,298.4852055371604,-1.6755717700398056,2.4650137588832273,-1.9044040367507205,-0.4212981577701035,0.802321912333027
210.85186518849554,299.5028817992917,298.47245393323095,-1.7706587713186905,5.785702357441116,-4.261110152321009,-0.947601656033603,4.0378350368809866
211.45237914434782,299.3605383100018,298.4671328258119,-1.0788848317541633,9.048846777490834,-5.993738426629017,-1.3343571707373345,7.997787849096338
212.05289310020012,299.32331770409087,298.46741498206,-0.45992975786705487,11.05603453289356,-6.90797917267532,-1.5383424853689998,10.62683784937064
212.6534070560524,299.3050776533296,298.4695139276273,-0.5053974232992422,10.877523679739262,-6.834382526571281,-1.5219824026830948,10.40180993864632
213.2539210119047,299.24004784056336,298.46906537469056,-1.1271506544850527,8.576967050706914,-5.793228682712585,-1.2899594959193232,7.473030351297291
213.854434967757,299.13086822038207,298.4628790477032,-1.6428142847037468,5.088131067718727,-3.9422098303797504,-0.8774260218156918,3.458997488632818
214.45494892360927,299.05082531598765,298.45015288363794,-1.2010800505367716,1.7150267964781212,-1.528596585183103,-0.33933374575389724,0.5187044049967986
215.05546287946157,299.10734004389224,298.4327191268027,0.6666318206435906,-0.40244724741719745,1.0765970302756593,0.24185114658246754,0.2603762261794477
215.65597683531385,299.37181586605107,298.41378691196604,3.671403996566904,-0.9139312308842307,3.4995692121935114,0.7829434302887504,2.7399647235276876
216.25649079116616,299.82952765479206,298.3963078640203,7.074958544778215,-0.2276697743654964,5.51599197813616,1.233869008434373,6.80601155259482
216.85700474701844,300.3644690780661,298.38168074850057,9.421785973809925,0.7369498002613157,6.714534770880932,1.5025901856478385,10.089194047916846
217.45751870287074,300.8165858953792,298.369363062037,9.8177853520035,1.145650432912243,6.968627451859505,1.5604649912194986,10.8742991754779
218.05803265872302,301.04137879884365,298.35781254547135,8.091027894523387,0.7494675730911633,6.249161720136074,1.4006298128524661,8.752762210558984
218.6585466145753,300.97489608813635,298.34572135304296,4.942050491836337,0.016964792042207577,4.66954980536829,1.0482140236832915,4.894687590274627
219.2590605704276,300.6653039438385,298.33335620953875,1.5145007764377703,-0.16493605823699542,2.4191945668567083,0.5455816205749461,1.3198680922717876
219.85957452627989,300.2460494243992,298.32262506046044,-0.9935350818658604,0.9976790234128471,-0.17044734041264306,-0.03300584431307298,0.005625758381237049
220.4600884821322,299.8615741194604,298.31638110223764,-1.995318861004209,3.5693207168737953,-2.6837342624057756,-0.5944863017693756,1.5954432565893724
221.06060243798447,299.6141526105439,298.31663163652695,-1.7370635351867132,7.079317163710892,-4.917092906497939,-1.093199262733277,5.375362340174573
221.66111639383678,299.5102793597762,298.3232310690261,-0.9716783852100648,10.05739419442241,-6.4036300082425734,-1.4250041091277956,9.125199075079728
222.26163034968906,299.4846199557522,298.3337436170752,-0.5342425180543456,11.381040314507832,-6.994208368355177,-1.55680499305315,10.888618510309465
222.86214430554134,299.4501926088571,298.34394268598425,-0.8008621482881833,10.463090900702475,-6.601604940452045,-1.4693654179077251,9.700170002189022
223.46265826139364,299.3614219214901,298.3496648369353,-1.4733043298435842,7.647555672584935,-5.279425395556002,-1.174747937162671,6.2019940928336315
224.06317221724592,299.24874946224816,298.3487969280525,-1.7614245398742256,4.016206189239299,-3.19546535672102,-0.71028844951526,2.2697021337051004
224.66368617309823,299.20181743985273,298.3412372927556,-0.8606475635042523,0.9569516522347583,-0.6722234355940481,-0.1476748059369946,0.09927046539765084
225.2642001289505,299.32391074344616,298.3294641438486,1.4741413429302455,-0.6310456678787567,1.9269441828477953,0.43232216010798613,0.833060671536277
225.8647140848028,299.6547662273708,298.31692357453596,4.804773654491207,-0.6644424807416676,4.2853466787776116,0.959170687577237,4.110378920389951
226.4652280406551,300.14871868254494,298.30613976437655,7.96187103256249,0.2267793571491078,6.02731093866893,1.3489653095675975,8.1306333662417
227.06574199650737,300.6773389589635,298.2978646506281,9.718136465113512,1.0732939120443807,6.9145939688053435,1.5482384830836302,10.705440477402403
227.66625595235968,301.0648057131605,298.2910911899325,9.352501421629338,1.19074448000715,6.827241497555066,1.5297838342835122,10.444203675709296
228.26676990821196,301.1892283907221,298.28420113401705,6.98441044981386,0.581860992935693,5.773897951919107,1.2952161477507245,7.478445862790464
228.86728386406426,301.0271654410763,298.27637071103874,3.5869526338129116,-0.06701680261483633,3.924726445469692,0.8824251668367455,3.4632773884321804
229.46779781991654,300.6589934571782,298.2684706866226,0.3814089555491982,0.16074577202954,1.5173941208983277,0.3446207209241419,0.5229254558700362
230.06831177576885,300.23436081314054,298.2629137270495,-1.6142755543418044,1.8671787999834113,-1.0994822255318073,-0.24006784674306578,0.2639503304156948
230.66882573162113,299.8908832078853,298.2623896716095,-2.111008383755554,4.901415278219782,-3.565794011115979,-0.7909804126769582,2.820473218433543
231.2693396874734,299.6958855977309,298.26839130409087,-1.5692287549687036,8.301466362505368,-5.519322972113101,-1.2271661989616072,6.773126592529515
231.8698536433257,299.628085579191,298.2799737627017,-0.8347765656035955,10.82944776557936,-6.718118353288967,-1.4947199395858084,10.041705459158395
232.47036759917802,299.60721423490264,298.2938876384797,-0.6343492593783367,11.383810293555028,-6.96569089439697,-1.5500224073893243,10.796976969263087
233.0708815550303,299.5547887143467,298.3057895315074,-1.0940666110823467,9.76129261998196,-6.255984660683625,-1.3919160142447788,8.707805234075227
233.67139551088258,299.45016127437356,298.3120335293839,-1.7362407693949926,6.526550614929669,-4.654574983632747,-1.0350691723005427,4.81780707571956
234.27190946673488,299.3471421155211,298.31111043639225,-1.6942328126797346,2.9399155253674985,-2.381551455454906,-0.528420772519493,1.2584612598864047
234.87242342258716,299.3463772035001,298.3040661190386,-0.3078840633632848,0.31836270196140315,0.19860251698021272,0.04700382593970282,0.009335078139324793
235.47293737843944,299.53829856807437,298.2938809285803,2.446245380578344,-0.7255150820781742,2.7559618710062486,0.6178546099309976,1.702783746795268
236.07345133429175,299.9372614789867,298.2838037524513,5.845298782749547,-0.353011823317243,4.933687826554262,1.104580747362536,5.449656586708753
236.67396529014405,300.46493909077714,298.27584519873915,8.652011185290185,0.6248623095604231,6.411331759754858,1.4355088857957465,9.20352371091258
237.27447924599633,300.96062415387104,298.27007145172547,9.777900339331707,1.281929149603232,6.995126562688885,1.567007963121055,10.961419026773095
237.8749932018486,301.2662876708409,298.2651257111551,8.703506446856988,1.1210247829393567,6.584772777036559,1.47630210623612,9.721113919825337
238.47550715770092,301.28934697987154,298.25953468041695,5.867494260776018,0.39756723205190014,5.247252444819094,1.1780920580336802,6.181746431739186
239.0760211135532,301.05427280016926,298.25299881025796,2.3643176931959444,-0.06002449112042241,3.1654296492654455,0.7132233833351758,2.25765844415858
239.67653506940547,300.647214175149,298.2469657371742,-0.5284959466241238,0.631397714757146,0.6374012250130865,0.14839604993131114,0.09458782401332087
240.27704902525778,300.2333870398393,298.24412549865826,-2.002175296317532,2.8202534983758976,-1.9501390012255049,-0.4297291243508022,0.8380315253589842
240.8775629811101,299.9342788286034,298.2469655249191,-2.0696992147565383,6.148254377641689,-4.306044338024884,-0.9559128750535538,4.116203223269443
241.47807693696237,299.78702109478047,298.2562545193724,-1.3525269623212526,9.430785502623575,-6.045378924570675,-1.3442148021405196,8.126287834956237
242.07859089281465,299.7434110844872,298.27012718423157,-0.7465444320602195,11.345718556729517,-6.919788937597204,-1.5393693419980157,10.652110943634156
242.67910484866695,299.7183842840634,298.2848817242882,-0.8022456464077028,11.098735213756138,-6.819942167124867,-1.517205739653248,10.347255400065059
243.27961880451923,299.64564714298405,298.296136340148,-1.414332618352014,8.772792991551151,-5.767812802966564,-1.2827856678504674,7.3988675984899395
243.88013276037154,299.5310422197059,298.3008391347518,-1.908586029464451,5.266199968657215,-3.9017073039036383,-0.8669301352294646,3.3825076405989707
244.48064671622382,299.4503820335243,298.29837539359875,-1.4362786479904768,1.919995865410232,-1.4929376234723637,-0.32994635471272893,0.49258932667819105
245.08116067207612,299.50807070782434,298.2906484788532,0.43501208180534645,-0.16178075414496496,1.0855891198029304,0.24526926574154512,0.266261646311075
245.6816746279284,299.7705203303322,298.280915401882,3.573922201368944,-0.6679160170667262,3.5837323884419297,0.8030964734777145,2.8780828430455805
246.28218858378068,300.22661020413307,298.27211280739726,6.904273484271288,0.026897982924373176,5.540708939810305,1.2407379604190576,6.874567909255877
246.882702539633,300.76124076980295,298.26561856347337,9.208754657132394,0.9783846378155656,6.714991557234847,1.5040268228659237,10.099527417399429
247.48321649548527,301.2091923829296,298.2609267175084,9.606502772700804,1.3805880018199435,6.967422650076743,1.5615003835399102,10.879633140379491
248.08373045133757,301.42575384786306,298.25647119366994,7.848815315155618,0.9659572712699684,6.2314999644315785,1.3979551975485849,8.711357763800947
248.68424440718985,301.3495532117887,298.2510320187305,4.655835000085381,0.221823712159114,4.622502223971396,1.0389433764073521,4.802518068023336
249.28475836304216,301.032404017278,298.2449115555499,1.2469596636057958,0.05505750205467552,2.36751356727038,0.535241737960168,1.2671920763900755
249.88527231889444,300.60988522990004,298.2400936559044,-1.2321101390850688,1.2392963053308608,-0.2215255436978208,-0.04323518202339979,0.009577697204607888
250.48578627474672,300.2262643587742,298.23941523346116,-2.2160191696412763,3.8961206271213467,-2.7795547829694778,-0.6147060261447017,1.7086090750906664
251.08630023059902,299.97930933426994,298.24485832033076,-1.9324755368901956,7.333089287415571,-4.9514074692670365,-1.099714650632737,5.445135335205324
251.6868141864513,299.8750346592214,298.2563443404153,-1.160301623099627,10.304920867387237,-6.43184642003235,-1.43017329245629,9.198654971110868
252.2873281423036,299.8468414571678,298.2713200272361,-0.7383116311765846,11.564837043513556,-6.9951248725144906,-1.5559041492259755,10.88374381349912
252.8878420981559,299.8096530958816,298.2856704268374,-1.0220148466017327,10.575413380365967,-6.57174631529802,-1.4616193066345615,9.605391292744127
253.4883560540082,299.718833752944,298.2952994686691,-1.6905142678213474,7.715723380906117,-5.222742337063537,-1.1610351252942235,6.06378730369201
254.08887000986047,299.60403401121107,298.2978328560458,-1.94513138317562,4.102348307803615,-3.133028299623454,-0.695306809710091,2.178415911742615
254.68938396571275,299.5578153874437,298.293675271205,-0.9981535342290824,1.0731981910691195,-0.6022661203689723,-0.1310230475405881,0.07891074252118942
255.28989792156506,299.6805957209837,298.285145591304,1.3485587222730513,-0.46291906252551795,1.9683858029063614,0.4426078898921843,0.8712230867181177
255.89041187741734,300.0197663156048,298.27569401934835,4.7347298351081255,-0.4659000769118623,4.3445920071711495,0.9734404805291363,4.229201731163728
256.4909258332696,300.51699380409445,298.26784339844136,7.868120605209283,0.4368499887000685,6.0630844277953315,1.3580014635269444,8.233677526433487
257.0914397891219,301.0411653837656,298.2623148807654,9.568321218662602,1.2654737348064657,6.921248331923425,1.5507619617387736,10.733208640894786
257.6919537449742,301.42289776484796,298.2580895363262,9.160972378589406,1.3641747529194648,6.814496644975305,1.5279594757342636,10.412274721049366
258.2924677008265,301.5426904494866,298.2535762431038,6.826093483943186,0.7611439399013973,5.775245510009066,1.2965163453518456,7.48770020214661
258.8929816566788,301.3729797607923,298.2479543692079,3.3682949464608916,0.10140886140302285,3.8897352654161663,0.8755956948666598,3.4058354525694194
259.4934956125311,301.00039117834245,298.2421433171139,0.17080347760860004,0.34609861768597006,1.4742344106284093,0.3359526270901414,0.4952729231973004
260.0940095683834,300.5754747931924,298.23854880183814,-1.8041262913123377,2.0754253898826924,-1.1439527176718534,-0.24903410837881304,0.28488324507293006
260.69452352423565,300.230998067961,298.23994682641217,-2.280080403550975,5.067928452300467,-3.570525075374731,-0.7910918625692751,2.8246133322284974
261.29503748008796,300.0354200715626,298.2477413794874,-1.7257309352940209,8.524997325684769,-5.552916027386278,-1.2337204293490305,6.8507459454461115
261.89555143594026,299.96611770977074,298.2609396910123,-0.9986698523930375,11.00978809866809,-6.729877882373828,-1.496413122428218,10.070677575523623
262.4960653917925,299.94354190228023,298.276349306192,-0.8002004874365543,11.552078286797625,-6.9726687072960525,-1.5506575339229935,10.812221262517724
263.0965793476448,299.8879475669604,298.2895509501937,-1.2811173433428795,9.843532662801286,-6.224295530931111,-1.383939534714728,8.614048661003764
263.6970933034971,299.78062577517306,298.2969480601657,-1.9110566973647427,6.592685027348636,-4.607751085441801,-1.0237274543530375,4.71708128899178
264.29760725934943,299.6772841612145,298.2970508889308,-1.843289044250064,3.043984140968359,-2.344513882965942,-0.5192650433159669,1.2174241029931958
264.89812121520174,299.6791942105859,298.29107505721976,-0.4346393542908452,0.44930458076190094,0.2322634193720157,0.05541069454326728,0.01286987738439755
265.498635171054,299.87371323839506,298.28195378645285,2.362547084428143,-0.5743795483136978,2.80379513311431,0.6294260929823792,1.7647818161591498
266.0991491269063,300.27640402181896,298.2729298695425,5.790262736167558,-0.1748719643449348,4.9828724276525636,1.1164605580685054,5.56318053136115
266.69966308275855,300.8012684722196,298.26596839156815,8.585345373453706,0.8091991621959205,6.446051080394738,1.444152831780633,9.309082921554669
267.30017703861085,301.29289719011337,298.2611151562246,9.640913352973717,1.442680234904574,6.99671934793393,1.568251302815337,10.972614232830662
267.90069099446316,301.5943498786684,298.25702228247746,8.538745047556638,1.2699012025937553,6.573525327486506,1.4746687253428923,9.693772215693745
268.50120495031547,301.6120252310144,298.25219756458563,5.6269455883997415,0.5296865348513669,5.195416256147951,1.1673908472441306,6.065081385050485
269.1017189061678,301.36056644252903,298.2463815830502,2.1275951489954243,0.08777072521170326,3.097326738392947,0.6988499612705807,2.164566671168245
269.70223286202,300.95270192644205,298.24106334635854,-0.7148266891647646,0.8042345439776246,0.5859007434030649,0.13772122980756096,0.0806909709266343
270.30274681787233,300.54031256201336,298.2389661995425,-2.1788848078606105,3.0780925924449267,-2.0483375762945952,-0.45081642515265336,0.9234242236509798
270.9032607737246,300.2432977361511,298.2424869752158,-2.2050766563966104,6.402361805589778,-4.3733363870998145,-0.970103937548541,4.24259084934984
271.5037747295769,300.09647609195537,298.2523808727223,-1.4887466393389954,9.619329412835581,-6.070327249416672,-1.3489630968524742,8.188647445281076
272.1042886854292,300.0530828786397,298.266847247561,-0.8932699132799922,11.495215096478177,-6.926171152573044,-1.5399781311392107,10.666152107489749
272.7048026412815,300.02579212247747,298.28205284633594,-0.9605213816454103,11.20685308749001,-6.808805445839409,-1.5139146421503438,10.307950260009282
273.3053165971338,299.95002895332715,298.2936054185916,-1.5744013160304418,8.851218504726305,-5.741233279218977,-1.2760592738179872,7.326153969099829
273.90583055298606,299.8340818334209,298.298583786606,-2.054162687147363,5.350820565718036,-3.8716729350997596,-0.8594374759494181,3.3274608150438127
274.50634450883837,299.7541908658578,298.29639227282314,-1.5585264014488998,2.0142197034230755,-1.4550026870903638,-0.3206904714671751,0.46660549770901544
275.1068584646906,299.8130842396811,298.28900976914844,0.32047889715818934,-0.03424328526646636,1.1062673859749104,0.2506789237701418,0.2773179177181986
275.7073724205429,300.0819514996145,298.2796297208364,3.478530577110755,-0.5239339543074276,3.608316721382865,0.8093930202815103,2.920546369252354
276.30788637639523,300.5406509188823,298.27120805404854,6.821020956594445,0.1840587382926442,5.564843740511899,1.246940056113075,6.939026566054401
276.90840033224754,301.07404790976307,298.2650822550046,9.10595321028976,1.132996599880325,6.726675330627796,1.507448006163578,10.140113315264598
277.50891428809985,301.51776571319806,298.2607170381535,9.47007467397545,1.521674041634056,6.963509387280647,1.5614313531383228,10.873041885173034
278.1094282439521,301.72611728785694,298.256521599732,7.6752274888137935,1.0917475359834945,6.209179655551435,1.393759108833486,8.65410070330838
278.7099421998044,301.6428260825726,298.25130988747776,4.455229080217831,0.3459715920910238,4.580581425506804,1.0303570739870946,4.719634474744825
279.31045615565665,301.31964885396025,298.2454286897698,1.0511979194741576,0.19873573719342263,2.313686316786881,0.5239838281306071,1.2123342133633943
279.91097011150896,300.8932431345463,298.240910017198,-1.4116116092465116,1.4251342169480485,-0.2931616028346732,-0.05847558573916516,0.017142796441990016
280.51148406736127,300.51128627281196,298.2405082946248,-2.357038635603854,4.1042997159707735,-2.838853288508871,-0.6271913824258707,1.7805043185241078
281.1119980232136,300.26553976578026,298.24629414115526,-2.047267923398704,7.574895523502889,-5.013927801119,-1.1129162632027327,5.580081792389652
281.7125119790659,300.16243495544,298.2580939897695,-1.2785104131216962,10.494410419089181,-6.4617583563912815,-1.4361005761268633,9.279734898406092
282.31302593491813,300.13351926280495,298.2732877339106,-0.8749537787247345,11.691780961837464,-6.996990031096055,-1.5555790807376646,10.884371320503003
282.91353989077044,300.0937192497745,298.287719999192,-1.1754779040591945,10.640045142528313,-6.54618545652809,-1.4551848862284043,9.525910138787864
283.51405384662274,299.9997395178004,298.29731634030577,-1.8414147170342836,7.743047711614647,-5.1740482065628255,-1.1494498217059774,5.947308788531772
284.114567802475,299.88415513252824,298.2998145782588,-2.068284072590377,4.128501018238271,-3.0671734098833157,-0.679896381944499,2.085360104176038
284.7150817583273,299.8399361356112,298.2955898924774,-1.0969514502470843,1.1602523780169398,-0.559881771807573,-0.12084147987102009,0.0676569418580359
285.3155957141796,299.967843726751,298.2871069251214,1.3557099251030635,-0.36780115298038385,2.0753141547413354,0.46719684207940176,0.9695802194178348
285.9161096700319,300.30739395130144,298.2777773956618,4.680182190663343,-0.3268805503584229,4.3826727239305425,0.9826761754456642,4.306748070582097
286.51662362588416,300.8068996892404,298.27008534621433,7.7343790758077455,0.5666605413122701,6.056607994193172,1.3573058451076387,8.220669432044044
287.1171375817365,301.3290353067487,298.2647003171939,9.462493257254891,1.4026063315787063,6.926317237724234,1.5526354332618186,10.75404556530277
287.7176515375888,301.7054024942678,298.2605807113613,9.021628181973684,1.4870200406841032,6.804212686497078,1.5263948173359794,10.385914980720862
288.31816549344103,301.8171942749777,298.25612858461625,6.692095681697412,0.8821579630643532,5.765497298304443,1.2950501821386435,7.466608326289027
288.91867944929334,301.64061509783653,298.250561312372,3.191066339097853,0.2193042461525303,3.851232751620069,0.8676989253487808,3.3417105198487618
289.51919340514564,301.26264306370575,298.2448475359557,0.011553992965043891,0.4814022715081697,1.434027882549787,0.32766157513534283,0.4698758347842636
290.11970736099795,300.8379917946158,298.2413519624536,-1.887561843095099,2.1262582049816006,-1.0801327644017076,-0.23412545494155482,0.252886574862829
290.7202213168502,300.49414754003925,298.2429789973969,-2.400636400557931,5.28036037679186,-3.6328715854162725,-0.8043189389519545,2.921987418930721
291.3207352727025,300.2998098997319,298.25091753863217,-1.837875128469563,8.694226176341246,-5.580622370063452,-1.2392194394765232,6.915615725360177
291.9212492285548,300.23126822681485,298.264284951509,-1.1157227266660121,11.153173365730478,-6.743269299533034,-1.4987181762371873,10.106260266472363
292.52176318440706,300.20658215054533,298.2797302801562,-0.9346671171730507,11.638073972794901,-6.961547890742955,-1.5475016227846483,10.773006658017769
293.12227714025937,300.14904870809437,298.29291564026295,-1.42412596787379,9.886543698381512,-6.1925214371525446,-1.3761826758333977,8.522040721536266
293.7227910961117,300.0395857397653,298.3002055314187,-2.0442189657729553,6.610929105153131,-4.555647763016425,-1.0114422040747577,4.607774414413572
294.323305051964,299.9354961421568,298.30023059979084,-1.9430750026387376,3.0721508962576056,-2.2787189696276116,-0.5039281326826445,1.148310595272962
294.92381900781623,299.94031309568436,298.2941680525769,-0.46524688009853515,0.49430447324814564,0.33227476257108507,0.07838611043099192,0.026045726232328693
295.52433296366854,300.1391211231464,298.2850425652255,2.368173723596609,-0.46629676893062677,2.887852288481061,0.6488546893283573,1.8737964994685645
296.12484691952085,300.54365556335745,298.2760708587177,5.768827041116073,-0.03661075827792515,5.030181658781227,1.127698546867124,5.672528547085248
296.7253608753731,301.07020269629714,298.2691912050623,8.53859415793757,0.9519174790899789,6.474469329695602,1.4511820498894497,9.395633673814036
297.3258748312254,301.55977978646314,298.2644070438505,9.535411171771973,1.5667140213556083,6.998,1.5692229603734194,10.98142227669319
297.9263887870777,301.85496963312494,298.26034058500494,8.354024819896447,1.3656103496671974,6.538865596023423,1.4676088356632426,9.596496923938371
298.52690274293,301.86371905965706,298.25550725854254,5.429792542798822,0.626098131047832,5.147909248477068,1.1574426367137225,5.9584096541202545
299.12741669878227,301.6071044017413,298.2496861475158,1.933495600695362,0.20387768557764674,3.0371013228260137,0.6860519725988905,2.0836093535074864
299.7279306546346,301.193495944723,298.2444368684237,-0.8836834103717282,0.9556922241951818,0.5168684477357631,0.12294406169474179,0.06354590632649108
300.3284446104869,300.7819254918359,298.2424334886797,-2.300220976290526,3.2286090455182324,-2.0848363608378553,-0.4583363052404852,0.9555561946574416
300.92895856633913,300.48612159778105,298.2461190375836,-2.3130635613410844,6.550771669279638,-4.398368026841829,-0.9750637707294555,4.288689313308269
301.52947252219144,300.3409074960477,298.25615454226045,-1.594164150265208,9.761594933178765,-6.088209667244407,-1.3523247441289583,8.233236580459744
302.12998647804375,300.2969365992683,298.2706589236336,-1.0074188634887844,11.605444430273002,-6.929100954451451,-1.5400067509646345,10.670862247970726
302.73050043389605,300.2673602716905,298.2857981209838,-1.0827065961034967,11.287370624385476,-6.799174764466224,-1.511147884988233,10.274558564988501
303.3310143897483,300.19078408545846,298.29735319197505,-1.6984516968686871,8.909798754382132,-5.719630159675908,-1.270624628119958,7.267502944621897
303.9315283456006,300.07333285892355,298.3022367968845,-2.1671628147281776,5.397812428371787,-3.837114685232134,-0.8511173340192753,3.2658348212209845
304.5320423014529,299.99307922148705,298.2999452592558,-1.648084134870192,2.0771637895871082,-1.416762476094463,-0.31154988739848805,0.44139218989763307
305.13255625730517,300.05523159809314,298.29246896829284,0.3077435858802705,0.027596533020741276,1.195429791019479,0.2711845529465377,0.32418209345659044
305.7330702131575,300.32987136237494,298.2830642907135,3.4462807975391927,-0.4102077363959564,3.6538861642941254,0.8201919341945225,2.9968879604190035
306.3335841690098,300.79132072514665,298.2746764045719,6.731969441329343,0.30189646523336977,5.572023450207874,1.2491846242802327,6.960486020128569
306.9340981248621,301.32511335776326,298.2686020005188,9.063046774053596,1.2673434069822078,6.75253430500517,1.5138591918956912,10.222386126223059
307.53461208071434,301.76282416698854,298.26424570507686,9.350272298744967,1.6275655587788527,6.954841229861025,1.5601268767808918,10.850434726450057
308.13512603656665,301.96469749792016,298.2600331156909,7.5188019084984274,1.184390237581168,6.182219763983251,1.3883585188189085,8.583137474536768
308.73563999241895,301.8732856953349,298.25478346036886,4.264979906343845,0.43757992839885484,4.52870318830097,1.0193783283532127,4.616461885698107
309.3361539482712,301.54555922205094,298.2488894270952,0.8643531549446821,0.3177692307983837,2.244690083950132,0.5091757373900399,1.1429417287074188
309.9366679041235,301.11678599367696,298.24439453352437,-1.5528481072019626,1.5730698118782969,-0.3518733659277071,-0.07099632840171763,0.024981717043221253
310.5371818599758,300.73380697144694,298.2441315128381,-2.470295786549043,4.3145439288057865,-2.919326993572462,-0.64456834564371,1.8817057706400275
311.1376958158281,300.49046927216915,298.2500201519017,-2.1396008225022145,7.743086000471301,-5.051848213983442,-1.1207972809156663,5.662097741831308
311.7382097716804,300.3877398716813,298.2618661889493,-1.3701043046737467,10.641653660659477,-6.485018331131398,-1.440711266535902,9.343038973352858
312.3387237275327,300.35799526359625,298.27706320349625,-0.9798753758693225,11.793357875240753,-6.999778947624798,-1.5556266220052586,10.889042479077089
312.939237683385,300.3156530396929,298.2913887251195,-1.2947243178280061,10.6882436360895,-6.525511080540807,-1.450006143676024,9.46203115741014
313.53975163923724,300.2197982530764,298.30084274652376,-1.950174724407717,7.806959827405066,-5.158258086613326,-1.1453648422993512,5.908087459913226
314.14026559508955,300.103391461933,298.3031046358035,-2.164690792532392,4.170050029405735,-3.0302195157750846,-0.6710931280273232,2.0335594934509422
314.74077955094185,300.06123195268,298.2986966832004,-1.1524837745993086,1.200619758084493,-0.4955588028860243,-0.10592872519009754,0.05249391224644738
315.34129350679416,300.1913283464119,298.2901794893134,1.2827588295079138,-0.2734893958370549,2.0940941573378815,0.4719587025000297,0.9883259614100796
315.9418074626464,300.5387278737663,298.2808601812632,4.633695775528455,-0.2158841902872335,4.411295908204073,0.9896535977882489,4.365654866462742
316.5423214184987,301.0374450142438,298.27320735390043,7.716704539505724,0.6932802081857821,6.092535017216274,1.3659099649181679,8.32185429162859
317.142835374351,301.55645493029317,298.2678508828293,9.360921837124081,1.504181644315652,6.92239588302739,1.552344631305269,10.745944084787265
317.7433493302033,301.9274577925087,298.26373140347846,8.917002772113975,1.5844318504103452,6.798027939255388,1.5255852868702233,10.370971403860725
318.3438632860556,302.0319042857143,298.2592491792299,6.477279729920168,0.9490218167684628,5.7045985977995555,1.282019681358257,7.313407676627746
318.9443772419079,301.8488240921706,298.25365838801247,3.103376187419383,0.3133756117159774,3.8513050494848606,0.8682488995632677,3.3438913710976865
319.5448911977602,301.46824295787945,298.24794809173244,-0.11432271667332361,0.5879233695236974,1.401019280438564,0.32082727392991944,0.44948519646636176
320.14540515361244,301.04166217338,298.2445481001492,-2.056808465776365,2.3660973749768957,-1.2267316245896485,-0.2662971477497474,0.32667513268263726
320.74591910946475,300.6990906702533,298.2462410262013,-2.4936468059164607,5.444966096223244,-3.6808019334871385,-0.8144831153189747,2.99795102565871
321.34643306531706,300.50685108050595,298.254357237759,-1.9331493297470863,8.791452229963175,-5.584978505151585,-1.239660995286296,6.923480012348784
321.9469470211693,300.4385657986866,298.26777299275483,-1.2023685488616183,11.279032980977405,-6.759931401279745,-1.5019035828923195,10.152765191688347
322.5474609770216,300.41253190660257,298.28318855082387,-1.0406848546556289,11.70157532286088,-6.951321660550265,-1.5446940084552767,10.73766491989738
323.1479749328739,300.35198431687525,298.2962300817835,-1.5326767065920515,9.927364287674521,-6.171317424880115,-1.370934342446658,8.460470995907624
323.74848888872623,300.2421916840806,298.30344290357243,-2.15105525602139,6.596995350280249,-4.498903999722605,-0.9982686964371439,4.491115031198937
324.34900284457854,300.1381689726243,298.3033211104887,-2.014933214315148,3.0713081106453552,-2.2085728888439276,-0.4877651757291189,1.077264943237526
324.9495168004308,300.14435698581303,298.29714898967165,-0.5030300184354185,0.5432185151169123,0.39230716553049333,0.09229743796195136,0.036208946272579694
325.5500307562831,300.3451181004626,298.2879970524024,2.3749019462695484,-0.38156821687920384,2.953692374830334,0.6640663588033644,1.9614477403788422
326.15054471213534,300.7558622270986,298.2790413584342,5.785943052057333,0.0796607293579421,5.085169937243995,1.1405062409819688,5.799668049880663
326.75105866798765,301.28075539594806,298.27218637404025,8.482664312611526,1.0575999302073344,6.487915737177938,1.4547209916327215,9.43810721481703
327.35157262383996,301.768304948565,298.267424401173,9.45417876402433,1.6637504890833172,6.999425846470461,1.570075824105274,10.989629304160864
327.95208657969226,302.05717688739065,298.2633361522389,8.228083367609957,1.4450314325002585,6.519564350531518,1.463822898315305,9.543487583348186
328.55260053554457,302.06227815109884,298.25848298173224,5.369955330647107,0.7208848043675864,5.159505139523085,1.1605377234588945,5.987800348796587
329.1531144913968,301.7976479070523,298.2526431296238,1.8078779308419177,0.29233435796677765,3.006794765954904,0.6797814489794893,2.0439633027847695
329.7536284472491,301.3837742914269,298.24739269741286,-1.0091096486625624,1.070573774920783,0.4703965245655025,0.11306776174392062,0.05318668216474054
330.3541424031014,300.9707095049227,298.2454815962362,-2.3841430904547494,3.305693319587408,-2.0805685899067075,-0.456901115898932,0.9506141104326421
330.9546563589537,300.67638597313396,298.2492819930234,-2.395972056284363,6.680367702038363,-4.4255936123877175,-0.9806484598331546,4.3399515598354625
331.555170314806,300.53202900911,298.2593845891817,-1.6724546520842476,9.8875618556296,-6.109138526246135,-1.356503124159171,8.287065496774035
332.1556842706583,300.48719102022335,298.27386877082046,-1.0945355874194613,11.696945887596822,-6.933803239602479,-1.540568595941417,10.681999521368441
332.7561982265106,300.45640061047277,298.2889674295259,-1.1783272071466904,11.34983385348447,-6.791431967942259,-1.5089373675633115,10.247845475692113
333.35671218236286,300.3778928043308,298.30038683446503,-1.7977659075705816,8.942393390295729,-5.696488021053214,-1.2649845293475015,7.20596921824568
333.95722613821516,300.25855852160703,298.3050317797213,-2.2531269829299374,5.4664336456805245,-3.8300816301475096,-0.8490740525671093,3.2520229313721862
334.5577400940674,300.18010990799615,298.30256800896046,-1.7096624554569027,2.10804478822929,-1.36946211970025,-0.300521322130525,0.4115525668199904
335.1582540499197,300.2463627612925,298.29499523452864,0.29137485511514927,0.08133429480844367,1.2586549037143901,0.2857754717702955,0.3596926989049757
335.758768005772,300.52158304085293,298.2855794264537,3.399415319132849,-0.3225424124683427,3.6752866677449436,0.8254569552194384,3.033790942315337
336.35928196162433,300.98610647223893,298.27722694172843,6.787159664264297,0.42289390577488395,5.638562803759783,1.2645241111071501,7.130098617346179
336.95979591747664,301.51620615978453,298.27117425829107,9.025614973094392,1.3682016758002638,6.770098736881171,1.5182669590887627,10.278817221975249
337.5603098733289,301.95207121707506,298.2668363758785,9.256854224247977,1.7091297360882576,6.947787871420169,1.5590397011877564,10.831877126974819
338.1608238291812,302.1480022557863,298.26261104889005,7.355370884847908,1.2436313020186478,6.141554248651407,1.3797599573429622,8.473870628138753
338.76133778503345,302.0561372190166,298.25736316834485,4.082665033409979,0.5066361899714231,4.469917990954047,1.006737655319154,4.5000347576819815
339.36185174088575,301.7247610490455,298.25146446252154,0.7032430632455986,0.415912245681209,2.1794524385093124,0.4950865965945615,1.0790176902212933
339.96236569673806,301.293044633901,298.24701556158516,-1.692429999694298,1.725551577255016,-0.43911480847787937,-0.09000038524252811,0.03952050192870809
340.56287965259037,300.9109224996119,298.246789058971,-2.559955858137341,4.486561281464059,-2.985893403011801,-0.6589594631034937,1.9675827137329203
341.1633936084427,300.667891199571,298.2527843772179,-2.207602490954459,7.902135716046373,-5.0954679136060586,-1.1300704606088554,5.758237772146442
341.7639075642949,300.56501671586824,298.2646955022671,-1.438319079548337,10.770601598595578,-6.509157836839664,-1.445640653916056,9.409903191691713
342.36442152014723,300.5346767447199,298.2799149592602,-1.066405873054902,11.861615744115301,-6.996938069728045,-1.5545406371347639,10.87702456490752
342.9649354759995,300.49030465920816,298.2941767341581,-1.3893124187133827,10.723607112920739,-6.508029936357079,-1.4456603042260359,9.408400537706124
343.5654494318518,300.39148821697444,298.30342352305223,-2.0407411131559936,7.826479545577173,-5.130043323551563,-1.1386324337523812,5.841233714750671
344.1659633877041,300.27539946311583,298.30558862039646,-2.241826922987516,4.224476078706696,-3.016163034733378,-0.6675171228090482,2.013340470868232
344.7664773435564,300.23502750958403,298.30105523108,-1.229831472431212,1.2773489109979677,-0.49558947661812197,-0.10548936167597256,0.052279417541775015
345.3669912994087,300.3690153204565,298.29247535446814,1.2656572092979528,-0.2079911635994809,2.1414367071763687,0.482973209096797,1.0342565585426486
345.96750525526096,300.7196145429517,298.2831686669365,4.618802596721582,-0.12625530928831208,4.445661736683828,0.9977824200216047,4.4358031262258395
346.56801921111327,301.2202538091041,298.2755629957302,7.663284784390579,0.783045867676474,6.102634228534369,1.3686318925510863,8.352259833746032
347.1685331669655,301.738696456183,298.2702579131222,9.326547333063658,1.6012886131403208,6.939371795464077,1.5565985434916203,10.801816029566213
347.7690471228178,302.1040120018248,298.26615499901874,8.817946140223484,1.6567994840785716,6.78625740387265,1.5234135176271597,10.33827626315699
348.36956107867013,302.2016433514937,298.2616434569442,6.366534925931957,1.0166328910282487,5.684890063122175,1.278059972249887,7.265630436317586
348.97007503452244,302.01390015073275,298.25603375738734,2.904191451235692,0.3814116855370535,3.7726070745102014,0.851121682453248,3.210947680492149
349.57058899037474,301.6291024402601,298.2503333311031,-0.25275030489329064,0.6884080876690464,1.3386691432759146,0.30733483926649197,0.4114196659797157
350.171102946227,301.19935896079926,298.24704966649455,-2.149998404938964,2.481378367812968,-1.2707888831036425,-0.2757185644012564,0.35038008650641234
350.7716169020793,300.85925137168385,298.2488367977004,-2.564907340989165,5.616153157257889,-3.7446361971704327,-0.8283088964029789,3.1017154759088887
351.37213085793155,300.66904911486444,298.2570745984756,-1.9743551285641285,9.01297182742733,-5.660199129819254,-1.2560210983936226,7.109329528162207
351.97264481378386,300.6011195836986,298.27055342792664,-1.26847741794519,11.383401858062715,-6.775479315065736,-1.5049551252514646,10.196792321243462
352.57315876963617,300.5740613258125,298.28594413802995,-1.1251332225049924,11.747263959304611,-6.941522825151985,-1.5420954940094844,10.704491070230862
353.1736727254885,300.5122983931445,298.2989219487941,-1.6366414954942547,9.892098016783184,-6.12298701885709,-1.3597457785733964,8.325705751150634
353.7741866813408,300.3999460867211,298.30590526897726,-2.235335194089686,6.572537030424004,-4.4466855543142385,-0.9862191134757687,4.385406285281295
354.37470063719303,300.29632006215627,298.3056137416397,-2.062453366904673,3.040258716276399,-2.1288060374378497,-0.4695704618345936,0.9996244341559622
354.97521459304534,300.3074067379986,298.2992936524078,-0.5004618242654908,0.5588117080706926,0.4764906934309311,0.11149026379239976,0.05312407310523799
355.5757285488976,300.51121220951995,298.2900903366875,2.38653091713416,-0.31274020417598614,3.0105642268448376,0.6771763792303198,2.0386829825751143
356.1762425047499,300.9234669273993,298.2811658219745,5.766852128238027,0.1657432329219961,5.11147913288108,1.1468042377656382,5.861865930838652
356.7767564606022,301.45167801452,298.27437096217875,8.481561723980873,1.157057552847317,6.518592766346187,1.4620015518695781,9.530192740403931
357.3772704164545,301.93374232305825,298.2696291988016,9.380834599260895,1.7378576725849795,6.996813378647861,1.5699180596790852,10.984423683343515
357.9777843723068,302.2162673453502,298.26553185121,8.151193505482123,1.514420396723543,6.5142669000577005,1.4630498518352826,9.530697222944903
358.57829832815906,302.2143907502069,298.260650214125,5.174451320935092,0.764434190509901,5.091283006539138,1.1457135581754818,5.833151969100321
359.17881228401137,301.9452015454955,298.25479092305403,1.7723948849747142,0.3569483532508446,3.025464052774487,0.6843233974502405,2.0703958394582105
359.7793262398636,301.52773856668404,298.2495787258401,-1.106501636676817,1.1598677072553367,0.4321645541006716,0.10491054015273332,0.045338616805566605
360.37984019571593,301.11615311917984,298.2477246742204,-2.476456395980275,3.472901284915401,-2.164069226187849,-0.47515014323977023,1.028257802803935
360.98035415156824,300.82384834382924,298.2516207152551,-2.4571854248690848,6.807066128303219,-4.461506475127723,-0.9882797827389397,4.409216649927599
361.58086810742054,300.6816442302326,298.26187419516833,-1.7380742789154808,9.970108228811958,-6.117965584977841,-1.3580887461201834,8.30874021010899
362.18138206327285,300.6372507508696,298.2764289594446,-1.1599278309961294,11.77920382224351,-6.9418689753910865,-1.541983459647141,10.7042471390907
362.78189601912516,300.6043904313621,298.2914709860715,-1.2570278971959743,11.386517720845461,-6.780017352440199,-1.5060130968573806,10.210794929695242
363.3824099749774,300.5232100425334,298.3027198270746,-1.8843303406531133,8.92706316660318,-5.658486718863177,-1.256137590076384,7.107837870512016
363.98292393082966,300.40389982173474,298.30727050619043,-2.325352701170868,5.381604929890409,-3.7386639598413316,-0.8283142530121825,3.096788645159541
364.58343788668196,300.3261759491511,298.3047676533826,-1.741722021159452,2.0989065287517032,-1.3009971275723946,-0.2848782835231737,0.3706258285714032
365.18395184253427,300.39585752402365,298.29710065479065,0.27924062403716243,0.12401572167557307,1.308014587069937,0.297166944635519,0.3886986983782632
365.7844657983866,300.6786073769667,298.2876666541979,3.4931550920673167,-0.24557213509599785,3.774226781452804,0.8479251606364123,3.200261849941618
366.3849797542389,301.1428482719203,298.2793407449232,6.81556404500469,0.5169080509226434,5.683925665616672,1.2750430804937822,7.247250089985553
366.9854937100912,301.6737442466811,298.2733337853108,8.997499262183899,1.4522515950465842,6.7857259023856695,1.5221564307932636,10.32893631991677
367.58600766594344,302.1033597946082,298.26899870689255,9.169107754078391,1.769925423314944,6.9365577897620465,1.5569233806260319,10.799689003944161
368.1865216217957,302.29312152739533,298.2647461896372,7.294555401275618,1.3096763162661627,6.140942134018495,1.379995596747352,8.47447310482581
368.787035577648,302.1872315396716,298.25943484031177,3.934366977427204,0.5542472753714576,4.417624919263619,0.9954114239342522,4.397354311291635
369.3875495335003,301.8538560001168,298.25352852915205,0.5451449956282006,0.4970026121996598,2.098794062341861,0.47742934539404835,1.0020258753007902
369.9880634893526,301.42207582398055,298.2491395801998,-1.7952073310538454,1.8402673567564927,-0.5054277771309249,-0.10445874397229687,0.05279635076780641
370.5885774452049,301.04181835726257,298.2490448276243,-2.6209096179427256,4.557893509862177,-2.9960553574181974,-0.6608908971727396,1.9800657131433055
371.1890914010572,300.8019566837946,298.2551949570001,-2.2551938243668186,8.040836591743492,-5.138038324563611,-1.1392215597853823,5.85336403434643
371.7896053569095,300.7012792612581,298.26719414955784,-1.4948696171639277,10.855196088048572,-6.5212135126753905,-1.4479810768700638,9.442593764583323
372.3901193127617,300.67045066314097,298.28240551532383,-1.131349535062156,11.918197380581205,-6.9965777017777935,-1.5541133698062497,10.873474949221153
372.99063326861403,300.6249960109488,298.2965993854758,-1.4653106861782454,10.73989436305715,-6.489621106338326,-1.4412106334795476,9.352910945708102
373.59114722446634,300.5238990203892,298.3056434179979,-2.1151404751761764,7.815296204088488,-5.09451274249096,-1.1303697953693723,5.7586833262361665
374.19166118031865,300.40744136261196,298.30758923701814,-2.295802827978975,4.205570475816572,-2.963127596074113,-0.6553510604955343,1.941888812470753
374.79217513617095,300.36880633676486,298.3029670960221,-1.2312258192599081,1.2625153159287739,-0.41092967624268434,-0.08626589921258428,0.03544921803421129
375.39268909202326,300.50661806104154,298.2943543734727,1.2006142906974981,-0.1450238306170284,2.1369274150305246,0.4823208298016717,1.0306846040434638
375.9932030478755,300.8597376405122,298.2850500477512,4.620102207547154,-0.05505892125161971,4.479312826033657,1.005646861121234,4.504606883480831
376.59371700372776,301.3627951817189,298.27748091923314,7.692316609431422,0.8725869247715199,6.1432213218018745,1.3780493527109687,8.465662166069295
377.19423095958007,301.8779534950518,298.2721901813176,9.284031322291243,1.6700407120712957,6.945368105879546,1.5582932187732699,10.822920021276246
377.7947449154324,302.2392543485748,298.2680802787045,8.729129627407247,1.7080270451694681,6.771618312640619,1.520495796097575,10.296217177147415
378.3952588712847,302.3267355935154,298.263520143204,6.26146369571204,1.0607679273198616,5.658942697266994,1.272594065318016,7.201536892516703
378.995772827137,302.13484126579897,298.2578740804525,2.754054000415426,0.4318538586749825,3.711845219795286,0.837880977213224,3.110084500026308
379.5962867829893,301.7508053920036,298.2521888288536,-0.392927735375838,0.7810559205721859,1.2581463589362551,0.28968913029979354,0.3644713245100956
380.19680073884155,301.3212487573839,298.24895578069277,-2.2418628215489904,2.613749497088688,-1.3452467969714104,-0.292011372957553,0.39282736415037206
380.79731469469385,300.98179991172253,298.25090032219555,-2.618158987726066,5.767428788153254,-3.805693499099879,-0.8416118874963886,3.2029168890101847
381.3978286505461,300.79427350006756,298.2592903564069,-2.011022978473676,9.160772132644622,-5.706531388292338,-1.2660336429404062,7.224660722073522
381.9983426063984,300.7265701439379,298.27279659020707,-1.3237131472690922,11.450432181924853,-6.781563043393736,-1.505991201117574,10.212974273175083
382.5988565622507,300.6988805039536,298.2881618407338,-1.1915596601561655,11.778763384021731,-6.932314742958825,-1.539722872153823,10.673843566702853
383.199370518103,300.63477982623976,298.3009908960965,-1.7154573166001479,9.866282682265156,-6.0864173651258575,-1.3512768639141604,8.224434969619956
383.79988447395533,300.5206180614027,298.30775257469963,-2.3012565553633397,6.537048027878453,-4.396906605747219,-0.9748084850748856,4.286141867364204
384.4003984298076,300.4189352391937,298.30722999591717,-2.1017225183339536,3.0302467295148285,-2.07748046453357,-0.4578092568798999,0.9510897876506228
385.0009123856599,300.43371226902525,298.3007803657182,-0.5136989318930474,0.5838561814536765,0.5236801352726306,0.12233899929932843,0.06406650370219057
385.60142634151214,300.6455743317829,298.29155021636075,2.3916561538412124,-0.2561004640909319,3.0533187524217764,0.6870571090765918,2.0978043551282517
386.20194029736444,301.06114660728696,298.28266668767617,5.791253243501621,0.244513589585875,5.1537519748411444,1.1565860738626073,5.960757762243178
386.80245425321675,301.58792057854794,298.2759315917065,8.451305289207657,1.227553778581431,6.529946046551739,1.464884023250128,9.565613636278979
387.40296820906906,302.06729973050466,298.2712384564408,9.326839222685747,1.7995489015237451,6.996949043191662,1.5702917399968987,10.98725128770307
388.00348216492137,302.344633536718,298.26715529103086,8.023845787614658,1.550646494346421,6.480945354617244,1.4559485862505468,9.435923226622025
388.6039961207736,302.3293854043266,298.2622257610157,5.065825653634757,0.8052703993041144,5.059764288345047,1.1389796689248441,5.7629686539769915
389.2045100766259,302.0565698417052,298.2563604615897,1.6874812679378852,0.4094816356851332,2.9999627018510457,0.6789220374154251,2.0367407897109957
389.8050240324782,301.6361333667263,298.251196320793,-1.19740616889263,1.2409888156534337,0.3832544926320078,0.09428086564859708,0.036133565329059564
390.4055379883305,301.2250831195422,298.2494655417803,-2.5394997360090903,3.5772757082287447,-2.209342326933128,-0.48496765555426297,1.0714595686095592
391.0060519441828,300.93622209123026,298.25352807153956,-2.507741621442057,6.868790394888196,-4.469108373667758,-0.9896875919146624,4.423021104340897
391.6065659000351,300.7961694852136,298.26386118534407,-1.766584351316122,10.113164228131483,-6.16206096617977,-1.3676296891504405,8.427417523702502
392.2070798558874,300.7526873553686,298.27847452172904,-1.2095011529746582,11.844570571179013,-6.948984821545309,-1.5432752606754547,10.724196361900116
392.80759381173965,300.7187459998698,298.29347551381454,-1.3261799989772856,11.388254254348407,-6.759521137579367,-1.5011497521303272,10.147053480196973
393.40810776759196,300.63534710554217,298.3045599649355,-1.9597872236797553,8.876540909814548,-5.609931266684932,-1.2450220128647564,6.984487917681007
394.0086217234442,300.5158095191878,298.30896128773094,-2.3791693834322682,5.339962085534266,-3.682323849148484,-0.8154627976506837,3.0027981078824575
394.6091356792965,300.44060515716103,298.30615787421897,-1.7603217458707947,2.0806311872102032,-1.2358798270267681,-0.27006205955587365,0.3337642514504059
395.2096496351488,300.51088227647733,298.2984572360989,0.3418478601366124,0.12708046470479661,1.4113932713387574,0.32051759775749794,0.452376380820595
395.8101635910011,300.79225928338064,298.28904431792904,3.537028678331116,-0.1897164803051279,3.8304134656400657,0.8607477493298054,3.297019769552266
396.41067754685344,301.26624132439815,298.28077442271496,6.857868033361621,0.5962087824918427,5.729144764560712,1.2854449612754604,7.364500270022251
397.0111915027057,301.7965800512595,298.27482122381144,9.001883632841725,1.5264735272182426,6.8093012665020884,1.5277298838871303,10.402773033225724
397.611705458558,302.2221897779968,298.2705092459053,9.0961839716173,1.8164754647986496,6.926058342822236,1.5548872167094783,10.769239579438327
398.21221941441024,302.4046645453155,298.26624159481906,7.100116121756134,1.3197512194917485,6.072111676298828,1.3649319239897735,8.288019073011329
398.81273337026255,302.2940844397137,298.2609101598106,3.803222958477316,0.5923323914087264,4.369034687553169,0.9848494328266324,4.302841334036621
399.41324732611486,301.9508761447232,298.25500493639095,0.47895849388622747,0.5462095021956808,2.079445171726494,0.4733629629271337,0.9843323277329756
400.01376128196716,301.52039302717907,298.250663977262,-1.832558497882137,1.8754455935381227,-0.49618390909440047,-0.10214531438789112,0.05068286138866032
400.61427523781947,301.1428124353901,298.2506689728163,-2.67668306706834,4.724577825085053,-3.0809978446205406,-0.6795755554277639,2.0937708215297475
401.2147891936717,300.9060798609532,298.2569570958582,-2.2928933250073236,8.143961568058431,-5.168549852969188,-1.1457596136346824,5.921915682589572
401.815303149524,300.80850588181784,298.2691759230303,-1.536716696949415,10.93056352724643,-6.534647185489967,-1.4507030386408568,9.479832528436217
402.4158171053763,300.7776738433681,298.2844392476903,-1.1822520529047333,11.963917615716522,-6.996749596964012,-1.5538779250142047,10.872094745574412
403.0163310612286,300.72898929074984,298.298505224928,-1.5264600050449018,10.743862053049368,-6.471498960351914,-1.4369034506967924,9.29891918731037
403.6168450170809,300.627290184686,298.3074588417034,-2.162805888124187,7.862841173063801,-5.096239078617099,-1.1304904168442866,5.761249440323988
404.2173589729332,300.5107344647525,298.3092733290526,-2.335686420786444,4.172656290106408,-2.908593476742766,-0.6429247742052054,1.8700068042895763
404.8178729287855,300.4750251098277,298.30449471788387,-1.2373414055479117,1.2593632205711816,-0.35249260887701833,-0.07296118222245036,0.02571827746834306
405.41838688463775,300.6180501211741,298.2958081181935,1.2625565687744127,-0.11960141565133897,2.223246057510618,0.5018572656350709,1.1157521872562304
406.01890084049006,300.97603013554726,298.28649775317183,4.6674517924283965,0.010410086643519723,4.532869664431424,1.0178896500696153,4.613961116539277
406.6194147963423,301.4826774769124,298.2789980950729,7.731888579969604,0.9524262376944799,6.184202037339976,1.387496663400468,8.580559692603593
407.2199287521946,301.99736137123256,298.2737676593526,9.260172985850756,1.7332577613125768,6.955887032586784,1.5609457583645083,10.857762359179027
407.8204427080469,302.3499452693657,298.2696529827264,8.639745287205443,1.7446109235135037,6.752384232859244,1.516490348653851,10.23992551953348
408.42095666389923,302.43628060528414,298.26509816194334,6.063958509789287,1.0745361893902583,5.584707352035423,1.2563196163017045,7.016177397666451
409.02147061975154,302.2317126649012,298.25941368726455,2.5852910574033405,0.47134366464795563,3.63270458280166,0.8204796976388048,2.9805603577082067
409.6219845756038,301.8419183394829,298.25374344343436,-0.5070346270546715,0.856031951295843,1.1883271015936918,0.2743516141744964,0.3260194584895301
410.2224985314561,301.41522577377816,298.25053919108933,-2.336637267367049,2.7733664575475627,-1.45492002373307,-0.3162294687394404,0.46008858616348275
410.82301248730835,301.07861938639525,298.2525956017263,-2.657986207204986,5.926005955109979,-3.877553835864945,-0.8573901047313617,3.3245762894337383
411.42352644316065,300.8923298274436,298.26106613790586,-2.0472033704949695,9.244210442368557,-5.726900086602732,-1.2703255382165872,7.275027434826235
412.02404039901296,300.8273375385435,298.2747561671443,-1.346832626319095,11.570793180717112,-6.8155702221711225,-1.5133180790261611,10.31412563608391
412.62455435486527,300.79767366750383,298.2901032006188,-1.2462218239724248,11.796902707188906,-6.9221167397200745,-1.5371965043215368,10.640653654803291
413.2250683107176,300.73092875349283,298.3027597253565,-1.7747841221738903,9.854612903546466,-6.061683918416376,-1.3455153342844748,8.156088663814835
413.8255822665698,300.61607639869385,298.30936324809153,-2.3476003370121314,6.558904549785165,-4.385935666243675,-0.9721175612576088,4.263645083701568
414.42609622242213,300.51481823488297,298.30869060898186,-2.1292613953774073,3.013157796522775,-2.0294981912303163,-0.4468628232324905,0.906907291478412
415.0266101782744,300.53266586709435,298.3021729591027,-0.5404118826227549,0.6157110021139498,0.542170175048445,0.12671644614589359,0.06870187778843598
415.6271241341267,300.74791957116054,298.2929041574878,2.3853109759623723,-0.21217935499735452,3.0786589044867996,0.6929711491422806,2.1334217988593323
416.227638089979,301.17018813966035,298.28405029090266,5.818141343645927,0.3085360573122564,5.190901628975527,1.1651511395757443,6.048184948426423
416.8281520458313,301.6951988904409,298.27735097151054,8.455470934777404,1.2915583275483469,6.551253855064607,1.4699114668281688,9.62976316366171
417.4286660016836,302.1720236939634,298.2726811492958,9.28644668648823,1.8484635118726258,6.997847408718891,1.5707609005285927,10.991945097480965
418.02917995753586,302.44151042817737,298.268576004248,7.9438315073937,1.5828286101876323,6.4628890359722755,1.4521702364326186,9.385215099405638
418.62969391338817,302.41955510368035,298.2636044151435,4.94964135437608,0.8315838744569741,5.018791054869974,1.1300731982930217,5.671601258941319
419.2302078692404,302.13635248326585,298.2577048090016,1.4873022907499487,0.45786110099879496,2.8855223406136683,0.6536044860743957,1.8859903464929841
419.8307218250927,301.71805419579135,298.2525656742126,-1.2952181058142596,1.326149274411372,0.31230133232876306,0.07866703184362989,0.02456781885511484
420.43123578094503,301.310123966381,298.2509042986192,-2.6009307732645226,3.714703328253384,-2.2883973407850338,-0.5023803692845645,1.1496459011334008
421.03174973679734,301.02353096250863,298.25515972732444,-2.5341212160321254,7.023019694197962,-4.534961392726892,-1.0041506862608487,4.5537845946731625
421.63226369264964,300.88564485605787,298.2655671475082,-1.7855427445147707,10.235966246194048,-6.201537599792555,-1.376205057382061,8.534587408379522
422.2327776485019,300.84285101188067,298.28023438793133,-1.2435787260715387,11.90946933730873,-6.960532806321284,-1.545620521939331,10.75834234908214
422.8332916043542,300.80695482489887,298.2951422735516,-1.384293887332101,11.37397726019837,-6.736831009881961,-1.4958643097809303,10.077385068707846
423.43380556020645,300.7212064465201,298.3060031682064,-2.020596776216075,8.822915210678502,-5.565148801588238,-1.2348152220612347,6.8719304532369945
424.03431951605876,300.60072559275466,298.3100855844161,-2.4202845363346195,5.249178529786332,-3.60170858051974,-0.7972664456395288,2.8715213982203656
424.63483347191107,300.5282273327756,298.3071809579638,-1.7465631128796577,2.014167996784411,-1.1343813913520564,-0.24720118007934003,0.280420418602272
425.2353474277634,300.60789957193305,298.29935045623034,0.28876206518819925,0.17499098853447626,1.401692018372993,0.3186042757781591,0.4465850703777535
425.8358613836157,300.89829177430784,298.2899251512161,3.6231314844223164,-0.13407727119120105,3.9097506785945777,0.8787146721157563,3.4355552855955898
426.43637533946793,301.3686637916299,298.28170907673405,6.89779750490268,0.6636528124908088,5.768860289002979,1.2945661906557748,7.468171488759959
427.03688929532024,301.89716297247605,298.2758139559624,8.956896496463164,1.5716471341572646,6.807620437580404,1.5276142432635365,10.399417943179774
427.6374032511725,302.31873657636737,298.2715370368553,9.053604550914715,1.8599703217717187,6.924681432741795,1.5548287577982953,10.766693830218845
428.2379172070248,302.49432843247934,298.2672693403602,7.007359210021727,1.345688570645683,6.0461324504060245,1.3593689109896374,8.218924484807545
428.8384311628771,302.3755025734587,298.26190758841693,3.819106319581328,0.6353036521061834,4.3972521149297075,0.9913516034224082,4.359222934788141
429.4389451187294,302.03149154220836,298.2560176966733,0.35017300070421675,0.6057166796138418,2.0043489416772515,0.4568227005337195,0.9156320963489046
430.0394590745817,301.59610896918645,298.2517940461213,-1.9365069373364994,2.0020264138598045,-0.6009229962162562,-0.1253093808768083,0.07530128861049568
430.63997303043396,301.2209537437275,298.25194708493933,-2.7139156572309577,4.780079889606232,-3.0958326168165593,-0.6826838505394327,2.1134749314738968
431.24048698628627,300.9870456245257,298.2583267256302,-2.3239602395268824,8.214447954764752,-5.187169974201367,-1.1497049782468072,5.963715142351673
431.8410009421385,300.89156123774774,298.27064280882144,-1.558985858471536,11.022746785832929,-6.560183454090064,-1.4561856095239796,9.552844741683264
432.4415148979908,300.8598268336287,298.2858761221305,-1.2209241902944845,12.00016134651052,-6.997380543238407,-1.5538085521126634,10.872589730470592
433.04202885384314,300.8099423928258,298.29985284453574,-1.571557778650831,10.755559358750096,-6.461234998437045,-1.4344072607214609,9.268042394985715
433.64254280969544,300.7072151277359,298.30866797174235,-2.23390754289555,7.707269399872424,-4.9960757066621815,-1.1079477921705636,5.535391048713352
434.24305676554775,300.5910498739141,298.31032404733196,-2.3612491874531294,4.101024295475076,-2.8330251717152364,-0.6258657442053578,1.773093407448068
434.84357072140006,300.5593705475534,298.3053506856335,-1.2247694446990698,1.2379105438566733,-0.2825603997437767,-0.05714807974266956,0.01614778425667794
435.4440846772523,300.7099611547425,298.2965727848607,1.3371012239477016,-0.10154022257322426,2.3115784655881395,0.5217937832020959,1.2061672727277313
436.04459863310456,301.07019329466175,298.28731006993905,4.747910926172301,0.06993082156381236,4.5992564531573885,1.0329377436747673,4.750745583306006
436.64511258895686,301.5772212051697,298.2798616213044,7.709060717687447,1.000503399002695,6.191628745731825,1.3893967412289934,8.602628802219558
437.24562654480917,302.08766498734525,298.27466958806366,9.239743199865483,1.7804626681287747,6.96286841590763,1.562735387031704,10.881120868784238
437.8461405006615,302.4366089248337,298.27057394161335,8.539432413305102,1.7637789905556727,6.724171902156001,1.5104217930695771,10.156335781362536
438.4466544565138,302.508599329324,298.26597267875894,5.9378990739157524,1.0852278776573427,5.537554812870316,1.2459899301402313,6.899737534435987
439.0471684123661,302.3001429901552,298.2602749287741,2.5396091827443428,0.5018470222847424,3.6223208981585713,0.8183398635053298,2.964289589371589
439.64768236821834,301.9050719615589,298.25464622099247,-0.6355081933552287,0.9334505230417657,1.0921398808639065,0.2530626215720535,0.27637978137481034
440.2481963240706,301.47945832040466,298.2515799767424,-2.395750475645865,2.8737189965971695,-1.5206063287167948,-0.3307139072108161,0.5028856602994258
440.8487102799229,301.1470144276517,298.25377265041595,-2.6869604200705517,6.009293506033468,-3.910411269251611,-0.8645427940726063,3.3807178846917947
441.4492242357752,300.9647576131694,298.2623338192811,-2.0536826131853,9.38987021592661,-5.782813431718772,-1.2826097387186497,7.417092824715512
442.0497381916275,300.90174606548646,298.27610563261845,-1.3745168156229448,11.626396970303865,-6.8260887735551306,-1.515473701288895,10.344758018986168
442.6502521474798,300.871832380593,298.2914292717248,-1.2856964497481582,11.815495201688927,-6.916582575795037,-1.5357727493481115,10.622299038521987
443.2507661033321,300.80409757740796,298.30400535355034,-1.8241273485502822,9.82970482898761,-6.035223093352804,-1.3394270258153742,8.083740918061809
443.8512800591844,300.6872342118063,298.3103410820486,-2.3943476340666248,6.458178976726859,-4.310401225671473,-0.9550897285236343,4.116819936454508
444.4517940150366,300.58845317659126,298.3094533730659,-2.1490583716457436,2.9965573947894883,-1.989357101405986,-0.43772116593615673,0.8707837098908014
445.05230797088893,300.61002598081257,298.3027981402236,-0.5055041851995901,0.6019780418320855,0.6174649732132194,0.14370789624329397,0.08873459230439362
445.65282192674124,300.832656138908,298.2935142628726,2.4451184879753103,-0.17868738323539413,3.143493746520109,0.7076491296670507,2.2244906138387717
446.25333588259355,301.25617425663745,298.28470975016495,5.849265574371282,0.3614555455305537,5.225236757420553,1.1730304068012853,6.1293615991900605
446.85384983844585,301.78257943375786,298.27808530291844,8.428650156238561,1.3346906501981104,6.555267987047912,1.4710321876819195,9.643010207828342
447.45436379429816,302.2554293675606,298.2734605290218,9.249207272115564,1.8859453429808029,6.996479428683093,1.5706708768889577,10.989166479385228
448.0548777501504,302.51946060205665,298.2693636416035,7.847387370670403,1.5993460341210122,6.434064954589836,1.4459429205690983,9.30329067157091
448.6553917060027,302.49405753898986,298.2644072448015,4.821919089555797,0.8480055102770683,4.968254449232599,1.1189946910128956,5.559450352292475
449.25590566185497,302.20440485365265,298.2585132641593,1.3190272067515467,0.5015167972976569,2.7881807813420374,0.6320710564144505,1.7623283719373295
449.8564196177073,301.78045661915894,298.2534487083711,-1.3960055895589325,1.414444172728939,0.22653160880051534,0.0596993742864887,0.013523795301502403
450.4569335735596,301.3736153097423,298.25196733156196,-2.6278435794851074,3.7341011028578635,-2.281941239138615,-0.5007780897399882,1.1427461746347372
451.0574475294119,301.08995589905226,298.256341021615,-2.5437702659966934,7.215852021033497,-4.6267310734019915,-1.0244467199146543,4.739839472073878
451.6579614852642,300.95659108350867,298.2670080448973,-1.7950208465423905,10.352566421125118,-6.241648551646771,-1.3849694233764311,8.644492395492565
452.25847544111645,300.9141780369754,298.2817398898537,-1.2707571773790538,11.95990763123017,-6.969292600728124,-1.547392344711737,10.784230018422852
452.85898939696875,300.87783740294975,298.296627254475,-1.431644340999779,11.359916223598104,-6.717443033321948,-1.4913599129585844,10.01812525747927
453.459503352821,300.78944699066545,298.3073366368705,-2.077406368692861,8.740164258579476,-5.50937258835592,-1.2222022522509954,6.733567585978502
454.0600173086733,300.6688382525085,298.31124152045356,-2.4520476667324997,5.180249184759144,-3.5389223783754202,-0.7830900269268346,2.7712948205739854
454.6605312645256,300.59795463283467,298.3081256140229,-1.7473216120999306,1.9875638863504648,-1.0780815124597025,-0.23446654434524103,0.25277404674891735
455.2610452203779,300.68353503778076,298.30018805495604,0.41840147420743845,0.14459632545582446,1.5472068069635003,0.3512506652034475,0.5434574201532315
455.86155917623023,300.979270471384,298.29075469152514,3.6485043444885563,-0.09349141980517506,3.9455612814799554,0.8869095139038413,3.4993558382352044
456.4620731320825,301.4518876966283,298.28258035427064,6.885498692122756,0.7073580180476211,5.77950014576143,1.2971533601980807,7.496898034339736
457.0625870879348,301.98094499059727,298.2767593613939,8.975716641748734,1.6275238089244475,6.830502366868209,1.5329328155982649,10.470701225193896
457.6631010437871,302.3967874827971,298.2724975240544,8.984493468647164,1.8835367270500565,6.908721396696154,1.5514701054553537,10.71867471389384
458.26361499963934,302.56513998354023,298.268212478494,6.963183834684347,1.3740366246960296,6.039110128650458,1.3579846895008367,8.20101909291675
458.86412895549165,302.4365838295987,298.26280716228877,3.6210696439025902,0.6430558264796209,4.299701938993455,0.9697532684217374,4.169650008578185
459.46464291134396,302.0869784485741,298.2569271277117,0.2707623537394084,0.6450293752713321,1.9595110104373088,0.4469653028271074,0.8758334321731629
460.0651568671962,301.652045196019,298.2527609615588,-1.9949433793914446,2.07322588795902,-0.6523112843776943,-0.13662657444539933,0.08912305625660309
460.6656708230485,301.2785240999205,298.2531271430666,-2.7459487853580864,4.895161333263994,-3.1573901118424508,-0.6962652124804891,2.198380897105779
461.2661847789008,301.0490941965163,298.2597262215687,-2.331420095871561,8.351845360150547,-5.244607769377209,-1.1623565085161656,6.096103975350048
461.86669873475313,300.955869841672,298.2721367846366,-1.5730323602049598,11.103787819159734,-6.5843007379266085,-1.4614005913830395,9.622300992249729
462.4672126906054,300.92465837835624,298.28740503552785,-1.2528661221880442,12.023736743972638,-6.995790927681241,-1.5532892873205755,10.866487104301742
463.0677266464577,300.8738835737011,298.3013134775466,-1.631329870301387,10.681411877794185,-6.415370119671177,-1.4240161698468092,9.135590785963815
463.66824060231,300.7688985012653,298.3099121624248,-2.283117718779927,7.612403214257484,-4.931496790063277,-1.0933885379631028,5.392042065257021
464.26875455816224,300.6537693434716,298.3112769828742,-2.379188158219872,4.03752848842548,-2.767957194713756,-0.611193968362842,1.6917587420955802
464.86926851401455,300.6252491214071,298.30613099293157,-1.1833102835190736,1.1880142487401997,-0.18646139724005925,-0.035547305677036144,0.00662820028465965
465.46978246986686,300.7776334783754,298.2973257356737,1.4363281936048478,-0.09488687006394425,2.409187611366588,0.5437360789175028,1.3099622251810932
466.07029642571916,301.1438112201818,298.28807690615065,4.833242088163206,0.12029856624083157,4.662984485256605,1.0473395442879831,4.883728045810589
466.6708103815714,301.6524141622146,298.28068007052593,7.825767691072523,1.0770619355579145,6.25928365652764,1.4046782524610673,8.792279628309364
467.2713243374237,302.1626214882272,298.27554447205904,9.234926159334368,1.82364314635936,6.973797883318077,1.5653656163534981,10.916543421944922
467.871838293276,302.50477423957204,298.2714453534924,8.465255043256462,1.7803490875003776,6.703966908187308,1.5060909616229794,10.096783967440455
468.4723522491283,302.570391395761,298.2668179274186,5.869554690788261,1.1035951806873154,5.516487115142345,1.241450184668569,6.848443947815246
469.0728662049806,302.3534789977503,298.26109511816907,2.342211325161787,0.5226141003788345,3.5125685917504095,0.7940003408282553,2.78898065903245
469.6733801608329,301.9583656000891,298.25546701178655,-0.685832938589888,0.9709014947693216,1.0659842443086758,0.24736614340350854,0.2636884114435406
470.2738941166852,301.53085775917043,298.2525559230386,-2.441123543236397,2.9515983250169233,-1.5704520014507521,-0.34169890879666037,0.5366217352132533
470.87440807253745,301.201525486765,298.25491723694904,-2.709245314980099,6.086291398186792,-3.9429982413787097,-0.8716712187570467,3.4369980826194717
471.47492202838976,301.0228155149585,298.2636369192553,-2.071223551860737,9.45412423665303,-5.802039167791742,-1.2867496132101806,7.465771654986342
472.07543598424206,300.96147874712216,298.2774898809817,-1.3958813414849764,11.673133085611317,-6.835495581498186,-1.5174196779350553,10.372315503803472
472.6759499400943,300.9306901072788,298.2927690971504,-1.3214099512163475,11.816211238043424,-6.9061616737074845,-1.533299047650162,10.589211117213734
473.2764638959466,300.86170683772957,298.3052517529394,-1.8436444191089367,9.88277382460057,-6.048752696748859,-1.3422976079540054,8.119226275951332
473.8769778517989,300.74474440694433,298.31150763991997,-2.4267500959836745,6.42268786618426,-4.275579964464986,-0.947177482263652,4.0497330659588595
474.47749180765123,300.64638799309074,298.3104792222411,-2.1538527584192915,2.9486214442732326,-1.928738250367179,-0.4240542466041515,0.8178896456560634
475.0780057635035,300.6705431965287,298.3037651001231,-0.4918837239684637,0.6017404294852942,0.6605588368705573,0.15347338756311082,0.10137820237927274
475.6785197193558,300.89884767570084,298.2944396813569,2.5125177112093198,-0.1527966658911104,3.207300398537229,0.722048721927779,2.3158271536022625
476.2790336752081,301.3261892292495,298.2856537164647,5.916991374123011,0.413216748188181,5.274550645801724,1.1842078253418187,6.246164149920144
476.87954763106035,301.8557312222314,298.2790836928796,8.476401773512737,1.392271572077326,6.589602020994111,1.4788769243895852,9.745210369759166
477.48006158691265,302.3244890155784,298.27447801155074,9.212477387016541,1.9147598220462831,6.992777678034934,1.5700224331816643,10.978817824766837
478.08057554276496,302.5794127237314,298.27034591823576,7.744890465266726,1.6034695806508763,6.399057863191257,1.4382893615347099,9.203696848473019
478.68108949861727,302.5424997149809,298.2653117985833,4.686641171368817,0.849561541262202,4.90761044316207,1.1055940079971742,5.425824699544341
479.2816034544695,302.25236360556994,298.2594006643248,1.2753960573751588,0.5253660569504763,2.771794225886613,0.6285391531237648,1.742181195372113
479.8821174103218,301.826894803705,298.2543700971238,-1.4881939398404962,1.4972983025633588,0.1405819072100118,0.040649928833599594,0.005714644523378681
480.48263136617413,301.4214537650257,298.2529717036714,-2.6935125024889626,3.970210335463811,-2.4481873503827347,-0.5377312615891218,1.3164668725278372
481.0831453220264,301.14175880621343,298.25749641965535,-2.55170611005788,7.3547881810122195,-4.691343261667216,-1.0387242655316051,4.873012083831924
481.6836592778787,301.00919916294555,298.2681413350849,-1.802436099417104,10.436976262248297,-6.2703549592979115,-1.3912373547083656,8.723552046656108
482.284173233731,300.9683240826604,298.28293437082755,-1.2925618090123059,11.994525658004221,-6.974368531644375,-1.548386525435668,10.799018257820695
482.8846871895833,300.9306493620279,298.2977487211578,-1.4734106762776074,11.32839956195428,-6.693678365620663,-1.4859255432789555,9.946307661969474
483.48520114543555,300.8413378074485,298.30832917800996,-2.113850754966915,8.706684712460245,-5.481507256425584,-1.2158554424663706,6.664720430643949
484.08571510128786,300.72032786138243,298.31206335905637,-2.475695442204401,5.183843445559023,-3.526932390094134,-0.7802842274182457,2.752009715160988
484.68622905714017,300.6533916935849,298.30877950830615,-1.7415605937863297,1.9564763949853774,-1.022818127498882,-0.22199949723681228,0.22706511006944954
485.2867430129924,300.7419741901427,298.3007545064336,0.4500171202203451,0.14978318623210707,1.5973039213847002,0.36257360728747895,0.5791402447108864
485.8872569688447,301.0397104599177,298.29132600831,3.5357867182226945,-0.07150589085431958,3.8932356032653246,0.8753960217400374,3.40812295879514
486.48777092469703,301.51817098099315,298.2832139028186,6.921783792821795,0.7538195945960342,5.810060334119271,1.3041395524534054,7.577129483865589
487.08828488054934,302.04585701595784,298.27742988171275,8.97759889463621,1.6667545357242868,6.842733869907793,1.535827804832757,10.509260938475242
487.6887988364016,302.4565083162426,298.2731850739966,8.946135890652029,1.9064283593671996,6.902720277705623,1.5502854246970952,10.701186637288114
488.2893127922539,302.61651438132424,298.2688613208838,6.92676687707166,1.3934467203464753,6.031984037127264,1.3565275023097993,8.182552239856827
488.8898267481062,302.48365898398083,298.2634488039481,3.5105076677248466,0.6546696882710497,4.247859833109987,0.9583126511602389,4.070777818424721
489.49034070395845,302.13012549756974,298.257566713663,0.20325918747291238,0.6775887660153137,1.9197348070041171,0.43820532198652723,0.8412380092319829
490.09085465981076,301.69564072653515,298.25345980668226,-2.059074630808012,2.156682668870975,-0.7221367550634017,-0.1520869238740663,0.10982755769399284
490.69136861566307,301.3245453161852,298.2539329060656,-2.773318590889726,5.033847842395981,-3.237561339007429,-0.7140267664850545,2.311705454188498
491.2918825715154,301.09782559423394,298.26066246040426,-2.3388778789069278,8.450215111222716,-5.284527624552457,-1.171134763141779,6.18889400789643
491.8923965273676,301.00574070074254,298.2731360230613,-1.5762265708651193,11.192043838832884,-6.614264730356592,-1.4679557559967158,9.709447982613025
492.49291048321993,300.97461107376586,298.28841654076956,-1.280269984680896,12.03374656986133,-6.99103457302364,-1.5521011770252382,10.850792989414126
493.09342443907224,300.92159730137774,298.3021872331891,-1.6682668775621208,10.652221487783867,-6.392874747389875,-1.4188774943245477,9.070706103107222
493.69393839492454,300.81563863752444,298.3106119976171,-2.321581751005139,7.530618059075025,-4.876838281836073,-1.081079141631685,5.272248143603883
494.2944523507768,300.7009472634816,298.3118105924299,-2.383891847141867,3.9302844446613374,-2.675126909216979,-0.5903701918165134,1.5793151865279447
494.8949663066291,300.6762450672282,298.306534482086,-1.1598601204986303,1.1613806719733513,-0.12520678209417005,-0.021755042759903608,0.0027238788982886027
495.4954802624814,300.83740788423023,298.2976677342912,1.517980992252303,-0.08584526574301155,2.48970048533762,0.5618461947240851,1.3988287436896496
496.09599421833366,301.20692208294264,298.28845046330986,4.919432640563612,0.16626229859159625,4.7243410824964505,1.0611861603092507,5.013405373325657
496.69650817418596,301.7189401946561,298.28113201955574,7.864444544702457,1.1268322665106476,6.289435634705102,1.411574512941788,8.878007042737579
497.2970221300383,302.2249950553701,298.2760442417817,9.20686494394226,1.851656816825894,6.972700748015968,1.5652819815154613,10.914242843368774
497.8975360858906,302.56115796961853,298.27196347528354,8.400396533125276,1.7931157808389788,6.68573747270034,1.5021709609293112,10.043120683887373
498.49805004174283,302.61830628892835,298.2673145343021,5.739650898093781,1.1005767663652983,5.462107218296055,1.229446169759449,6.715366798349523
499.09856399759514,302.3968693209281,298.26157755340097,2.3751601142270595,0.5429518902105412,3.5449977305916134,0.8013441427326315,2.840763167410061
499.69907795344744,301.99844467606306,298.25599620749296,-0.7554194303822243,1.0158368810899447,1.0153169675321447,0.2361696122440889,0.2397870145269108
500.2995919092997,301.5724057506074,298.2531277057287,-2.48025081061403,3.0221622212779824,-1.6170585768723142,-0.351986137824256,0.5691822031088736
500.900105865152,301.2450735726604,298.2556487846197,-2.7237227190712305,6.2035922590415,-4.002545946592321,-0.8848396999741002,3.5416115545153004
501.5006198210043,301.0686398580378,298.26446004820804,-2.0806008402493683,9.523364319124598,-5.826106945815671,-1.2919999181201656,7.527329696953175
502.1011337768566,301.0076641674517,298.2783007047215,-1.408574043707239,11.721669943555895,-6.848118365531062,-1.5201166269142263,10.409938590520442
502.70164773270886,300.97697041559263,298.2935911654553,-1.3477732929137654,11.822455821196133,-6.90037958471895,-1.5318912502917028,10.570631109522452
503.30216168856117,300.90576224735037,298.3059281106796,-1.8926851108741602,9.793829885171327,-5.997763336450507,-1.3308134063575252,7.981903856307976
503.9026756444135,300.787492656842,298.311918526519,-2.456373502158726,6.3354625133897535,-4.213973286494372,-0.9333281904833246,3.933020062228861
504.5031896002657,300.6915878753018,298.31072469118834,-2.14798713681568,2.8824893406871688,-1.8565434990615424,-0.40783686380490564,0.7571668781746452
505.10370355611803,300.72170640638365,298.30384862790135,-0.4436104076507039,0.5785681151756947,0.7357182665418304,0.1703678750297033,0.12534275769126849
505.70421751197034,300.9559951002982,298.2945217286754,2.5957294096062706,-0.13001029724850266,3.278558427458819,0.7380887248843514,2.419867009181924
506.30473146782265,301.3840142064513,298.2857953709909,5.933472671377067,0.44837438680241015,5.295228371934414,1.188969364186466,6.2958643106009955
506.9052454236749,301.91393547431136,298.27929986788183,8.536410768920177,1.4454546656431502,6.626628712278287,1.487285290581736,9.855687409918087
507.5057593795272,302.3793027588632,298.274745233534,9.181745375000357,1.9374405244444142,6.989267894382911,1.5693816751269734,10.968828955997827
508.1062733353795,302.6276949291102,298.27062458438456,7.697029048127384,1.6175059825802895,6.386494891038686,1.4356125938176865,9.168532495927451
508.70678729123176,302.5849115974897,298.2655836194833,4.546081124702555,0.8480400004377109,4.842524557653183,1.091188679083054,5.2841079754928275
509.30730124708407,302.28720909388176,298.25968044119395,1.1451306035268016,0.5539776161448362,2.689823769623491,0.6103486289802942,1.6417302499883042
509.9078152029364,301.8602351956727,298.25472954216355,-1.5690481158208651,1.5723146177056546,0.0597220871378923,0.02270296644793647,0.0013558685404923073
510.5083291587887,301.4568166566625,298.2534990573924,-2.7253813662785,4.0727661782984725,-2.514141444350556,-0.5523492241024064,1.3886840760707329
511.10884311464093,301.18078612717034,298.258125950874,-2.563510319650138,7.416433598964042,-4.716032687196735,-1.0441303929350012,4.9241530627770365
511.70935707049324,301.05247180258897,298.26903347857296,-1.8266560265289058,10.44167721751482,-6.2640605386484784,-1.389723311189053,8.705310953259247
512.3098710263455,301.0122484878236,298.2838955532581,-1.3109377274458456,12.020530746318393,-6.977589942261039,-1.5489931207053014,10.808238819664851
512.9103849821978,300.9722863008411,298.29861741295963,-1.502980799044018,11.314212250226834,-6.679618200213063,-1.4826838328375598,9.903761914983427
513.5108989380501,300.8820488644903,298.30908540039457,-2.1268489670314095,8.751915882250126,-5.495482435600515,-1.2188680995151968,6.698268232199545
514.1114128939024,300.76064411062663,298.31258876795215,-2.4933372368394138,5.076567454368823,-3.446312014341259,-0.7622012589865167,2.626783356191266
514.7119268497547,300.6956152028553,298.3091558709233,-1.7308350008910653,1.9230941601217195,-0.9703743219929595,-0.2101949223736492,0.2039677552846926
515.3124408056069,300.7918886298491,298.3010293768451,0.39899402403628637,0.18289757974754917,1.5717698657742711,0.35700837558364057,0.5611350065713893
515.9129547614593,301.09732458649535,298.29160726595734,3.727618282488139,-0.030516944590071038,4.022518884278977,0.9043771149284541,3.637874023309445
516.5134687173115,301.5766571105486,298.2835593083478,6.98988817850582,0.8042958674349932,5.854186816389949,1.3141316626689623,7.6931722545972425
517.1139826731638,302.10258357234875,298.2778393837876,8.97535886760637,1.6998948318913636,6.851769551382329,1.5379894586439697,10.537949343083744
517.7144966290161,302.5079759533917,298.27362167947274,8.901412297781793,1.9224005707528167,6.892581361644674,1.5481571330993067,10.670799000497535
518.3150105848684,302.65883699251214,298.26927937554626,6.746963856794644,1.3694387675122748,5.955977365663475,1.3396860816057516,7.979139979138249
518.9155245407208,302.5183807119824,298.26384313915565,3.376473321654945,0.6584649778760023,4.179158420795987,0.9430806779748854,3.9412835568487306
519.516038496573,302.1619325142075,298.25797017468517,0.10984086464318632,0.7144283044225153,1.8543047937099606,0.42369530383154386,0.78566023296723
520.1165524524254,301.7261824131758,298.2539613201905,-2.1272597007629157,2.2522529515710206,-0.8097079000258921,-0.17153825397685252,0.1388958794017054
520.7170664082776,301.35810175712845,298.2545598854929,-2.7934705435436475,5.165673263151585,-3.31583081759387,-0.7313961826690726,2.4251860023646263
521.3175803641299,301.13503355386257,298.26148203328455,-2.330493281906854,8.593436383899732,-5.349698305495144,-1.1855739726061625,6.342463072290333
521.9180943199822,301.04654309891885,298.2741541368086,-1.5788811284420068,11.263423932506601,-6.638385416849828,-1.4732314384476854,9.77987809663581
522.5186082758345,301.015237309525,298.2894699600828,-1.3023086126982433,12.042207481583585,-6.9873426274974335,-1.5511748273016417,10.83858999350573
523.1191222316868,300.961107858855,298.3031821990948,-1.7156238977582199,10.568856691496732,-6.347204190454711,-1.4085921140712694,8.940621769074621
523.719636187539,300.8547936140828,298.3115695508402,-2.3564144089012578,7.441106221008748,-4.819475876781784,-1.0681871536512602,5.148102218910445
524.3201501433914,300.73999914488417,298.31255534715416,-2.3881605479411854,3.8558133004521795,-2.6078830327430076,-0.5752742202783679,1.5002478782384192
524.9206640992436,300.71997854833097,298.307135729285,-1.1197140378776191,1.1196769264747772,-0.047881560981073254,-0.004398240387786854,0.00021059461533723552
525.521178055096,300.8834732075922,298.2981869986967,1.5650783448450618,-0.07546843758148714,2.5392530201394568,0.5730156054793913,1.455031606800584
526.1216920109482,301.2554663887614,298.28899651511375,4.9609071880995055,0.19803217902552883,4.757766458630288,1.0687653850724381,5.08493610124273
526.7222059668005,301.7718660880128,298.281733754412,7.8978762921697445,1.1671609232025366,6.314511865207265,1.4173030276294345,8.949576784560245
527.3227199226528,302.2760980224772,298.2766818587528,9.199695932128185,1.8797751108888496,6.978485066065043,1.5667033081369284,10.933215638788255
527.923233878505,302.60478603772344,298.2725880033246,8.35192133848877,1.8034298296055955,6.672318742463022,1.4992903342641954,10.003742997704641
528.5237478343574,302.65420695698464,298.26789589429586,5.673916414865971,1.1055360523611428,5.436831791120575,1.2239013438303044,6.6541457353317925
529.1242617902096,302.4251196284368,298.26211900310216,2.2995714322934444,0.5548071536101231,3.5047943928660374,0.792450388563382,2.777375678461454
529.724775746062,302.02545563201994,298.2565606142114,-0.8375434568229035,1.065787313032223,0.9459196986526532,0.22076194219286344,0.20882306983304783
530.3252897019142,301.60103499241774,298.2537673224717,-2.5154970508444032,3.09422692685301,-1.669631420019039,-0.36363772355219137,0.607140968746936
530.9258036577666,301.2768398043864,298.25641861847396,-2.7356774476170784,6.258957152240775,-4.027651295453535,-0.8903578475691439,3.5860509381790835
531.5263176136189,301.1052911125735,298.2655532823213,-2.0733750891693505,9.636775765931727,-5.873360286974298,-1.3024454864881383,7.64973159628835
532.126831569471,301.04571025005833,298.2795317241623,-1.4145555350712202,11.774472434923286,-6.864182411205449,-1.5236033006287826,10.458290977830657
532.7273455253235,301.01387692605897,298.2947801546974,-1.3743166116204113,11.809375835126389,-6.8880307039024915,-1.529044324483852,10.532104254672618
533.3278594811757,300.94073905450125,298.3069540838683,-1.9354647540372154,9.705868558949053,-5.948906878366629,-1.3198294090951053,7.851542250036435
533.9283734370281,300.8227289084209,298.3128896505422,-2.482344758369498,6.2329561662922695,-4.144926238053086,-0.9178406081220815,3.8043816189558153
534.5288873928803,300.72795078038376,298.311500748021,-2.130874157087754,2.7962531144806495,-1.7696662811774921,-0.3883694791789553,0.6872843719414613
535.1294013487326,300.7593645202502,298.30454990983367,-0.4192748589528993,0.5696383274111153,0.7782693551358794,0.1799535158043284,0.14005230669946894
535.7299153045849,300.99976022907646,298.2951872491107,2.692109447076592,-0.11254856063638652,3.3536980925805024,0.7549580346232931,2.531901320694463
536.3304292604371,301.43659802338476,298.2864896546234,6.090203245408236,0.5104187646533467,5.385239384198312,1.2091780576355615,6.511713298487442
536.9309432162895,301.9619383572317,298.2800229337797,8.56191839477266,1.4815976329315717,6.646430276588298,1.4918243563108011,9.915306569135957
537.5314571721417,302.42242158614846,298.27546071222247,9.15435169812377,1.9538823369832647,6.985048170332146,1.5685509856366613,10.956404192294045
538.1319711279941,302.66598215729175,298.2713221095705,7.559940691673146,1.59919099530631,6.331699488216669,1.4234903344700869,9.013113022245625
538.7324850838463,302.61094946630044,298.2661994262863,4.520842535829246,0.8573371061850299,4.83480769703807,1.0895338844696782,5.2676868108177874
539.3329990396986,302.3097926304283,298.2602719912813,0.9898979065646492,0.5826719233370867,2.584673595519948,0.5869559970302123,1.5170896672560747
539.9335129955509,301.8816870261134,298.2553624064174,-1.6133188139006625,1.6146363197211366,0.016238749700551967,0.013059796699568593,0.00021207476974438905
540.5340269514031,301.48115147208284,298.25422495474743,-2.7448684769684437,4.133374043884026,-2.551780496986094,-0.5606817800202665,1.4307368312711635
541.1345409072555,301.20984914059204,298.25916396656953,-2.567862373709818,7.490300923472407,-4.749815397639167,-1.0515914399870852,4.994865213676201
541.7350548631077,301.08518859683795,298.27025697422295,-1.8076551898286297,10.576544944339062,-6.319870793946833,-1.4020877632717736,8.861013505651522
542.3355688189602,301.0455353169674,298.28516073430626,-1.3237747255814811,12.042560567929959,-6.981124482531791,-1.5496980259632471,10.818634829583212
542.9360827748123,301.00453326261885,298.2998045550258,-1.5061067350646802,11.366010023531807,-6.696594043628104,-1.4863888287767635,9.953742577301828
543.5365967306647,300.91220511349337,298.31005474135935,-2.1708208250988066,8.625063168719638,-5.4252668532722,-1.2031331359671715,6.52731832263613
544.137110686517,300.7910358324808,298.3133626065547,-2.5062468187715665,5.03342013370034,-3.409701333097538,-0.7539595084425058,2.5707767410379767
544.7376246423692,300.7282044081282,298.3097997731321,-1.7256659868283168,1.9038360998948343,-0.9362726532071973,-0.2025066569473521,0.18960144499221707
545.3381385982216,300.82372494118124,298.30164050697005,0.5142021646612867,0.1515147622212185,1.683655468969217,0.38204160665769477,0.6432264404230141
545.9386525540738,301.13813907184954,298.2922080555846,3.8110177931748814,-0.004062814422786332,4.081863255918544,0.917716355324186,3.745992670153282
546.5391665099262,301.6221838133996,298.28419476997726,7.058718910762101,0.8476977053045913,5.895813043106894,1.3235316982077119,7.803295449258444
547.1396804657784,302.14641339205025,298.27850222877527,9.00017740002766,1.7340149061161423,6.870087507545228,1.5421869556365608,10.594959338217944
547.7401944216307,302.5472059960654,298.2742836632378,8.863677016507353,1.9331755394538834,6.883225232781235,1.5461709755903899,10.64264307337775
548.340708377483,302.690430750432,298.26990067374476,6.64031976545831,1.3591451895512328,5.911819889734459,1.3299189969085166,7.862241577659469
548.9412223333352,302.5452373697392,298.2644239502306,3.2510458863375895,0.6599657685022269,4.112870347121427,0.928365955035633,3.8182488077431187
549.5417362891876,302.1827540717429,298.2585524933511,-0.026224656553938797,0.7622773047155267,1.748171842711228,0.40007893778628606,0.6994067338998025
550.1422502450398,301.7485260497697,298.2545936502016,-2.1867312011125373,2.340508270552527,-0.8918024800572889,-0.1897899158910415,0.16925511768149507
550.7427642008922,301.3827081354109,298.2552921819459,-2.8075204065379014,5.272628067051842,-3.37950091033362,-0.745533312587789,2.5195305085744724
551.3432781567444,301.16212956110036,298.2622351976922,-2.319830924104748,8.716896994695619,-5.406602920005923,-1.198195886422964,6.478169378273483
551.9437921125967,301.0751897039038,298.27489859009177,-1.5749605138342255,11.332105449922663,-6.663529082898805,-1.4787661847650888,9.853801478989476
552.544306068449,301.0448123566059,298.29022174517866,-1.3197312525209395,12.044203418508166,-6.982861823572641,-1.5501005299671684,10.824137813407459
553.1448200243012,300.9889987944234,298.30382214130714,-1.7378880138927013,10.548658667579474,-6.332553833541667,-1.4052539649201876,8.89884638265496
553.7453339801536,300.8801506122764,298.3118931438641,-2.379559858217244,7.37798266239645,-4.779234749286395,-1.0591476980231618,5.061915483018988
554.3458479360058,300.76691456884686,298.3128107728969,-2.3912154960455227,3.808881588922854,-2.5642863587491833,-0.5654822000869975,1.4500582917985638
554.9463618918583,300.7494263863552,298.30734702959666,-1.1694913247166694,1.1700618025842562,-0.09529769728510826,-0.014896567322800274,0.001419608563315456
555.5468758477105,300.91991231400976,298.2983590851782,1.5498675472269752,-0.05904224283476678,2.5396734906019542,0.5732037691625033,1.4557504172551314
556.1473898035628,301.2953609704953,298.2891901671316,5.002330233052106,0.22562085909323604,4.789134938154931,1.0758642991608987,5.152459303825029
556.7479037594151,301.8132134594433,298.28198082751504,7.87377118295675,1.18422897432044,6.311318026922649,1.4166977326640233,8.941229938862895
557.3484177152673,302.3150998554113,298.2769730446224,9.192842072302728,1.9008971034602877,6.982345159569033,1.5676649130763867,10.945977517645117
557.9489316711197,302.6386871837291,298.2728857662423,8.3086928911581,1.8098250381892753,6.659482559146931,1.496515157154942,9.966016588572366
558.5494456269719,302.68435435544865,298.26818733018496,5.602826713075566,1.1063959765104197,5.407677846189158,1.2174773378436947,6.583725228094702
559.1499595828243,302.4513162713417,298.2624143396481,2.168400872401193,0.566075487972524,3.4283968086966627,0.7754801370558072,2.6586536270897803
559.7504735386765,302.04409828172896,298.25690186378665,-0.9102826979585639,1.1104173270689004,0.8812768550757811,0.20639337186656417,0.18188970166705187
560.3509874945288,301.6200215590697,298.25424294821823,-2.5535600205591655,3.1846333698771474,-1.7412249770098602,-0.37955584896676486,0.6608921243911131
560.9515014503811,301.29932883565357,298.2570992393706,-2.7382754142549626,6.381166746470582,-4.094938931364768,-0.9053071135557859,3.7071773441410527
561.5520154062334,301.1307813122891,298.2663175023392,-2.0623115873208357,9.738716831733402,-5.917137382692067,-1.312143999295528,7.764136309706641
562.1525293620857,301.0733198995885,298.280366668782,-1.4186160016689466,11.813702543704292,-6.876210636350306,-1.5262160656464283,10.494583143966688
562.7530433179379,301.04116970175784,298.2955926364246,-1.4015323054244493,11.776242988549603,-6.86868610504887,-1.5246613035909744,10.472419910881023
563.3535572737903,300.96646339563404,298.307641909575,-1.9796373996611234,9.589857003731943,-5.88818704895794,-1.3062229256297204,7.69128491374487
563.9540712296425,300.8469604912334,298.31329002834826,-2.501028852659207,6.144966866470053,-4.086604670318507,-0.9047721056348357,3.697445912461229
564.5545851854948,300.75300002927787,298.31180157720297,-2.150145591569914,2.830883988680597,-1.7899226544710491,-0.39282250327422824,0.703121897796569
565.1550991413471,300.7913362648886,298.30476236323096,-0.28028543020675456,0.4935351274560229,0.9344425686923857,0.21486485634317107,0.20077886828303323
565.7556130971994,301.0342293593641,298.2953820632176,2.780943714594732,-0.09780096184693465,3.420709707614172,0.769991712492092,2.6339181257041595
566.3561270530518,301.47484716729264,298.2867242846296,6.111620202196799,0.5361550737565821,5.403972253241228,1.2134546751931725,6.557475395309751
566.956641008904,302.0036514909879,298.28031738163963,8.560157198406918,1.5057262351653293,6.653174478602988,1.4934362036555173,9.936091635582622
567.5571549647564,302.4604265071403,298.27579569418236,9.127776495510112,1.967745536330723,6.98035006289037,1.5676012905765908,10.942405767263331
568.1576689206086,302.6942437287087,298.2716232370333,7.556388472903871,1.614552508893548,6.3353407413441865,1.4243751552579966,9.023901952064437
568.7581828764609,302.6373463891051,298.26650549089777,4.3763747153409405,0.8475749465877915,4.76342702562436,1.0736829638117011,5.114410446773118
569.3586968323132,302.3308227527841,298.26058112344094,0.9298658583099355,0.5993134300050711,2.5474222817990344,0.5787023954925361,1.4741993768081636
569.9592107881655,301.90289974136647,298.2557020931762,-1.6576991473518732,1.6578867271061062,-0.027875071294067674,0.0032761615390773055,-9.132323647266237e-05
570.5597247440178,301.5029460930702,298.2546429246841,-2.7412258571942623,4.064880464480188,-2.4931903353466023,-0.5475597661012309,1.365170716868235
571.16023869987,301.23362142069226,298.2596374146343,-2.564430826371258,7.59745529835997,-4.802703627899222,-1.0633255700527806,5.106837572930497
571.7607526557224,301.1108550884583,298.27081749542094,-1.8085136669019544,10.626889638136126,-6.337979354145269,-1.406060866203648,8.911584740670335
572.3612666115746,301.07167872168276,298.2857288281725,-1.3324458146974614,12.064920237370304,-6.985997935606798,-1.5507183044501245,10.833314873596244
572.9617805674269,301.03051457900494,298.30035788880434,-1.5504740893004154,11.273214384551828,-6.650628377524108,-1.4760716988051417,9.816804327333694
573.5622945232792,300.9359580911203,298.3104418677924,-2.193436868671122,8.580808360266884,-5.39773499050911,-1.1969323536438043,6.4607236465355875
574.1628084791315,300.81514608210387,298.3135942602596,-2.515094122863865,4.947487294162823,-3.3463918602533127,-0.7397785141984882,2.4755887983041105
574.7633224349838,300.7544728575049,298.3098970031124,-1.6869620375076773,1.832426260219785,-0.8505517828035505,-0.1833216593459269,0.1559245641831833
575.363836390836,300.8573800238582,298.30165934337055,0.6121315344555882,0.1299853095746477,1.7795137512252037,0.4035068098154489,0.7180459167796043
575.9643503466884,301.17201134019507,298.29225821061164,3.7776226063333915,0.009910054124980139,4.0707191444142,0.9153191017687529,3.726006990818072
576.5648643025406,301.6573521039732,298.2842851491641,7.10130011157112,0.8788878982054078,5.922913115634674,1.3296666689567298,7.875500152986083
577.1653782583929,302.1815865170939,298.27864429113436,9.021615101356172,1.7621793055627237,6.885485863109875,1.54571216773613,10.642979279384043
577.7658922142452,302.57762128856876,298.27444194443854,8.80239141635174,1.9312227415265273,6.86228954321455,1.5415807924096354,10.578773751773042
578.3664061700975,302.7168664877708,298.2700594482333,6.541235520480151,1.3484459491684517,5.870121842460342,1.3206881760250755,7.752600509163904
578.9669201259499,302.5615424542334,298.2645517494471,3.1379149533062116,0.6583732588737039,4.050711323824345,0.9145457807879425,3.7045609503934953
579.567434081802,302.1975994023292,298.25869555166446,-0.13210028005949304,0.8015044267463642,1.6637203825370444,0.38128341799610993,0.6343489940435197
580.1679480376545,301.7625701267985,298.25485215211694,-2.2284534710303427,2.40526135320307,-0.9520426392170322,-0.20318838318507182,0.19344400458575745
580.7684619935067,301.39993387068984,298.25570786268315,-2.8160057810200394,5.306759548091643,-3.3970452289548563,-0.7494021742552966,2.5457530806223514
581.368975949359,301.1835658464527,298.2629357203206,-2.3303051662792944,8.723136026525664,-5.405193100995413,-1.1978275086687642,6.474488986038927
581.9694899052113,301.09915074017874,298.2757608987265,-1.579415064416352,11.363858734933684,-6.673180365856379,-1.4808584280018622,9.88203538635497
582.5700038610636,301.06829932821034,298.291074925334,-1.3335790048144953,12.045275431406976,-6.979126639042778,-1.5492086250772776,10.812123184711663
583.1705178169159,301.0112191592702,298.30457831109,-1.7428329704921077,10.57687172325002,-6.3412240331759655,-1.4071316679245758,8.922937150486302
583.7710317727681,300.9015384344351,298.3125093342554,-2.393628525639603,7.358759922739885,-4.7638065459143455,-1.055652942911564,5.028926399655852
584.3715457286205,300.7889384761144,298.3132136649015,-2.39874164326541,3.803362157616294,-2.5530383407662205,-0.562917470554908,1.4371498850138202
584.9720596844727,300.77479209615973,298.30760620806404,-1.07152845290589,1.0731819267922817,0.0441104502759992,0.016258627769092097,0.0007171753917645167
585.572573640325,300.9474262386027,298.29858871849297,1.6299321363652992,-0.05980397905798451,2.60707167996401,0.5883054650445121,1.5337545170856042
586.1730875961773,301.3304282872907,298.2894405712513,4.962452298460267,0.23764312302716206,4.775610129851595,1.0729387081159925,5.123936963188617
586.7736015520296,301.84929988294346,298.2822786797114,7.9484127581544435,1.2270286285948964,6.351874049262262,1.425835406770131,9.056726918782498
587.3741155078819,302.34734744720936,298.27729250771364,9.191112328244282,1.919637805659833,6.987192220616916,1.5688289716923587,10.961709586487284
587.9746294637341,302.6656524263539,298.27320094144653,8.285801785498908,1.8184986412715225,6.654282709412377,1.495424885222763,9.95097995696282
588.5751434195865,302.7023903202716,298.26845871912275,5.487037308682503,1.0910351636891122,5.353494377529621,1.2054399484158502,6.453315986293851
589.1756573754387,302.46330936851274,298.2626503682667,2.041949815774053,0.5721960974969371,3.350281874791282,0.7580900803557196,2.539815455674834
589.776171331291,302.0558278252143,298.2571680626749,-0.9947450387640486,1.162301334093109,0.8005761010815535,0.18842587880916187,0.15084925539990413
590.3766852871433,301.6324222903227,298.2546233325216,-2.5906710995732842,3.2827940840563024,-1.8209198922487526,-0.39729757703239993,0.7234470611605281
590.9771992429957,301.31564666132687,298.25761235057035,-2.7334321568633406,6.546068642372986,-4.188305788016465,-0.9260880146044854,3.8787397917806428
591.577713198848,301.15032436457153,298.2669656203875,-2.0482160524077706,9.837845756782414,-5.96057784427276,-1.3217826148989216,7.878588169311426
592.1782271547002,301.0945448689055,298.2810965025884,-1.4250006340054633,11.833552616061432,-6.880990193218253,-1.527228626366945,10.508845200833132
592.7787411105526,301.0621526805127,298.29629972132426,-1.4211927707744576,11.754420441255837,-6.855391714108342,-1.5216437069746442,10.431463660619078
593.3792550664048,300.98614201007706,298.30825352331857,-2.0091684852418723,9.516396571363082,-5.8488583733103745,-1.2974024876957713,7.5883234037131215
593.9797690222571,300.866552430511,298.31380545231707,-2.513381925032527,6.105337179993911,-4.058003410864883,-0.8983439977720774,3.645483007089085
594.5802829781094,300.77519447332315,298.31214058018423,-2.127618279830206,2.7460388128064803,-1.7084200896260406,-0.3745894760702809,0.639956186280961
595.1807969339617,300.81780429782566,298.30493217138763,-0.2461548265887099,0.47999502632397284,0.9801011432912795,0.2251157658770629,0.22063621950900134
595.781310889814,301.0669699374969,298.295527743825,2.8053940261672397,-0.082974250034753,3.445435059823105,0.7755906267782403,2.672247137571926
596.3818248456662,301.509701187658,298.28691139666546,6.137777867684153,0.5611410392533385,5.424327580052659,1.2180844092504313,6.607288855929265
596.9823388015186,302.03935132982775,298.2805642535562,8.606746122074863,1.5415692811149877,6.68000725216338,1.49951253938897,10.016754637828244
597.5828527573708,302.49184232534463,298.2760693597038,9.10713682398406,1.9796554582770478,6.977030180656477,1.566941967794135,10.93260140063693
598.1833667132231,302.72000923832866,298.27189064960913,7.534071279242152,1.6229757427832783,6.330035544214285,1.4232583912044712,9.009276204925543
598.7838806690754,302.6562658866279,298.26674688850284,4.3279232150029765,0.8497516290992118,4.741616930722013,1.0688676399718957,5.068160898391621
599.3843946249277,302.34576176108004,298.2608103443315,0.8696443817160222,0.6139959745300205,2.507882049964648,0.5699226895903706,1.4292988830912643
599.98490858078,301.91326790884824,298.2560092901543,-1.6919076458007478,1.6918067070888456,-0.06571107521247205,-0.0051355787466988425,0.0003374644012839006
600.5854225366322,301.51493572487163,298.2551320112189,-2.774123992039895,4.235110882550186,-2.616653652935464,-0.5750637761787322,1.5047427306089416
601.1859364924846,301.2494555921381,298.26023556999803,-2.5588970480399826,7.686877396011233,-4.847574812508124,-1.0732927788741085,5.2028670413169795
601.7864504483368,301.1294489582291,298.27149952708857,-1.8030544829569604,10.683924166584992,-6.360535403825077,-1.4110445421374624,8.974998766639475
602.3869644041891,301.0913657297103,298.2864415747984,-1.3402426210712202,12.07738992173624,-6.987840409801047,-1.5510798155470655,10.838698213906538
602.9874783600415,301.0491493868,298.30099554193544,-1.577443233032814,11.221400151470199,-6.624138051326367,-1.4701171660928103,9.738259059823468
603.5879923158938,300.95480444196284,298.31104712625415,-2.2322252967339447,8.44286764984363,-5.3234980872195266,-1.1803290716538892,6.2834795552390785
604.1885062717461,300.83388364305057,298.3141099114862,-2.5204194734597625,4.860452225964434,-3.2834042862388486,-0.7256840304492295,2.382714056032083
604.7890202275983,300.77803517366624,298.31015636849037,-1.6404353829994025,1.754009825727524,-0.7569815123819782,-0.16239360767866665,0.12292895874176271
605.3895341834507,300.88290070810723,298.30187310367893,0.6617919415934177,0.12274437506759939,1.830481319260048,0.4149391145902882,0.759538297887827
605.9900481393029,301.20681233091386,298.2924532212133,4.006184582947234,0.04777273787055014,4.212594192287864,0.9470491725560211,3.9895338441205217
606.5905620951552,301.69207869530084,298.2845328480518,7.217786455111419,0.9294454606527467,5.984593459969997,1.3435119358309382,8.040372744565463
607.1910760510075,302.21518738139923,298.27894133891317,9.044414657914555,1.7897851389642119,6.901136040527352,1.5492890438648432,10.691854457809832
607.7915900068598,302.60613649920543,298.27475097434115,8.773466930647777,1.9387002294725413,6.854861902420996,1.5399977439265073,10.5564718646561
608.3921039627121,302.73515714684146,298.2703252344996,6.4529499678928435,1.3360769088839515,5.8317443478859134,1.3121764040879045,7.652277327968899
608.9926179185643,302.57722200505344,298.26479098891565,3.097555810934751,0.6627595786364104,4.030847528457453,0.9101560802430356,3.668700386558164
609.5931318744167,302.205899496276,298.2589577630414,-0.19236275620898113,0.8246871110260905,1.6149170072923023,0.37042054417555254,0.5981984366395694
610.1936458302689,301.77194356279904,298.255168234183,-2.2361782106082977,2.415402565878849,-0.9582648208224263,-0.20455243763840206,0.19601540500235387
610.7941597861212,301.4121764197716,298.2561775694113,-2.8231122151051133,5.3976428534359915,-3.452989571911069,-0.7618478566615423,2.6306527044351045
611.3946737419735,301.1998965542995,298.2635520892495,-2.311102658080017,8.855640241633193,-5.468623367461342,-1.2119323917791671,6.627601797466868
611.9951876978258,301.11753632309455,298.27647320225475,-1.579029920631443,11.400386292255687,-6.685972530101418,-1.4836652500303225,9.919745105568788
612.5957016536781,301.0870833751991,298.29179952300933,-1.336960321348894,12.069412231353578,-6.986154189033446,-1.5507288572488493,10.833630902124098
613.1962156095303,301.0283670387136,298.3051925417577,-1.7856020971964222,10.461289924970028,-6.284850171798978,-1.394516523124684,8.764327409936685
613.7967295653827,300.91716642999177,298.31289894614537,-2.414586464828605,7.271293726855047,-4.712270743651053,-1.0441201201204307,4.9201766949009285
614.3972435212349,300.80619257571186,298.313378236249,-2.393718961435746,3.734888696750863,-2.4959998189946555,-0.5501526509454181,1.3731809171791935
614.9977574770872,300.7945167663596,298.307638192069,-1.046583350195955,1.0502853669647714,0.08612006275360115,0.02567857835014815,0.0022114407789380224
615.5982714329396,300.9751591993036,298.29857955145934,1.7203578630392116,-0.06051561934994787,2.681337748283883,0.6049399798445203,1.6220484034032037
616.1987853887919,301.3658511036451,298.28946978233347,5.141692031192399,0.28599832227480126,4.879531391769478,1.096206635665333,5.348974690595
616.7992993446442,301.8838494015805,298.2823784573538,8.00707047282157,1.2645697532306952,6.384808678690853,1.433269925452206,9.151154258933838
617.3998133004964,302.3790595794067,298.2774431960583,9.183563581097065,1.9362053778115957,6.989504452516094,1.5694267757035176,10.969515436677714
618.0003272563488,302.6907007232889,298.2733553078407,8.177379075113306,1.7993326532466392,6.611215226881743,1.485885062615377,9.823505951358912
618.600841212201,302.7193089461861,298.26859210203423,5.3644276791508485,1.0742167136608516,5.295335395882578,1.1925134183906463,6.314758514468919
619.2013551680533,302.4715234374219,298.2627672747592,1.855829829430432,0.5796517272074435,3.231075376029902,0.7315265387524758,2.363617386275508
619.8018691239056,302.0637113578538,298.25731169137555,-1.077990602627845,1.215147271734879,0.7179088150781855,0.17001013215263866,0.12205177252498654
620.4023830797579,301.64164975848047,298.2548719800703,-2.6280283415458023,3.390856798635293,-1.908868833851159,-0.4168879777558276,0.7957844679453345
621.0028970356102,301.32828424247583,298.2579216439688,-2.7353480320812684,6.597216194398435,-4.215131461832895,-0.9320384053209362,3.928664405904838
621.6034109914624,301.16594649997927,298.26737378558386,-2.033404874683088,9.930149397544456,-6.001340125408589,-1.330833541609056,7.986784733498049
622.2039249473148,301.1113683958961,298.281555948309,-1.4153693593477858,11.894895971086672,-6.904529575213417,-1.532435626726446,10.580747106843454
622.804438903167,301.0791064423148,298.29676264036453,-1.4358507969995518,11.740753265866973,-6.846344727553903,-1.519583188837412,10.403590352976563
623.4049528590193,301.00149750075144,298.3085922732638,-2.0155884689226773,9.526039743090456,-5.850366876301927,-1.2976998191798599,7.592020037512853
624.0054668148716,300.8805945390982,298.31388612141654,-2.5281406675341156,5.983266647055504,-3.981066921686133,-0.881149811418605,3.5079163672885825
624.6059807707239,300.7918961233898,298.31201511735225,-2.085140632924081,2.618124199605269,-1.5894174077102865,-0.3480065171565511,0.5531276163652509
625.2064947265762,300.83967299855703,298.3047215702762,-0.28535644790995773,0.5061888357905387,0.9508314680383577,0.21864570996310664,0.20789522138450967
625.8070086824284,301.09089589999326,298.29533010566394,2.8431648555289115,-0.0718482418594959,3.4762501824535796,0.7825255914310383,2.7202547299867423
626.4075226382809,301.5360580164526,298.2867642115836,6.249275806148496,0.6007831868380049,5.48534646561178,1.2317614056702886,6.756638073070516
627.008036594133,302.0661305267861,298.2804773506183,8.630743388797594,1.5652202182068955,6.695355135074862,1.5030052442339032,10.063153880025911
627.6085505499854,302.51712891048425,298.27603166148805,9.100949415553762,1.9929061661404963,6.978832994850156,1.5674099313185208,10.93869214514151
628.2090645058377,302.7383072382934,298.2718507727415,7.424399138719318,1.6018162090121382,6.283774428047822,1.4129892826780592,8.878905921598024
628.80957846169,302.6656404974284,298.266678130794,4.221496929677784,0.8382535833922509,4.6862659238241475,1.0565482163164501,4.951265903000964
629.4100924175423,302.34951619487146,298.2607448528629,0.7668219820798925,0.6318433350133266,2.432865806688697,0.5532030233994639,1.3458687197853627
630.0106063733945,301.91580050030734,298.2560297188807,-1.7608315969406119,1.7625199236218576,-0.15365972268269612,-0.02474274483596083,0.0038019633099024524
630.6111203292469,301.5224317529767,298.2552610971724,-2.7989389740638684,4.386055449433019,-2.7249769813062006,-0.5992021282792238,1.63281200671057
631.2116342850991,301.2607304341254,298.2605458652217,-2.5440716928763356,7.816986981093255,-4.915059263150946,-1.0883141607768752,5.349128597144728
631.8121482409514,301.1437534644106,298.27195249363524,-1.7811210699984743,10.789123747388366,-6.405785904390392,-1.4210999468212855,9.103262008077726
632.4126621968037,301.10657664633146,298.2869676560605,-1.3438142830194186,12.094503002811129,-6.992471763784407,-1.5520744477155954,10.85283675094258
633.013176152656,301.06304729275433,298.30146108207714,-1.6004577863463518,11.172993804042433,-6.599978018172671,-1.4646942002741858,9.666949525154626
633.6136901085083,300.96716904152413,298.3113289822103,-2.260581398662053,8.335258717287385,-5.26562554616818,-1.1673912860869522,6.147045378393582
634.2142040643605,300.84616104713825,298.31416387946155,-2.520096842326197,4.732573516546763,-3.194095830975345,-0.7057352565681555,2.254186040776661
634.8147180202129,300.7908689457988,298.3102155856191,-1.5912366666092201,1.6786736978287489,-0.6697497981995848,-0.14290653994637378,0.09571162629048474
635.4152319760651,300.9025146761436,298.3018432283603,0.7930933902130064,0.09138408085763716,1.946020279764641,0.44075694928226644,0.8577219617504859
636.0157459319174,301.2237494918884,298.29244447336526,4.030345128555695,0.05869077676449952,4.2307042657474225,0.9511320626313768,4.0239584746637105
636.6162598877697,301.7174343400526,298.2845784598178,7.270785891069934,0.9582033742701599,6.014401795538727,1.350225461696037,8.120798441206752
637.216773843622,302.24088556925267,298.27904401562824,9.019871202528613,1.7971016500171528,6.895144944828812,1.548019568956143,10.673819305384026
637.8172877994743,302.6267854763584,298.27486440903067,8.714534521449652,1.931758495319098,6.833160240510156,1.5352114364897766,10.490345748598424
638.4178017553265,302.7484893928661,298.27040969724436,6.417251572473274,1.3345421394257486,5.817370837950486,1.3090054028126863,7.6149698570421505
639.018315711179,302.5821823824657,298.26485311399585,3.137397309752785,0.6683773987420065,4.055507713137947,0.9156683744383332,3.713500155211146
639.6188296670312,302.2097589514903,298.25903325151234,-0.25266752827598205,0.8473616767733608,1.5639836221468137,0.35907157835358033,0.561582067723406
640.2193436228835,301.77601344597025,298.2553264244298,-2.2928255486676994,2.512576992502214,-1.0545063967981576,-0.22600539320571553,0.23832413284630988
640.8198575787358,301.41928961135494,298.256473731928,-2.826923625840535,5.451806919878718,-3.486173759989775,-0.7692306239637909,2.68167161664313
641.4203715345881,301.2110836155996,298.2640621178484,-2.306150077179014,8.906761715414534,-5.49196830389319,-1.2171108300708835,6.684334101074422
642.0208854904404,301.1305228587239,298.27706316024717,-1.5719718599228991,11.447822767643522,-6.704574973540908,-1.487781574529044,9.974943110682716
642.6213994462926,301.09989131496775,298.2923843609077,-1.3512647799797095,12.04926739382499,-6.9752258177787,-1.5482598733656285,10.799462241330712
643.221913402145,301.0399383735477,298.3056674777503,-1.8096217035991233,10.39947469743968,-6.254113648904139,-1.3876329935285954,8.678414444496896
643.8224273579972,300.92775015338225,298.3131814768256,-2.434134224097715,7.1711758370082155,-4.6546015626034345,-1.031232323402778,4.799975583917741
644.4229413138495,300.8180956414929,298.31350141358894,-2.3757080638891974,3.613429100718645,-2.399733021213047,-0.5286532296422095,1.2686266119433343
645.0234552697018,300.8113646453171,298.3076362969829,-1.0136155690724022,1.0207704679973941,0.13588119320165898,0.03681982000969534,0.005003121076387722
645.6239692255541,300.99856568489463,298.2985225327859,1.829486749350716,-0.06363998505309487,2.766693783033471,0.624036566848884,1.7265180898863584
646.2244831814064,301.38839940219935,298.28944315553355,5.249329987475833,0.3167046628767445,4.941612831182248,1.1101103692084353,5.485735644508866
646.8249971372586,301.9081524443137,298.28239850699254,7.9943072303238685,1.2750748435973245,6.383598798692314,1.4330633083696163,9.148101213758316
647.425511093111,302.40149877063226,298.2775020773529,9.187464661480892,1.9510719166851962,6.995069456991715,1.5707260947525208,10.987338130703233
648.0260250489632,302.70822218472756,298.273422522784,8.101142821166302,1.7859973778452196,6.580817730810946,1.4791514500646066,9.734026089139885
648.6265390048155,302.7268612569931,298.2686076321729,5.26538634402701,1.0577613599049989,5.246793925432327,1.1817076485495939,6.200176512046927
649.2270529606678,302.4753420386506,298.26277556630885,1.7419016571346753,0.5853370646725142,3.1567399114660213,0.7149586701372027,2.2569385690707775
649.8275669165201,302.0666730104635,298.25735418467957,-1.1522495605173915,1.2638020888484964,0.6409153319865518,0.1528471710396877,0.09796209537010671
650.4280808723724,301.64549276020665,298.2550129394632,-2.6475146525647193,3.451279627824974,-1.957907852257497,-0.4278146881184759,0.837621737178256
651.0285948282246,301.3359644942188,298.2582327861093,-2.7299389204043063,6.699205959662452,-4.272726969531002,-0.9448637808961452,4.037144959167991
651.6291087840771,301.1772658808207,298.2678891572557,-2.026065543995395,9.98294110315001,-6.024142184632859,-1.3358905806613546,8.04759480101575
652.2296227399293,301.12406308571025,298.28216147868227,-1.4198505375359602,11.904382921179819,-6.9063783917874195,-1.532816472315387,10.586210562974808
652.8301366957816,301.0903034898622,298.29729660409794,-1.4477589399828679,11.7243165529216,-6.83717630882068,-1.5175107578080425,10.375488601665664
653.4306506516339,301.01135089278506,298.30898137300386,-2.050937598477092,9.404625066388283,-5.789649138778308,-1.284134332516768,7.434687232331363
654.0311646074862,300.89043542233577,298.31414349775855,-2.533738357917157,5.96864522279018,-3.9697012075769793,-0.8785901644811808,3.4877404369062
654.6316785633385,300.8032810721893,298.3121863801602,-2.073241076554906,2.5797064989039384,-1.5506670655746273,-0.3393354952524086,0.5261963766683653
655.2321925191907,300.85382668337223,298.3048348554898,-0.16364907313318522,0.44404810758156077,1.0767788065510286,0.24677016553234765,0.2657168843343211
655.8327064750431,301.1103348956661,298.29542332282864,2.9060148373075867,-0.06248412711627749,3.5215448355622816,0.7926772463514988,2.791448463156851
656.4332204308953,301.5596669169742,298.2868871829989,6.306638194306953,0.6269321374636243,5.518616624010161,1.2392422158869703,6.838902693769023
657.0337343867476,302.09057978903235,298.28065005087603,8.667524291972374,1.591426628569459,6.715783786410785,1.5076242873631904,10.124878745072829
657.6342483425999,302.5374604479202,298.276221094179,9.072893889682483,1.9956734302135468,6.97043762356887,1.565590077606315,10.912847980033165
658.2347622984522,302.7501521391636,298.2720107527896,7.309484713247804,1.575609175500201,6.233641613327625,1.4018394186315273,8.738564535184492
658.8352762543045,302.6729291233434,298.26681222259765,4.117988822090517,0.8265642128906183,4.6316065548865994,1.0443770798017176,4.83714372858296
659.4357902101567,302.35126799970755,298.26087333575725,0.6997077447094591,0.643957780646482,2.3831070040917326,0.5421103813530657,1.291907046793331
660.0363041660091,301.91912051547524,298.25619213134166,-1.8302509302162986,1.8373815560085336,-0.2442094296536601,-0.044928301482069916,0.010971914880243986
660.6368181218613,301.5260241547856,298.25554905013246,-2.8139012527487477,4.4924540197282266,-2.8008026562890134,-0.616103650027305,1.7255847395458326
661.2373320777136,301.26811682992604,298.2609890366985,-2.529454216434255,7.927927109719421,-4.972732512081396,-1.1011579821330677,5.475764098691051
661.8378460335659,301.154935578192,298.27258089256014,-1.7645240200090528,10.868178336041517,-6.439624542903661,-1.428618939591613,9.199769585851152
662.4383599894182,301.1181085799094,298.28763108948567,-1.345564580225581,12.109888213574951,-6.997063673994465,-1.5530702162923444,10.866931193581891
663.0388739452706,301.07336569733616,298.30203494566797,-1.6164376003834395,11.140066599217041,-6.583390950896542,-1.4609697038118035,9.618134727608627
663.6393879011227,300.9763208072188,298.3117584518257,-2.2712324737824288,8.306049996619873,-5.2486273502700085,-1.1635777631640893,6.107186071909037
664.2399018569752,300.8557061077731,298.31447791824195,-2.5196088689329237,4.652312770703219,-3.1369538153681438,-0.6929678100391451,2.173808015629603
664.8404158128274,300.80431622607983,298.3103053647588,-1.6076247220791686,1.699583972304241,-0.6859694174805365,-0.14648896230890418,0.10048694814236728
665.4409297686798,300.921505066106,298.30185117797447,0.7716278633249818,0.10361845379577916,1.9352694317078882,0.43840877499102465,0.8484391008326317
666.041443724532,301.25818137827787,298.29245862288366,4.16431827927326,0.09021839173158885,4.315897484656337,0.9702208504671551,4.187373728092327
666.6419576803843,301.7496930065637,298.2846605714162,7.2708448528399785,0.976769000979121,6.02070934534624,1.3517158750913791,8.138288401415537
667.2424716362366,302.26990710169434,298.2791800939257,9.04566879585193,1.823062808355806,6.911282185476358,1.5516935667860685,10.724192105446825
667.8429855920888,302.64801829178964,298.2750119772591,8.682728285679472,1.9340508796304072,6.823207948536049,1.5330468237402974,10.460297273222741
668.4434995479412,302.76036609974057,298.2705209140027,6.3277941146030106,1.3186577443199323,5.776969129424628,1.3000259130738556,7.510209567279729
669.0440135037934,302.58622441427366,298.2649249128516,2.9829450793863463,0.658533376259707,3.965287978858675,0.8955585210970382,3.5511474380705383
669.6445274596458,302.20889495838566,298.2591230703837,-0.308031843539877,0.8676091488511012,1.5150576527003807,0.348157961465819,0.5274793838673534
670.245041415498,301.7764461973447,298.2555084137777,-2.294119900438006,2.514804910973522,-1.0566166838927928,-0.2264753623041834,0.23929764630126507
670.8455553713503,301.4237512905255,298.2568102145064,-2.829353007317827,5.582711782248452,-3.569201509596677,-0.7877361668480205,2.8115891158778545
671.4460693272026,301.21932735593276,298.26450326644823,-2.296540180561877,8.97117045728806,-5.5225236366720525,-1.2239047629290007,6.759042982310912
672.0465832830548,301.14130611730315,298.2776286827168,-1.5584793954344878,11.511378049554022,-6.730661853531914,-1.4935726977051558,10.052732781920845
672.6470972389072,301.11088123268723,298.29296331776976,-1.3654763908981566,12.025890285694485,-6.963229775802745,-1.5455575013887115,10.762072013885168
673.2476111947594,301.05032788605274,298.3061935360612,-1.8279822659565996,10.354849111667772,-6.231490720671379,-1.3825621112258333,8.615422966855611
673.8481251506118,300.93696349086485,298.31356836085763,-2.450377802976212,7.085320805394173,-4.604818630457768,-1.0201071022111976,4.697408189324409
674.448639106464,300.82758691195806,298.3136495952588,-2.3564159867066845,3.5019255564984375,-2.31044406106382,-0.5087163001928173,1.1753605545468544
675.0491530623163,300.82452655537395,298.3076862608559,-0.9015840699160407,0.9245222320200841,0.27698716857682976,0.0683224343634334,0.018924437644603713
675.6496670181687,301.0144485089455,298.298550250442,1.8803259276785265,-0.062451243703876,2.8075690080099758,0.6331935459222731,1.7777345756033152
676.2501809740209,301.41295383640255,298.2895003890685,5.375111482552423,0.35246594468195713,5.01316239449491,1.126130622012957,5.645475685564518
676.8506949298733,301.9371464829462,298.28253233997657,8.137013614685415,1.334665278426875,6.453064741875878,1.4486302422155708,9.348104740056414
677.4512088857255,302.42618953950364,298.2776780849223,9.173613676061885,1.9612499561466052,6.993475485248905,1.570434423391592,10.982794641180098
678.0517228415779,302.72419549578706,298.2735789593621,8.03792695469125,1.7758421151379662,6.5557898262878265,1.4736110653818284,9.660684430335357
678.6522367974301,302.73701781349905,298.268741777035,5.261625189905513,1.0624877927155003,5.247025172341915,1.1817853052768106,6.2008572450912
679.2527507532824,302.4792026904444,298.26288587949955,1.667170261497625,0.5903116896350775,3.107893561610179,0.7040750530962847,2.1881903244082883
679.8532647091347,302.06410488330425,298.25752656502345,-1.1101400832387993,1.235768000152839,0.6842371417666663,0.162501371334641,0.11118947385517843
680.4537786649869,301.64520336560724,298.2553243172587,-2.659254125493359,3.4920640602348323,-1.9918924156533548,-0.4353952561689181,0.8672605085743176
681.0542926208393,301.34013630859477,298.2587469871748,-2.721380124274002,6.806987307384225,-4.334171167156039,-0.9585571249412609,4.154550652992402
681.6548065766915,301.185083556789,298.2685074257578,-2.013699090075407,10.046386883997664,-6.052656693186975,-1.342230952813916,8.12406316035188
682.2553205325439,301.13371777303735,298.2828434096204,-1.4187570041381417,11.925053621377819,-6.913648503815432,-1.5344144492137066,10.608402161039123
682.8558344883961,301.09974130587074,298.2979469855176,-1.4655203221829838,11.68584215539386,-6.818731344409801,-1.5133744169495338,10.319293572681692
683.4563484442484,301.01925029318494,298.3095022032568,-2.0675540852185526,9.353766849114002,-5.7633731216648485,-1.2782552308506638,7.367061840112212
684.0568624001007,300.8981029014428,298.31445370952724,-2.5428138919319734,5.86698406616032,-3.906050989993828,-0.8643761802300738,3.376297434514763
684.6573763559529,300.8127891872096,298.31226253394107,-2.04058013616269,2.493540979055947,-1.4690140425426215,-0.3211012488521678,0.4717022436418073
685.2578903118053,300.86826093421644,298.30481369234764,-0.08978644107392464,0.4103095706804917,1.1540662288252062,0.2640439002615054,0.30472414821909444
685.8584042676575,301.13440884548277,298.2953732087167,3.0178194239275253,-0.0495145065100453,3.598624358623737,0.8099297817035165,2.9146330412130803
686.45891822351,301.59078087481174,298.2869100483691,6.3536008919288784,0.6551291707625357,5.548212514097469,1.245923410150893,6.912647855806178
687.0594321793621,302.12085649957686,298.2807493094098,8.719794026062893,1.6261944298558175,6.7439664791712275,1.5139879420861981,10.21028393129875
687.6599461352145,302.5601212857773,298.27634250508567,9.037964805410738,1.9976010431195657,6.95953324507097,1.5632169218823047,10.87926013709741
688.2604600910668,302.76473756922064,298.2721148488511,7.217136040680922,1.5578048315029793,6.194140343392698,1.3930678071427116,8.62885750530427
688.860974046919,302.67723565761446,298.26686682166184,3.964278546814958,0.8069571319243574,4.548272818848295,1.0258036277870815,4.665634757739956
689.4614880027714,302.3502079982532,298.26092132172755,0.5585724370501512,0.6699237986561999,2.275580210726316,0.5181276090809438,1.1790409338555363
690.0620019586236,301.9180121562523,298.2563281867707,-1.8982711493921807,1.9149122036643216,-0.3381013643857405,-0.06587067611664375,0.022270965468048465
690.662515914476,301.5276604413293,298.25580477629774,-2.827662732929141,4.608340635977246,-2.8830511033731723,-0.6344425417497804,1.8291302700185843
691.2630298703282,301.2742453599402,298.2613868207633,-2.5314847655408954,7.934526901016098,-4.974914657962,-1.1016297137696922,5.480513810679324
691.8635438261805,301.16329451801994,298.2730601525487,-1.7489658222427822,10.937567612890334,-6.469502285282916,-1.4352615602434462,9.285427943973698
692.4640577820328,301.12783796647295,298.2881742580689,-1.3504602138452166,12.11254329145197,-6.996501533038048,-1.552920942228622,10.865013752989444
693.064571737885,301.0821093041368,298.3025146521256,-1.6261553434203935,11.12472461654197,-6.574932450735593,-1.4590618383823053,9.59323302880975
693.6650856937374,300.98225693452855,298.31197787213364,-2.2991227197085955,8.17802916490354,-5.181091156023584,-1.1485014249663321,5.950490575573546
694.2655996495896,300.8625100880142,298.3145011454351,-2.517810965953376,4.579741132682126,-3.0853292821022347,-0.6814372119926143,2.102458184074921
694.866113605442,300.813866212542,298.3101913765432,-1.617801847724789,1.712349376035153,-0.6951117474514682,-0.14850266936666923,0.10322595000467306
695.4666275612942,300.9351145470911,298.3017016107815,0.8228744625587132,0.09432786155896444,1.9819545380152561,0.44885597850605075,0.8896121435153456
696.0671415171465,301.2668414083708,298.2923265795151,4.207704121718574,0.09954352191791482,4.342717273479909,0.9762248993398683,4.239468733164432
696.6676554729988,301.7676672420258,298.28459187118756,7.361036760894128,1.0116276079622406,6.066322811949536,1.3619352386648687,8.261938806710628
697.2681694288511,302.28813575688554,298.27915624734214,9.056478923694236,1.8376666229671024,6.919120026793608,1.5534890147617093,10.748776953441613
697.8686833847034,302.6625800758257,298.27500380125605,8.65226710699492,1.932884755462363,6.812668506784014,1.5307343113415413,10.428385435130235
698.4691973405556,302.7691311476764,298.27050496473504,6.279241445511737,1.3115122793091776,5.7554505786824,1.2952498479332988,7.454746486825996
699.0697112964081,302.58985978950926,298.2648908495976,2.864340353176524,0.6524308469868418,3.8954302218929793,0.8799888734910406,3.427935252726557
699.6702252522603,302.21032800772224,298.25911224253645,-0.4100152053811208,0.9077474943655872,1.4249458165447988,0.3280655954038798,0.4674756977230371
700.2707392081126,301.7769543187197,298.2555929175589,-2.3721168642606676,2.6609664341996018,-1.19990519281241,-0.25842948091912815,0.3100908761306775
700.8712531639649,301.42627547266454,298.2571233597734,-2.8294293058380173,5.708718685587208,-3.6486943279425015,-0.8054583556303591,2.9388713335823855
701.4717671198172,301.2250089870713,298.26497825769974,-2.2617025849768377,9.140442917298893,-5.60563258009887,-1.2424255983980965,6.9645814127292045
702.0722810756695,301.14944535444624,298.27819696989576,-1.5447406630843243,11.570181605604084,-6.75509586781413,-1.4990020989678003,10.125902884582095
702.6727950315217,301.11851124465323,298.2934879646013,-1.3694379786325228,12.027408444173936,-6.962561867923802,-1.5453900558079146,10.759873873636822
703.2733089873741,301.05529884528033,298.30652294334874,-1.8680398047423972,10.219356926447821,-6.167589509003086,-1.368299220266704,8.439107916094025
703.8738229432263,300.94127934035293,298.3136674568947,-2.4693762702100415,6.954096925758742,-4.530406106190557,-1.003501155995093,4.5462677646894525
704.4743368990786,300.83359477465973,298.3135600837599,-2.3554514245448805,3.4870725808820486,-2.2967703339885874,-0.5056510094829257,1.1613642379317657
705.0748508549309,300.83329820243347,298.3075017496172,-0.8219713175044419,0.8609239726031379,0.37397269030581387,0.08997479114961397,0.03364811470592487
705.6753648107832,301.0322385836729,298.2983503317109,2.0252115869970098,-0.06827170706321484,2.914445477550653,0.6570752267272529,1.9150099229458122
706.2758787666355,301.4344754193804,298.2893362943158,5.367479391507391,0.36276139708998567,5.013961356887604,1.1263652430827935,5.647551802558439
706.8763927224877,301.9609490738668,298.28243986293853,8.178057099020812,1.3611621502504139,6.475841129262387,1.4537718684219942,9.414395658091777
707.4769066783401,302.44781891272123,298.277645503216,9.169028930108968,1.9728268206994142,6.995314901028892,1.5709010175006708,10.988947295763891
708.0774206341923,302.73738649865317,298.273542866427,8.09821986785541,1.802348490314468,6.584829910881592,1.4801218125630153,9.74635038311322
708.6779345900446,302.74309024336975,298.2686837752602,5.130654592761978,1.039272565590399,5.181602603436761,1.1672111682132962,6.048024427974479
709.2784485458969,302.4767936224974,298.26281603576905,1.6001655228607627,0.5927825473213628,3.0621302576294256,0.6938631463308497,2.1246993350336485
709.8789625017492,302.06120665429256,298.25749467025736,-1.2252430155723157,1.3126188479337477,0.5597419133158513,0.13472983846826803,0.07541393756496394
710.4794764576015,301.64252449855337,298.25544957601113,-2.6661007310990588,3.5192722786410204,-2.0153227765548616,-0.4406278330492196,0.8880073079281052
711.0799904134537,301.34182493558217,298.2590982074266,-2.7127690725253557,6.896986400676196,-4.385539493509909,-0.9700094561043804,4.2540147788238265
711.6805043693062,301.18974049701893,298.2688782123215,-1.997597667249892,10.116847665067496,-6.084982232982811,-1.34942881744524,8.211250378829291
712.2810183251584,301.1408762488641,298.283331228204,-1.412661543450203,11.956638036287398,-6.926062377967163,-1.537165544427471,10.646504445966519
712.8815322810107,301.10583376612334,298.2983805120503,-1.4822679148306674,11.644261362395007,-6.799485338562859,-1.509067575961678,10.260882857652025
713.482046236863,301.0229788234054,298.309710245996,-2.0926662336966184,9.257212124225617,-5.715511260786785,-1.26757224380051,7.244823433302587
714.0825601927153,300.9021106360813,298.31449929964316,-2.5500816455291417,5.747611391625193,-3.8318649090287917,-0.8478213965253724,3.2487370584693593
714.6830741485676,300.81983557179075,298.31213863888854,-1.9996647287356377,2.3950319308971344,-1.3754617952032355,-0.300219205548175,0.41294004741778195
715.2835881044199,300.88272935916535,298.30457412648934,-0.12587186370620174,0.43155786456174505,1.1257357511238755,0.25776411221972095,0.2901742764824465
715.8841020602721,301.1553379915062,298.29511485062756,3.142490211528923,-0.036225967084526856,3.682071888856632,0.8285948232985069,3.05094570611956
716.4846160161244,301.61207773748714,298.2867134725306,6.521437627708089,0.7066244322447046,5.634878109760623,1.2653069189063937,7.129850259474298
717.0851299719767,302.14228199913185,298.2806187577161,8.76444065815662,1.6534631343427781,6.767220699354919,1.5192300434602641,10.280964997186173
717.685643927829,302.57762677608883,298.27625057329334,9.026090613198694,2.0042713748472893,6.957566795826631,1.562824179179155,10.873453616771899
718.2861578836813,302.7752694562684,298.2720167460181,7.104193649922097,1.5322604969288904,6.144259738539943,1.3819714435123258,8.49119150018471
718.8866718395336,302.67929090777875,298.26674241984585,3.8482278426410876,0.7925152418753543,4.484545094660854,1.0115971805654924,4.53655317387773
719.4871857953859,302.34693879655185,298.26081447484444,0.5092006269132545,0.6787298984423984,2.236561682836447,0.5094177336651152,1.1393441836727791
720.0876997512381,301.91299759689855,298.2562868184171,-1.8882565598221543,1.9036161507902905,-0.3273175815200961,-0.06347869464359744,0.020777692808794993
720.6882137070904,301.5273567858628,298.25588298669925,-2.8362838742134926,4.695069139556577,-2.9443511661876625,-0.6481142555089261,1.908275964030555
721.2887276629427,301.27676587253586,298.2616682235647,-2.519618205052833,8.011115736027941,-5.015081253052732,-1.1105815647126882,5.569656785176572
721.889241618795,301.1695719124314,298.27348390352364,-1.7400757916928966,10.979804418373003,-6.487437857875663,-1.4392461932643956,9.337020240986874
722.4897555746473,301.13453005273857,298.2886170691927,-1.3535660828839589,12.115034819543148,-6.996412744263249,-1.552884875991891,10.86462353676332
723.0902695304997,301.0868274925016,298.3028489791869,-1.655953412226316,11.034579279954386,-6.533673277662191,-1.449849090383804,9.472840258483496
723.690783486352,300.98645747158355,298.3121752516721,-2.314174018270731,8.109835043415597,-5.144680833847644,-1.140371025330513,5.866844957493077
724.2912974422042,300.86695790202253,298.31431862296785,-2.514104118939037,4.502850937200703,-3.0309626334486297,-0.6693006831190863,2.0286253610755924
724.8918113980565,300.82241129227543,298.3098287616788,-1.5090679574220485,1.5601104898053433,-0.5226208709399865,-0.11001175199946979,0.057494437643596706
725.4923253539088,300.9499742621301,298.3012613819768,0.8875970684838945,0.08275902214786379,2.0396214936656922,0.4617562893278811,0.9418080525484603
726.0928393097611,301.28901883450413,298.2919194086437,4.329518855262593,0.12540847554210033,4.417026901691626,0.9928557049110583,4.3854703580901475
726.6933532656134,301.7889533682879,298.2842504479421,7.436954236670138,1.0449687139078478,6.105793499779728,1.3707940115983543,8.369785165554209
727.2938672214657,302.3078840025463,298.27889150958714,9.070912652366948,1.854554161230634,6.928810057947262,1.5557021074774668,10.779164409459623
727.894381177318,302.6762559368926,298.27476375892735,8.588689120152104,1.9206101646882057,6.78769635976921,1.5252014136026018,10.352604083025234
728.4948951331702,302.77734411059623,298.2702622289389,6.113523110940937,1.2755503195892706,5.677277518247466,1.2778382356803406,7.254642287385005
729.0954090890225,302.589536847238,298.26464504115245,2.6769997789021334,0.6420879338842189,3.782209782573395,0.8547390263548528,3.2328023070265828
729.6959230448748,302.2053780702024,298.2588991961311,-0.5182350198409797,0.9515267922993422,1.3249814295569244,0.3057598941155869,0.4051261816064442
730.2964370007271,301.77042291379365,298.25553665104616,-2.4209723408822947,2.763120781279622,-1.3003331175379624,-0.28084308140415704,0.3651895595812353
730.8969509565794,301.4242688887514,298.2572029399522,-2.825338410251285,5.863656160080852,-3.7465514884609097,-0.8272872185887099,3.099474160188217
731.4974649124317,301.22775301224624,298.26522240979466,-2.236045825035003,9.258525018713806,-5.663402358825819,-1.2553025120092316,7.109283207553059
732.097978868284,301.15560190464987,298.2786222323452,-1.5282310094108456,11.633851422598735,-6.781954005223234,-1.504976899698645,10.206684112679671
732.6984928241362,301.1247576217624,298.2939532063442,-1.3866721751144448,11.985852885372921,-6.943570422246161,-1.541139667026462,10.70101180851524
733.2990067799885,301.05999711522037,298.3068795076706,-1.880466879657133,10.18323796163858,-6.149853605640116,-1.3643325803731912,8.390445638700353
733.8995207358408,300.945524980646,298.3138900318991,-2.486476672103085,6.8289555587660375,-4.458788534255261,-0.9875190250096759,4.403138506072077
734.5000346916931,300.83992766330334,298.31368052694177,-2.32010788058445,3.32397027192882,-2.165916797955664,-0.47645278141632064,1.031957082702307
735.1005486475455,300.84641048837955,298.30740138747444,-0.8025350666580588,0.8471127211050937,0.4028856085940119,0.09645714096942869,0.03886119394270668
735.7010626033978,301.0457482859977,298.29819633465735,2.04549736873749,-0.06416577942525548,2.9326104011230814,0.6611618063955212,1.9389299902608306
736.3015765592501,301.457290677698,298.28923783492235,5.492269021957034,0.3984219408076417,5.084037644272466,1.1420528146097593,5.80623950122334
736.9020905151023,301.98254188179243,298.2824032415637,8.212971878105831,1.3845362789884728,6.495414142173419,1.4581932031638853,9.471568753851859
737.5026044709546,302.46534595336203,298.2776407286417,9.166755645846553,1.9826807676710556,6.997412463247267,1.5714144320227028,10.995834931562285
738.1031184268069,302.749407677092,298.2735422033789,7.945111659985847,1.7623124890970088,6.51930866060798,1.465541002003209,9.554314146835617
738.7036323826592,302.74464518819144,298.2686429209411,5.058342812805236,1.0258081160919308,5.1448850550707315,1.1590268256678786,5.963059793804739
739.3041463385115,302.4751050963529,298.26275720957847,1.6134020709348595,0.5913495673275997,3.070586380009803,0.6957447311187348,2.13634429533677
739.9046602943638,302.05714018910095,298.25748502532747,-1.3111918687522433,1.3736886464457598,0.4633221105714753,0.11321639610426959,0.05245565959432634
740.5051742502161,301.64186861791933,298.25552874404207,-2.7054589920491896,3.666445557987145,-2.135213561524875,-0.4673669673289699,0.9979282868495696
741.1056882060683,301.3437169728834,298.2593063760653,-2.704116995988275,6.984288056136288,-4.434953109549353,-0.981024959423852,4.35079969434234
741.7062021619206,301.1950629563486,298.26934605602423,-1.9846553238402638,10.176173823251876,-6.11186089074762,-1.3554104762255712,8.284080280552676
742.3067161177729,301.14753497377967,298.2838647011128,-1.402827925799698,11.998559538800672,-6.943024456880485,-1.540932368636608,10.698731121842744
742.9072300736252,301.1117769815277,298.2988770575571,-1.4993699191772147,11.600965570850784,-6.779490676412971,-1.5045943272416504,10.200383213318617
743.5077440294775,301.0278553099322,298.31010118798366,-2.118403621045114,9.158694645433885,-5.666225046274829,-1.2565690953828081,7.1200032806329725
744.1082579853298,300.9058629789871,298.31460638115345,-2.5570607131896175,5.590827378185428,-3.7336905814854173,-0.8259177432424039,3.0837212990258545
744.7087719411821,300.825921829231,298.311981111914,-1.9621910358071444,2.310317032116796,-1.2934997571557947,-0.2819243426989951,0.3646690688174572
745.3092858970343,300.89411479237214,298.3042996602954,0.01743915987900979,0.366152651013116,1.2662528932609713,0.28913162973550827,0.3661137626858472
745.9097998528866,301.1732955190702,298.2948542771712,3.3018342273407773,-0.02131318578755348,3.7850068663725573,0.8515980932689203,3.223304630412641
746.5103138087389,301.63408051538505,298.28651052608757,6.538953868616458,0.7233288993523619,5.647950501623702,1.2682800296367485,7.163182829586198
747.1108277645912,302.16429096487036,298.2804904585376,8.798104434067866,1.67760918575197,6.785770653395513,1.5234245443835306,10.337609565940193
747.7113417204436,302.59413083680397,298.27615517431155,8.985200494260882,2.0006444041790745,6.943070520561813,1.5596345231286575,10.828652480385063
748.3118556762959,302.78285421636826,298.2719053797366,7.110521631726857,1.538501379004133,6.148651790023399,1.382970959666687,8.503406866704953
748.9123696321482,302.67913075772714,298.26660066194444,3.7650705935860524,0.781842156040994,4.438194390231386,1.0012603162760252,4.443787918857558
749.5128835880004,302.34283104072597,298.26067637005025,0.4147167572280168,0.6974853972479418,2.1618592973645425,0.49274778773056865,1.06525138616114
750.1133975438527,301.90642556613295,298.25625050846025,-1.8828148688724955,1.897784385132165,-0.3238573385046813,-0.06272402567570005,0.020313636015631513
750.713911499705,301.52280122321196,298.25607588127616,-2.8367079104729074,4.7208143489076715,-2.963865011733342,-0.6524784585466342,1.933858074196073
751.3144254555573,301.2785837737275,298.2621130542711,-2.4893997331104254,8.185707289343167,-5.106793645508477,-1.1310310601613511,5.775942230904703
751.9149394114096,301.17451169912755,298.2741104175816,-1.7287978794741534,11.026760796841547,-6.5077655191456,-1.4437683026755501,9.395705577787314
752.5154533672619,301.14031983004196,298.28928809267734,-1.353729824700548,12.124304858093772,-6.999440871182367,-1.5535468653714402,10.873959424778109
753.1159673231142,301.0915970964624,298.3034386054899,-1.6762888254840247,10.975009152245029,-6.506061885333924,-1.4436805075608032,9.392674724840877
753.7164812789664,300.98796926437757,298.3124588177336,-2.33206918097754,8.016257762695323,-5.095439198710115,-1.129386296616478,5.754719206265651
754.3169952348187,300.86981377557714,298.3144719701662,-2.508399230015093,4.420728872645627,-2.9730759804239746,-0.6563841645646706,1.9514799935978797
754.917509190671,300.82837559278363,298.3098703110765,-1.4640402953229414,1.5012007746622889,-0.45255599410261943,-0.09437094806448994,0.04270813821573191
755.5180231465233,300.9624656649987,298.30123344243515,1.0532952350209717,0.047767576274082346,2.175449848159012,0.49208038245741187,1.0704961932990051
756.1185371023756,301.30680868625086,298.291898915383,4.455004300551216,0.1503616359620903,4.491553076452559,1.0095223771229889,4.534323338714461
756.7190510582279,301.8147484358685,298.2843107662079,7.519479449051502,1.0827816559797618,6.148937440237017,1.3804826580867742,8.488501501907683
757.3195650140802,302.3310712173892,298.27901405645684,9.102940185351397,1.879159639581088,6.9465239037818085,1.5597125590584926,10.834580574528514
757.9200789699324,302.69158164532945,298.2748891590107,8.524334079736867,1.9089401584252847,6.762555823224,1.5196343057433779,10.276611823475841
758.5205929257847,302.77935105294176,298.2703323832632,6.014271804002105,1.2527416581617477,5.629503578188234,1.2671890599405071,7.133645347176069
759.121106881637,302.58374254792056,298.26466740266085,2.5269292948034208,0.6330630749751898,3.6887182936572454,0.833874056081573,3.075926485274266
759.7216208374894,302.1988047059703,298.2589317282978,-0.5923572751796342,0.9825319570761186,1.2539369178723365,0.28989884068888977,0.36351485878818995
760.3221347933417,301.7664279882349,298.2556345943728,-2.4651400354074076,2.860732104367608,-1.3934778539603163,-0.30162623474874695,0.4203094782958145
760.922648749194,301.4242051104391,298.25747052880047,-2.821668160541509,5.975700558520176,-3.8161752895597973,-0.8428151039756597,3.216330173459684
761.5231627050463,301.23065983107085,298.2656392578535,-2.234273735900001,9.272391732432942,-5.669690805730345,-1.2566984376172665,7.125091577334305
762.1236766608985,301.15985510363174,298.279077863994,-1.5399582998892518,11.604187307016304,-6.768220591809971,-1.5019042839258918,10.16521950139483
762.7241906167508,301.1292510220028,298.29439251481426,-1.3965436728217064,11.96341005198869,-6.933124400448174,-1.5387995151366398,10.668688465791655
763.3247045726031,301.0639484766329,298.30725100522113,-1.9013601540748755,10.113805606557388,-6.116635914898277,-1.3569152812367704,8.299756742687126
763.9252185284554,300.9477693984816,298.3140514609124,-2.489049038944042,6.8160986004685675,-4.450978712948529,-0.985771910732988,4.387649790495127
764.5257324843077,300.84288530830935,298.31372960297983,-2.304248020179136,3.256693878978923,-2.110921216669694,-0.46418047359282427,0.9798484100708794
765.12624644016,300.8533001773675,298.3073508219585,-0.7586466417533746,0.8144669055382746,0.4559510875504853,0.10830950398694315,0.049383836134900355
765.7267603960123,301.06386016780357,298.2980900393401,2.161103569559441,-0.06482831656771126,3.0175311916643324,0.6801476760520008,2.0523668274249203
766.3272743518645,301.47586021314277,298.2891604359757,5.449684831029714,0.4004765100554897,5.0660007148283235,1.1380788751541833,5.765508395062107
766.9277883077168,302.0002774270282,298.2823730167883,8.260915470809092,1.4096608202929684,6.520028001862492,1.4637286569448704,9.543551830409132
767.5283022635691,302.4809973431076,298.2776497309798,9.165597074849476,1.9917663081059909,6.999652018364027,1.5719545951582499,11.00313515477605
768.1288162194214,302.7586319539806,298.2735421835824,7.90334716334219,1.7550258192926513,6.50245769949712,1.4618070244997738,9.50533834163753
768.7293301752737,302.74448306320977,298.26860118929505,4.898607057501836,0.9949535050205576,5.062427407900613,1.1406373729995651,5.774393899548754
769.329844131126,302.4694515003295,298.2627039623556,1.468894100199213,0.5979459340371127,2.9707604313956693,0.6734676560609278,2.0007110644505923
769.9303580869783,302.0505639907796,298.2574791134476,-1.3581770687524268,1.4081389592067581,0.40743434687167984,0.10073558941368921,0.04104313907950017
770.5308720428305,301.63639419650457,298.25568183533005,-2.7343606428211378,3.7930026437129505,-2.238032128763973,-0.49031150638175575,1.097332904385031
771.1313859986828,301.3428659269274,298.25969795495905,-2.6867798854424825,7.127570193943235,-4.516373620457017,-0.9991860379363808,4.512697463664835
771.7318999545352,301.19945124124814,298.2700072554897,-1.9681149870773682,10.245902994160641,-6.143756386903325,-1.3625138905751175,8.370953417465376
772.3324139103875,301.1525390990591,298.2845645915895,-1.3959129784548299,12.027979339475161,-6.954908194158309,-1.5435713955157273,10.735397346940708
772.9329278662398,301.11559140753263,298.29950967910827,-1.5172467148184323,11.55056185797252,-6.756761844872279,-1.499517217635845,10.131880721850917
773.5334418220921,301.02931363526693,298.3105179357063,-2.150934539788042,9.019776773890904,-5.59740808498147,-1.241219297393615,6.947610930466039
774.1339557779444,300.90762881015723,298.314852315318,-2.5602903076921093,5.475663606318055,-3.6610333923490535,-0.8097102790241333,2.9643763696356213
774.7344697337966,300.83067791088376,298.31216103100303,-1.9361243864382756,2.2539669159718945,-1.2380051900647415,-0.26953641418620355,0.33368747967395984
775.3349836896489,300.9027035592919,298.304387042207,0.06905924419595455,0.34526074535313167,1.3176194110463566,0.3006091652775297,0.39608847130811553
775.9354976455012,301.1853449007157,298.294936419889,3.373203399506873,-0.012075469943706008,3.831631302176956,0.8620271028694205,3.3029700306793868
776.5360116013535,301.6499595741175,298.2866241090683,6.673691022893838,0.7648943016830623,5.716526127437503,1.2836143289653186,7.337814849083402
777.1365255572058,302.18205867523926,298.28065880999355,8.767375775559106,1.6782332781229536,6.77560792777449,1.5212039293401411,10.307081403398765
777.7370395130581,302.6071633357052,298.2763327139844,8.951462456546922,1.9971607934615505,6.930945689740878,1.5569639844426313,10.79123281705444
778.3375534689104,302.790563790834,298.2720639396522,7.106667784256347,1.5418088642491203,6.148323087246905,1.3829173078746368,8.502622411758967
778.9380674247626,302.68265379583744,298.26674366385055,3.7317516045741272,0.7794182515540062,4.420353148085889,0.9972902820543932,4.408375237834601
779.5385813806149,302.3410099013513,298.26082094742,0.3290329439646329,0.7163984704827397,2.0938254814380626,0.47757023616933675,0.9999487296677507
780.1390953364672,301.90487735742295,298.25642996498544,-1.9985621672340066,2.038811536439531,-0.4892324298173547,-0.09960934172441739,0.048732120284343934
780.7396092923195,301.52229644388035,298.25637965281794,-2.8415438573847784,4.778896740257604,-3.004635509722206,-0.6615729200111985,1.9877854877362557
781.3401232481718,301.28112277474304,298.2625853812002,-2.474400882392505,8.273482818287107,-5.152218229366907,-1.1411559605251957,5.879484542368616
781.9406372040241,301.1786443845102,298.2746392694832,-1.7120422137322042,11.09037048409634,-6.5356733814588726,-1.4499827430478158,9.47661361731233
782.5411511598764,301.1446912968994,298.2898102724966,-1.3571240762729144,12.121373761434072,-6.997467361388246,-1.553096728090453,10.86774366389182
783.1416651157288,301.0949208712169,298.3038681510639,-1.6890902802619547,10.937845426577418,-6.488740834006814,-1.4398101525145972,9.342554929839045
783.742179071581,300.9909704536792,298.31277128951757,-2.3552780973675276,7.894538361188232,-5.030709917377235,-1.1149438179359896,5.6089589222090215
784.3426930274333,300.87256904834055,298.3145128277709,-2.4975521314169975,4.2958115486003985,-2.88444552814538,-0.6366113436716277,1.836270743420248
784.9432069832856,300.8350665799584,298.30972885929987,-1.4452890033760986,1.476904726982737,-0.42101563335430553,-0.08731924999389169,0.03676276934020125
785.5437209391379,300.97777495300187,298.30099112268806,1.149223641744444,0.03281196057414615,2.255429988119514,0.5099574817252484,1.1501733969490342
786.1442348949902,301.3267668422784,298.2916907265451,4.56813042549285,0.17591253598879542,4.5591116208694675,1.024641308201217,4.671454095443061
786.7447488508425,301.83319035554786,298.28415604192276,7.615565283945083,1.1205709377856707,6.19675334479295,1.3911946354300693,8.62089001035929
787.3452628066948,302.346925751703,298.27890359359344,9.097992258327807,1.8871598023370386,6.9472198294654195,1.5599093122036731,10.837032905909123
787.945776762547,302.70198827059585,298.27478997941756,8.471787491447817,1.8983456549198374,6.741643918476705,1.5149980198424886,10.213577186975364
788.5462907183993,302.78764936462494,298.2702354867494,5.971338917622023,1.2472508465036949,5.610306380052011,1.262929682843443,7.085422457213631
789.1468046742516,302.58350986885,298.264556640635,2.542970345388507,0.6335864683967118,3.6985732509423257,0.8360715237935049,3.0922717737772474
789.7473186301039,302.1932779218685,298.25886319156496,-0.6637033551766551,1.0141649665880732,1.184922382033046,0.2744934855819771,0.3252534747883499
790.3478325859562,301.76122032388133,298.255687200903,-2.476499278706317,2.8893356126426695,-1.4221009182427164,-0.3080232454281204,0.43804014016343157
790.9483465418085,301.4219822243273,298.25760095175133,-2.823614241675659,5.8797081664252335,-3.7572861115798353,-0.8296881681488556,3.11737583112781
791.5488604976608,301.2331059779326,298.26598030198693,-2.2195948815211115,9.340395050423998,-5.702629249929829,-1.2640386646735209,7.208343862209463
792.149374453513,301.16464541622423,298.27952017784236,-1.5194712460672817,11.67752993341432,-6.799539192541309,-1.508877426942483,10.2596712012363
792.7498884093653,301.1338467695176,298.2948343965229,-1.3907203304415352,11.989233651435667,-6.943497179826062,-1.5411019699106627,10.700637181899076
793.3504023652176,301.0677138187881,298.3076425161471,-1.9181490713214238,10.05863658571686,-6.090050984290957,-1.350977711052615,8.227523138951122
793.9509163210699,300.94963195501686,298.3141668498,-2.50315541827246,6.697285329719394,-4.382827352177434,-0.970568713950328,4.253835106669173
794.5514302769222,300.8466869697923,298.3134824323653,-2.2959525893487687,3.2195204833656557,-2.0794226033249616,-0.45714533071769736,0.9505983336988448
795.1519442327746,300.86179808876585,298.3069830371104,-0.7228417266696274,0.7890408345109154,0.5003088178136558,0.11822493597675623,0.05914897795462605
795.7524581886269,301.0758813796212,298.2977092939742,2.2579626957528323,-0.06530847312237653,3.087001031698433,0.6956726425781664,2.147542165363175
796.352972144479,301.4945293609404,298.2888384975935,5.665355450781745,0.4525465747421211,5.181558812440064,1.1638992787222826,6.030812564456078
796.9534861003314,302.0212664832687,298.28213561161596,8.283355920276188,1.4291102206770174,6.533903557421563,1.4668783349814127,9.58444157123967
797.5540000561837,302.49745050283644,298.27746020079934,9.153205047900247,1.997675190118166,6.997305730773424,1.5714746586008423,10.996088634392883
798.154514012036,302.7660429124845,298.2733465631225,7.787679147413435,1.7244849426305722,6.452324012380675,1.4506463510767715,9.36004028452506
798.7550279678883,302.74507909934147,298.2683802566399,4.770247723248911,0.9715530029394852,4.995795337619929,1.125779671722564,5.624164835178879
799.3555419237406,302.46102785142364,298.2624767012843,1.2765737777952535,0.6101889622779457,2.8352659005128173,0.6432292614663886,1.8237259912476946
799.9560558795929,302.0387271951797,298.257324869694,-1.4218369475345094,1.4565588223655048,0.329,0.08321329243175307,0.027377173210046762
