h_W_per_m2K,x_mm,temperature_C
11.2,0.0,30.608697899108947
11.2,0.8367346938775511,30.605326779331698
11.2,1.6734693877551021,30.60201436446672
11.2,2.510204081632653,30.5987569793758
11.2,3.3469387755102042,30.595554322259154
11.2,4.183673469387755,30.592407820686404
11.2,5.020408163265306,30.589319414251502
11.2,5.857142857142857,30.58629108041955
11.2,6.6938775510204085,30.583324796278752
11.2,7.530612244897959,30.58042280014847
11.2,8.36734693877551,30.57758295373655
11.2,9.204081632653061,30.574807479481628
11.2,10.040816326530612,30.57210712129826
11.2,10.877551020408164,30.569486834799125
11.2,11.714285714285714,30.56695147413962
11.2,12.551020408163264,30.564504837349432
11.2,13.387755102040817,30.562179418239882
11.2,14.224489795918368,30.55997890526
11.2,15.061224489795919,30.55786356519757
11.2,15.897959183673468,30.55582715489644
11.2,16.73469387755102,30.553862183615635
11.2,17.57142857142857,30.551960798478785
11.2,18.408163265306122,30.5501155816604
11.2,19.244897959183675,30.548319223955577
11.2,20.081632653061224,30.546564610390483
11.2,20.918367346938776,30.544845623779292
11.2,21.75510204081633,30.543157292065246
11.2,22.591836734693874,30.541496556630296
11.2,23.428571428571427,30.53983344219354
11.2,24.26530612244898,30.538172377853808
11.2,25.10204081632653,30.536547836333334
11.2,25.93877551020408,30.534968327434807
11.2,26.775510204081634,30.53344311909457
11.2,27.612244897959183,30.531980421196653
11.2,28.448979591836736,30.53062787051723
11.2,29.285714285714285,30.529381513918754
11.2,30.122448979591837,30.528203061036045
11.2,30.95918367346939,30.527087862175474
11.2,31.795918367346935,30.52602999524898
11.2,32.63265306122449,30.52502376360991
11.2,33.46938775510204,30.524043936682364
11.2,34.30612244897959,30.523092773624942
11.2,35.14285714285714,30.522186418982596
11.2,35.97959183673469,30.521326291889316
11.2,36.816326530612244,30.520514895941567
11.2,37.6530612244898,30.519755325535044
11.2,38.48979591836735,30.519050914796505
11.2,39.3265306122449,30.518404950566186
11.2,40.16326530612245,30.517820311489977
11.2,41.0,30.517299011297826
11.946218487394958,0.0,30.563710090020802
11.946218487394958,0.8367346938775511,30.56018929819414
11.946218487394958,1.6734693877551021,30.556729668955526
11.946218487394958,2.510204081632653,30.553327580376305
11.946218487394958,3.3469387755102042,30.54998274339383
11.946218487394958,4.183673469387755,30.546696525481668
11.946218487394958,5.020408163265306,30.54347083008008
11.946218487394958,5.857142857142857,30.54030758905986
11.946218487394958,6.6938775510204085,30.537208733994664
11.946218487394958,7.530612244897959,30.534176477144786
11.946218487394958,8.36734693877551,30.531208721708843
11.946218487394958,9.204081632653061,30.52830763432882
11.946218487394958,10.040816326530612,30.525483785575517
11.946218487394958,10.877551020408164,30.52274204814254
11.946218487394958,11.714285714285714,30.520087212144418
11.946218487394958,12.551020408163264,30.517523015480755
11.946218487394958,13.387755102040817,30.51508138757313
11.946218487394958,14.224489795918368,30.512765972651437
11.946218487394958,15.061224489795919,30.51053775109019
11.946218487394958,15.897959183673468,30.50839059269574
11.946218487394958,16.73469387755102,30.50631716441808
11.946218487394958,17.57142857142857,30.504309757360947
11.946218487394958,18.408163265306122,30.502361089826856
11.946218487394958,19.244897959183675,30.500463999321724
11.946218487394958,20.081632653061224,30.49861150343395
11.946218487394958,20.918367346938776,30.49679759841878
11.946218487394958,21.75510204081633,30.495017413534313
11.946218487394958,22.591836734693874,30.493267948457685
11.946218487394958,23.428571428571427,30.491519757948737
11.946218487394958,24.26530612244898,30.489777201923854
11.946218487394958,25.10204081632653,30.488074157764846
11.946218487394958,25.93877551020408,30.486418992867847
11.946218487394958,26.775510204081634,30.484820818314724
11.946218487394958,27.612244897959183,30.483287708168053
11.946218487394958,28.448979591836736,30.481866473315538
11.946218487394958,29.285714285714285,30.480553236598343
11.946218487394958,30.122448979591837,30.47931037836404
11.946218487394958,30.95918367346939,30.478133334755473
11.946218487394958,31.795918367346935,30.47701628832013
11.946218487394958,32.63265306122449,30.475953646064188
11.946218487394958,33.46938775510204,30.474920619167218
11.946218487394958,34.30612244897959,30.47391942956888
11.946218487394958,35.14285714285714,30.47296594213218
11.946218487394958,35.97959183673469,30.472061553184336
11.946218487394958,36.816326530612244,30.47120872386918
11.946218487394958,37.6530612244898,30.470410495177358
11.946218487394958,38.48979591836735,30.46967014542481
11.946218487394958,39.3265306122449,30.46899090317428
11.946218487394958,40.16326530612245,30.468375596887533
11.946218487394958,41.0,30.46782620658775
12.692436974789915,0.0,30.52698555336086
12.692436974789915,0.8367346938775511,30.523306808019086
12.692436974789915,1.6734693877551021,30.519692108371462
12.692436974789915,2.510204081632653,30.516137829287736
12.692436974789915,3.3469387755102042,30.51264363017559
12.692436974789915,4.183673469387755,30.509210855550823
12.692436974789915,5.020408163265306,30.50584136986401
12.692436974789915,5.857142857142857,30.502537069675206
12.692436974789915,6.6938775510204085,30.499299879811847
12.692436974789915,7.530612244897959,30.496131974021885
12.692436974789915,8.36734693877551,30.493031291377772
12.692436974789915,9.204081632653061,30.489999949298866
12.692436974789915,10.040816326530612,30.48704841791439
12.692436974789915,10.877551020408164,30.484181506611602
12.692436974789915,11.714285714285714,30.481403905448243
12.692436974789915,12.551020408163264,30.478719320996824
12.692436974789915,13.387755102040817,30.476159261531542
12.692436974789915,14.224489795918368,30.47372730606867
12.692436974789915,15.061224489795919,30.471384966208156
12.692436974789915,15.897959183673468,30.46912618154224
12.692436974789915,16.73469387755102,30.466943705525203
12.692436974789915,17.57142857142857,30.464829924968367
12.692436974789915,18.408163265306122,30.462777652795932
12.692436974789915,19.244897959183675,30.460779804569977
12.692436974789915,20.081632653061224,30.458829490518706
12.692436974789915,20.918367346938776,30.45692077616151
12.692436974789915,21.75510204081633,30.455048848849074
12.692436974789915,22.591836734693874,30.453210736849144
12.692436974789915,23.428571428571427,30.451377378129344
12.692436974789915,24.26530612244898,30.44955306552781
12.692436974789915,25.10204081632653,30.44777122805003
12.692436974789915,25.93877551020408,30.446040118786552
12.692436974789915,26.775510204081634,30.444368727436917
12.692436974789915,27.612244897959183,30.44276501564815
12.692436974789915,28.448979591836736,30.441275183829624
12.692436974789915,29.285714285714285,30.43989539959251
12.692436974789915,30.122448979591837,30.438588531276988
12.692436974789915,30.95918367346939,30.437350070262692
12.692436974789915,31.795918367346935,30.4361742719738
12.692436974789915,32.63265306122449,30.43505561316693
12.692436974789915,33.46938775510204,30.433969621942854
12.692436974789915,34.30612244897959,30.432918490575005
12.692436974789915,35.14285714285714,30.431917875349733
12.692436974789915,35.97959183673469,30.430969152171507
12.692436974789915,36.816326530612244,30.43007474858605
12.692436974789915,37.6530612244898,30.429237665072716
12.692436974789915,38.48979591836735,30.4284611346515
12.692436974789915,39.3265306122449,30.427748343500728
12.692436974789915,40.16326530612245,30.42710208314689
12.692436974789915,41.0,30.426524305438637
13.438655462184872,0.0,30.48576671690278
13.438655462184872,0.8367346938775511,30.48191652759644
13.438655462184872,1.6734693877551021,30.47813321266132
13.438655462184872,2.510204081632653,30.4744132584694
13.438655462184872,3.3469387755102042,30.470756463369757
13.438655462184872,4.183673469387755,30.467164127298588
13.438655462184872,5.020408163265306,30.463638179804818
13.438655462184872,5.857142857142857,30.46018036610694
13.438655462184872,6.6938775510204085,30.456792689017632
13.438655462184872,7.530612244897959,30.453477265325596
13.438655462184872,8.36734693877551,30.450232007985647
13.438655462184872,9.204081632653061,30.447059076910065
13.438655462184872,10.040816326530612,30.443968712411035
13.438655462184872,10.877551020408164,30.440965640451438
13.438655462184872,11.714285714285714,30.43805450089053
13.438655462184872,12.551020408163264,30.435238921378225
13.438655462184872,13.387755102040817,30.43254987908433
13.438655462184872,14.224489795918368,30.429990912709684
13.438655462184872,15.061224489795919,30.427524150542897
13.438655462184872,15.897959183673468,30.425143638509606
13.438655462184872,16.73469387755102,30.422842253408838
13.438655462184872,17.57142857142857,30.42061250316469
13.438655462184872,18.408163265306122,30.41844733478659
13.438655462184872,19.244897959183675,30.41633976368501
13.438655462184872,20.081632653061224,30.414283027248143
13.438655462184872,20.918367346938776,30.41227128597671
13.438655462184872,21.75510204081633,30.41029980607334
13.438655462184872,22.591836734693874,30.408365666809615
13.438655462184872,23.428571428571427,30.406440287386634
13.438655462184872,24.26530612244898,30.404527888254755
13.438655462184872,25.10204081632653,30.402661342374873
13.438655462184872,25.93877551020408,30.400848761691208
13.438655462184872,26.775510204081634,30.39909898276707
13.438655462184872,27.612244897959183,30.3974198350554
13.438655462184872,28.448979591836736,30.395856744364416
13.438655462184872,29.285714285714285,30.39440594125461
13.438655462184872,30.122448979591837,30.39303091100491
13.438655462184872,30.95918367346939,30.391727217484675
13.438655462184872,31.795918367346935,30.390489211251946
13.438655462184872,32.63265306122449,30.3893114587529
13.438655462184872,33.46938775510204,30.38816989616234
13.438655462184872,34.30612244897959,30.387066674977074
13.438655462184872,35.14285714285714,30.386017190011756
13.438655462184872,35.97959183673469,30.38502279241094
13.438655462184872,36.816326530612244,30.38408586696222
13.438655462184872,37.6530612244898,30.38320936273529
13.438655462184872,38.48979591836735,30.38239645755563
13.438655462184872,39.3265306122449,30.381650282963605
13.438655462184872,40.16326530612245,30.38097358165361
13.438655462184872,41.0,30.38036827380366
14.184873949579831,0.0,30.447740822157527
14.184873949579831,0.8367346938775511,30.443725434563582
14.184873949579831,1.6734693877551021,30.439779888489902
14.184873949579831,2.510204081632653,30.43590075649493
14.184873949579831,3.3469387755102042,30.432087778823234
14.184873949579831,4.183673469387755,30.428342295438352
14.184873949579831,5.020408163265306,30.424666145789754
14.184873949579831,5.857142857142857,30.421061184202692
14.184873949579831,6.6938775510204085,30.417529254274662
14.184873949579831,7.530612244897959,30.41407248446133
14.184873949579831,8.36734693877551,30.410688853213834
14.184873949579831,9.204081632653061,30.407380455049182
14.184873949579831,10.040816326530612,30.40415740049804
14.184873949579831,10.877551020408164,30.40102435337236
14.184873949579831,11.714285714285714,30.39798588919319
14.184873949579831,12.551020408163264,30.395045580239934
14.184873949579831,13.387755102040817,30.3922340053396
14.184873949579831,14.224489795918368,30.389554648629094
14.184873949579831,15.061224489795919,30.386970118145598
14.184873949579831,15.897959183673468,30.38447452584653
14.184873949579831,16.73469387755102,30.382060834770968
14.184873949579831,17.57142857142857,30.37972164656694
14.184873949579831,18.408163265306122,30.377449966731565
14.184873949579831,19.244897959183675,30.375238919657306
14.184873949579831,20.081632653061224,30.373081805830974
14.184873949579831,20.918367346938776,30.370972857928535
14.184873949579831,21.75510204081633,30.368907378737237
14.184873949579831,22.591836734693874,30.366882493637824
14.184873949579831,23.428571428571427,30.36486997256631
14.184873949579831,24.26530612244898,30.362873974524838
14.184873949579831,25.10204081632653,30.360926939741983
14.184873949579831,25.93877551020408,30.359036872793975
14.184873949579831,26.775510204081634,30.35721249005005
14.184873949579831,27.612244897959183,30.355461510972454
14.184873949579831,28.448979591836736,30.353828776443834
14.184873949579831,29.285714285714285,30.352310560054345
14.184873949579831,30.122448979591837,30.350870806006455
14.184873949579831,30.95918367346939,30.34950513197484
14.184873949579831,31.795918367346935,30.34820795477761
14.184873949579831,32.63265306122449,30.346973906450984
14.184873949579831,33.46938775510204,30.345779225281238
14.184873949579831,34.30612244897959,30.3446260333403
14.184873949579831,35.14285714285714,30.34352952418788
14.184873949579831,35.97959183673469,30.342491028519987
14.184873949579831,36.816326530612244,30.341512898603007
14.184873949579831,37.6530612244898,30.340598043282778
14.184873949579831,38.48979591836735,30.339749596833098
14.184873949579831,39.3265306122449,30.33897064997382
14.184873949579831,40.16326530612245,30.33826390878681
14.184873949579831,41.0,30.337631266664218
14.93109243697479,0.0,30.411717367811143
14.93109243697479,0.8367346938775511,30.407523812558342
14.93109243697479,1.6734693877551021,30.403403956078865
14.93109243697479,2.510204081632653,30.39935420598291
14.93109243697479,3.3469387755102042,30.395374348865623
14.93109243697479,4.183673469387755,30.391465533395287
14.93109243697479,5.020408163265306,30.38762959789881
14.93109243697479,5.857142857142857,30.383868291157185
14.93109243697479,6.6938775510204085,30.380183408138727
14.93109243697479,7.530612244897959,30.376577004109002
14.93109243697479,8.36734693877551,30.37304705684826
14.93109243697479,9.204081632653061,30.36959561130722
14.93109243697479,10.040816326530612,30.366232599132218
14.93109243697479,10.877551020408164,30.362962606202625
14.93109243697479,11.714285714285714,30.359790119849837
14.93109243697479,12.551020408163264,30.35671864636073
14.93109243697479,13.387755102040817,30.353778333083092
14.93109243697479,14.224489795918368,30.350972600928895
14.93109243697479,15.061224489795919,30.348264522626767
14.93109243697479,15.897959183673468,30.345648283122305
14.93109243697479,16.73469387755102,30.343116915122117
14.93109243697479,17.57142857142857,30.340663103852492
14.93109243697479,18.408163265306122,30.338279942449496
14.93109243697479,19.244897959183675,30.33596062516077
14.93109243697479,20.081632653061224,30.33369853112938
14.93109243697479,20.918367346938776,30.331487954672863
14.93109243697479,21.75510204081633,30.329324265158434
14.93109243697479,22.591836734693874,30.327204606737432
14.93109243697479,23.428571428571427,30.325101121542115
14.93109243697479,24.26530612244898,30.323017893159665
14.93109243697479,25.10204081632653,30.320986939096187
14.93109243697479,25.93877551020408,30.31901614364938
14.93109243697479,26.775510204081634,30.317114101382362
14.93109243697479,27.612244897959183,30.315288424527914
14.93109243697479,28.448979591836736,30.313583350555383
14.93109243697479,29.285714285714285,30.31199519868656
14.93109243697479,30.122448979591837,30.31048838640499
14.93109243697479,30.95918367346939,30.309058584022875
14.93109243697479,31.795918367346935,30.307700278413147
14.93109243697479,32.63265306122449,30.306408169997216
14.93109243697479,33.46938775510204,30.305158808147063
14.93109243697479,34.30612244897959,30.303954284069526
14.93109243697479,35.14285714285714,30.302809586079935
14.93109243697479,35.97959183673469,30.301726025329387
14.93109243697479,36.816326530612244,30.300705919820647
14.93109243697479,37.6530612244898,30.29975213677873
14.93109243697479,38.48979591836735,30.29886776805825
14.93109243697479,39.3265306122449,30.29805586058557
14.93109243697479,40.16326530612245,30.297319083695243
14.93109243697479,41.0,30.296659304889804
15.677310924369747,0.0,30.377176711966065
15.677310924369747,0.8367346938775511,30.37282978016015
15.677310924369747,1.6734693877551021,30.368558676874564
15.677310924369747,2.510204081632653,30.364360026362043
15.677310924369747,3.3469387755102042,30.36023357005108
15.677310924369747,4.183673469387755,30.356180592483312
15.677310924369747,5.020408163265306,30.35220286917783
15.677310924369747,5.857142857142857,30.348302206772605
15.677310924369747,6.6938775510204085,30.34448039579396
15.677310924369747,7.530612244897959,30.340739492693455
15.677310924369747,8.36734693877551,30.337077506712987
15.677310924369747,9.204081632653061,30.333496489110924
15.677310924369747,10.040816326530612,30.330006281353484
15.677310924369747,10.877551020408164,30.326611431060563
15.677310924369747,11.714285714285714,30.32331640627874
15.677310924369747,12.551020408163264,30.320124676835896
15.677310924369747,13.387755102040817,30.317066101103947
15.677310924369747,14.224489795918368,30.314144066740898
15.677310924369747,15.061224489795919,30.311322059163032
15.677310924369747,15.897959183673468,30.308594319213228
15.677310924369747,16.73469387755102,30.305953976303755
15.677310924369747,17.57142857142857,30.303393794226878
15.677310924369747,18.408163265306122,30.30090694643452
15.677310924369747,19.244897959183675,30.298486715932768
15.677310924369747,20.081632653061224,30.29612654895043
15.677310924369747,20.918367346938776,30.29382082205813
15.677310924369747,21.75510204081633,30.2915649556462
15.677310924369747,22.591836734693874,30.289356123436434
15.677310924369747,23.428571428571427,30.287166765956243
15.677310924369747,24.26530612244898,30.285000940393033
15.677310924369747,25.10204081632653,30.282890330833677
15.677310924369747,25.93877551020408,30.280842749649512
15.677310924369747,26.775510204081634,30.27886670511956
15.677310924369747,27.612244897959183,30.27696974092645
15.677310924369747,28.448979591836736,30.275195633318344
15.677310924369747,29.285714285714285,30.273540743298728
15.677310924369747,30.122448979591837,30.271969871807283
15.677310924369747,30.95918367346939,30.270478732571625
15.677310924369747,31.795918367346935,30.269061876077636
15.677310924369747,32.63265306122449,30.267714058610256
15.677310924369747,33.46938775510204,30.2664120783913
15.677310924369747,34.30612244897959,30.265158006022766
15.677310924369747,35.14285714285714,30.263966678159516
15.677310924369747,35.97959183673469,30.26283939250619
15.677310924369747,36.816326530612244,30.26177844520109
15.677310924369747,37.6530612244898,30.260786675545084
15.677310924369747,38.48979591836735,30.259867143835837
15.677310924369747,39.3265306122449,30.259022865095062
15.677310924369747,40.16326530612245,30.258256481517243
15.677310924369747,41.0,30.257569840602525
16.423529411764704,0.0,30.341242675174165
16.423529411764704,0.8367346938775511,30.336756943575015
16.423529411764704,1.6734693877551021,30.332349005127096
16.423529411764704,2.510204081632653,30.328015564313752
16.423529411764704,3.3469387755102042,30.32375638211073
16.423529411764704,4.183673469387755,30.3195728084292
16.423529411764704,5.020408163265306,30.315466599700223
16.423529411764704,5.857142857142857,30.311439587378192
16.423529411764704,6.6938775510204085,30.307493588157634
16.423529411764704,7.530612244897959,30.3036306506759
16.423529411764704,8.36734693877551,30.299848846980723
16.423529411764704,9.204081632653061,30.29615020831884
16.423529411764704,10.040816326530612,30.292544489358406
16.423529411764704,10.877551020408164,30.289036179285926
16.423529411764704,11.714285714285714,30.285629699855185
16.423529411764704,12.551020408163264,30.282328503967417
16.423529411764704,13.387755102040817,30.279162040645225
16.423529411764704,14.224489795918368,30.27613366932751
16.423529411764704,15.061224489795919,30.27320738158378
16.423529411764704,15.897959183673468,30.270377515967194
16.423529411764704,16.73469387755102,30.26763729344949
16.423529411764704,17.57142857142857,30.264979591264993
16.423529411764704,18.408163265306122,30.26239767736002
16.423529411764704,19.244897959183675,30.25988492666342
16.423529411764704,20.081632653061224,30.257434887126823
16.423529411764704,20.918367346938776,30.255042002315072
16.423529411764704,21.75510204081633,30.252701762922467
16.423529411764704,22.591836734693874,30.250411382852374
16.423529411764704,23.428571428571427,30.248143678860576
16.423529411764704,24.26530612244898,30.24590265677848
16.423529411764704,25.10204081632653,30.243719555224082
16.423529411764704,25.93877551020408,30.24160209002015
16.423529411764704,26.775510204081634,30.23955865362984
16.423529411764704,27.612244897959183,30.237596679713707
16.423529411764704,28.448979591836736,30.235759360066748
16.423529411764704,29.285714285714285,30.23404310448738
16.423529411764704,30.122448979591837,30.23241318804041
16.423529411764704,30.95918367346939,30.230865381849682
16.423529411764704,31.795918367346935,30.22939431466914
16.423529411764704,32.63265306122449,30.22799481166726
16.423529411764704,33.46938775510204,30.2266439853739
16.423529411764704,34.30612244897959,30.225343877546795
16.423529411764704,35.14285714285714,30.22410912452166
16.423529411764704,35.97959183673469,30.222941005615557
16.423529411764704,36.816326530612244,30.221841786806777
16.423529411764704,37.6530612244898,30.220814264170915
16.423529411764704,38.48979591836735,30.21986145922228
16.423529411764704,39.3265306122449,30.21898634526459
16.423529411764704,40.16326530612245,30.218191526975115
16.423529411764704,41.0,30.217478825908334
17.169747899159663,0.0,30.30113576426732
17.169747899159663,0.8367346938775511,30.29647459800393
17.169747899159663,1.6734693877551021,30.2918948587324
17.169747899159663,2.510204081632653,30.28739323971862
17.169747899159663,3.3469387755102042,30.282969475139094
17.169747899159663,4.183673469387755,30.2786248340923
17.169747899159663,5.020408163265306,30.274361053987885
17.169747899159663,5.857142857142857,30.270179884894958
17.169747899159663,6.6938775510204085,30.26608308202523
17.169747899159663,7.530612244897959,30.26207265041411
17.169747899159663,8.36734693877551,30.258146674967616
17.169747899159663,9.204081632653061,30.254307122488555
17.169747899159663,10.040816326530612,30.25056358044636
17.169747899159663,10.877551020408164,30.246920455400627
17.169747899159663,11.714285714285714,30.24338209708516
17.169747899159663,12.551020408163264,30.239951859662042
17.169747899159663,13.387755102040817,30.236658752851806
17.169747899159663,14.224489795918368,30.23350606001905
17.169747899159663,15.061224489795919,30.230458298966266
17.169747899159663,15.897959183673468,30.227509873914496
17.169747899159663,16.73469387755102,30.224654086178024
17.169747899159663,17.57142857142857,30.221883910444667
17.169747899159663,18.408163265306122,30.219192701565103
17.169747899159663,19.244897959183675,30.216573918717323
17.169747899159663,20.081632653061224,30.214021193447664
17.169747899159663,20.918367346938776,30.21152903874669
17.169747899159663,21.75510204081633,30.209092998948876
17.169747899159663,22.591836734693874,30.206710320680546
17.169747899159663,23.428571428571427,30.204354215350765
17.169747899159663,24.26530612244898,30.202028614809734
17.169747899159663,25.10204081632653,30.199764281416524
17.169747899159663,25.93877551020408,30.19756879292665
17.169747899159663,26.775510204081634,30.195450405207527
17.169747899159663,27.612244897959183,30.19341642924704
17.169747899159663,28.448979591836736,30.19150938830085
17.169747899159663,29.285714285714285,30.189725736990205
17.169747899159663,30.122448979591837,30.188031262022232
17.169747899159663,30.95918367346939,30.18642179594674
17.169747899159663,31.795918367346935,30.184892032774126
17.169747899159663,32.63265306122449,30.18343687237694
17.169747899159663,33.46938775510204,30.182033766436458
17.169747899159663,34.30612244897959,30.180684719641114
17.169747899159663,35.14285714285714,30.179404137227355
17.169747899159663,35.97959183673469,30.178193274145535
17.169747899159663,36.816326530612244,30.1770543556071
17.169747899159663,37.6530612244898,30.17599013388296
17.169747899159663,38.48979591836735,30.17500357746048
17.169747899159663,39.3265306122449,30.174097611038402
17.169747899159663,40.16326530612245,30.17327479873147
17.169747899159663,41.0,30.17253693092538
17.915966386554622,0.0,30.267694737473267
17.915966386554622,0.8367346938775511,30.262863483590127
17.915966386554622,1.6734693877551021,30.258116743134707
17.915966386554622,2.510204081632653,30.25345125750652
17.915966386554622,3.3469387755102042,30.248866727752453
17.915966386554622,4.183673469387755,30.244364415126604
17.915966386554622,5.020408163265306,30.239946003963787
17.915966386554622,5.857142857142857,30.23561322278496
17.915966386554622,6.6938775510204085,30.231367798204424
17.915966386554622,7.530612244897959,30.22721170641772
17.915966386554622,8.36734693877551,30.223143033472155
17.915966386554622,9.204081632653061,30.219163734429134
17.915966386554622,10.040816326530612,30.215283274365948
17.915966386554622,10.877551020408164,30.21150601040412
17.915966386554622,11.714285714285714,30.20783621729656
17.915966386554622,12.551020408163264,30.2042772245344
17.915966386554622,13.387755102040817,30.200857702939825
17.915966386554622,14.224489795918368,30.19758088346506
17.915966386554622,15.061224489795919,30.19441169280526
17.915966386554622,15.897959183673468,30.19134460463272
17.915966386554622,16.73469387755102,30.188373003234446
17.915966386554622,17.57142857142857,30.185489938424986
17.915966386554622,18.408163265306122,30.18268884755612
17.915966386554622,19.244897959183675,30.179963268326883
17.915966386554622,20.081632653061224,30.177306909596897
17.915966386554622,20.918367346938776,30.174714352359803
17.915966386554622,21.75510204081633,30.172181196272177
17.915966386554622,22.591836734693874,30.169704724750723
17.915966386554622,23.428571428571427,30.167258468446615
17.915966386554622,24.26530612244898,30.16484631713498
17.915966386554622,25.10204081632653,30.162498674125043
17.915966386554622,25.93877551020408,30.16022302949976
17.915966386554622,26.775510204081634,30.158027544050803
17.915966386554622,27.612244897959183,30.155919444187397
17.915966386554622,28.448979591836736,30.15394075237024
17.915966386554622,29.285714285714285,30.152087964541554
17.915966386554622,30.122448979591837,30.150327276573595
17.915966386554622,30.95918367346939,30.148654570773704
17.915966386554622,31.795918367346935,30.147064607303545
17.915966386554622,32.63265306122449,30.145552348399683
17.915966386554622,33.46938775510204,30.14409551433706
17.915966386554622,34.30612244897959,30.14269608910088
17.915966386554622,35.14285714285714,30.14136830649782
17.915966386554622,35.97959183673469,30.140113408643757
17.915966386554622,36.816326530612244,30.13893359442572
17.915966386554622,37.6530612244898,30.137831583824763
17.915966386554622,38.48979591836735,30.136810308880523
17.915966386554622,39.3265306122449,30.135872660552902
17.915966386554622,40.16326530612245,30.135021170121476
17.915966386554622,41.0,30.134257608477313
18.662184873949577,0.0,30.236418284861923
18.662184873949577,0.8367346938775511,30.231423538047796
18.662184873949577,1.6734693877551021,30.22651609967291
18.662184873949577,2.510204081632653,30.221692771699953
18.662184873949577,3.3469387755102042,30.216953286735304
18.662184873949577,4.183673469387755,30.212298883801306
18.662184873949577,5.020408163265306,30.207731272246615
18.662184873949577,5.857142857142857,30.20325216061011
18.662184873949577,6.6938775510204085,30.198863272790806
18.662184873949577,7.530612244897959,30.194566562060626
18.662184873949577,8.36734693877551,30.190360145451052
18.662184873949577,9.204081632653061,30.186245955284996
18.662184873949577,10.040816326530612,30.18223336248821
18.662184873949577,10.877551020408164,30.178326675205223
18.662184873949577,11.714285714285714,30.174530126072703
18.662184873949577,12.551020408163264,30.170847013152727
18.662184873949577,13.387755102040817,30.167305686861614
18.662184873949577,14.224489795918368,30.16390936423588
18.662184873949577,15.061224489795919,30.160623332388322
18.662184873949577,15.897959183673468,30.157442122732498
18.662184873949577,16.73469387755102,30.15435918904946
18.662184873949577,17.57142857142857,30.151367660514918
18.662184873949577,18.408163265306122,30.148461033200725
18.662184873949577,19.244897959183675,30.14563291537088
18.662184873949577,20.081632653061224,30.142877085211147
18.662184873949577,20.918367346938776,30.140188174849733
18.662184873949577,21.75510204081633,30.13756183505388
18.662184873949577,22.591836734693874,30.13499536773205
18.662184873949577,23.428571428571427,30.132462585928806
18.662184873949577,24.26530612244898,30.129967336648875
18.662184873949577,25.10204081632653,30.127539694089922
18.662184873949577,25.93877551020408,30.125187066737187
18.662184873949577,26.775510204081634,30.122917526074406
18.662184873949577,27.612244897959183,30.120738216118813
18.662184873949577,28.448979591836736,30.118690709649208
18.662184873949577,29.285714285714285,30.11677153563902
18.662184873949577,30.122448979591837,30.11494724582068
18.662184873949577,30.95918367346939,30.113213763277848
18.662184873949577,31.795918367346935,30.111565901588396
18.662184873949577,32.63265306122449,30.10999867168004
18.662184873949577,33.46938775510204,30.108490030850525
18.662184873949577,34.30612244897959,30.107041937196467
18.662184873949577,35.14285714285714,30.105668471516424
18.662184873949577,35.97959183673469,30.104370859986773
18.662184873949577,36.816326530612244,30.10315127453438
18.662184873949577,37.6530612244898,30.10201240528452
18.662184873949577,38.48979591836735,30.100957151164863
18.662184873949577,39.3265306122449,30.09998837043922
18.662184873949577,40.16326530612245,30.09910856537228
18.662184873949577,41.0,30.098319486353834
19.408403361344536,0.0,30.198046651492927
19.408403361344536,0.8367346938775511,30.192941928383313
19.408403361344536,1.6734693877551021,30.187926728235404
19.408403361344536,2.510204081632653,30.182997896681222
19.408403361344536,3.3469387755102042,30.178155124473335
19.408403361344536,4.183673469387755,30.17339959492099
19.408403361344536,5.020408163265306,30.168732949858633
19.408403361344536,5.857142857142857,30.164156834843403
19.408403361344536,6.6938775510204085,30.159672917179442
19.408403361344536,7.530612244897959,30.155283090880122
19.408403361344536,8.36734693877551,30.150985476252448
19.408403361344536,9.204081632653061,30.146781954814966
19.408403361344536,10.040816326530612,30.14268170235139
19.408403361344536,10.877551020408164,30.13868894331047
19.408403361344536,11.714285714285714,30.134807810444528
19.408403361344536,12.551020408163264,30.13104152913675
19.408403361344536,13.387755102040817,30.127417942980255
19.408403361344536,14.224489795918368,30.123940203838746
19.408403361344536,15.061224489795919,30.120574187829668
19.408403361344536,15.897959183673468,30.117314514877542
19.408403361344536,16.73469387755102,30.114154729423984
19.408403361344536,17.57142857142857,30.11108807265591
19.408403361344536,18.408163265306122,30.108108144708194
19.408403361344536,19.244897959183675,30.105208650599806
19.408403361344536,20.081632653061224,30.10238345973019
19.408403361344536,20.918367346938776,30.099627291082587
19.408403361344536,21.75510204081633,30.09693585199456
19.408403361344536,22.591836734693874,30.09430648775329
19.408403361344536,23.428571428571427,30.09171344650393
19.408403361344536,24.26530612244898,30.08916049658361
19.408403361344536,25.10204081632653,30.086677192813433
19.408403361344536,25.93877551020408,30.084270813242625
19.408403361344536,26.775510204081634,30.081949283929163
19.408403361344536,27.612244897959183,30.07971962663136
19.408403361344536,28.448979591836736,30.077622704771173
19.408403361344536,29.285714285714285,30.075655106462207
19.408403361344536,30.122448979591837,30.073783945173002
19.408403361344536,30.95918367346939,30.07200521006074
19.408403361344536,31.795918367346935,30.070313798466852
19.408403361344536,32.63265306122449,30.06870480342975
19.408403361344536,33.46938775510204,30.06715654930284
19.408403361344536,34.30612244897959,30.06567095798294
19.408403361344536,35.14285714285714,30.064261870769823
19.408403361344536,35.97959183673469,30.062930491407766
19.408403361344536,36.816326530612244,30.061678953090208
19.408403361344536,37.6530612244898,30.060509898961683
19.408403361344536,38.48979591836735,30.059426177645605
19.408403361344536,39.3265306122449,30.058430597005167
19.408403361344536,40.16326530612245,30.05752561792761
19.408403361344536,41.0,30.056712959626275
20.154621848739495,0.0,30.164282395496553
20.154621848739495,0.8367346938775511,30.159015312525252
20.154621848739495,1.6734693877551021,30.153840714213374
20.154621848739495,2.510204081632653,30.148755463901214
20.154621848739495,3.3469387755102042,30.143759255502196
20.154621848739495,4.183673469387755,30.138853278675235
20.154621848739495,5.020408163265306,30.134039121724516
20.154621848739495,5.857142857142857,30.129318417359222
20.154621848739495,6.6938775510204085,30.124692803277654
20.154621848739495,7.530612244897959,30.1201641443971
20.154621848739495,8.36734693877551,30.115730594906932
20.154621848739495,9.204081632653061,30.11139398194036
20.154621848739495,10.040816326530612,30.107163386115225
20.154621848739495,10.877551020408164,30.10304297335031
20.154621848739495,11.714285714285714,30.099036820535275
20.154621848739495,12.551020408163264,30.095148108376957
20.154621848739495,13.387755102040817,30.091404358465166
20.154621848739495,14.224489795918368,30.087808665652794
20.154621848739495,15.061224489795919,30.084327321403073
20.154621848739495,15.897959183673468,30.080954987558854
20.154621848739495,16.73469387755102,30.077685298069422
20.154621848739495,17.57142857142857,30.07451156638963
20.154621848739495,18.408163265306122,30.071427466515473
20.154621848739495,19.244897959183675,30.06842677787259
20.154621848739495,20.081632653061224,30.065503442523553
20.154621848739495,20.918367346938776,30.062652239974977
20.154621848739495,21.75510204081633,30.05986892937457
20.154621848739495,22.591836734693874,30.05715088707258
20.154621848739495,23.428571428571427,30.05447266700143
20.154621848739495,24.26530612244898,30.051837992458918
20.154621848739495,25.10204081632653,30.04927606485702
20.154621848739495,25.93877551020408,30.04679407080758
20.154621848739495,26.775510204081634,30.044399839717702
20.154621848739495,27.612244897959183,30.042100306610493
20.154621848739495,28.448979591836736,30.03993584219585
20.154621848739495,29.285714285714285,30.037903072011524
20.154621848739495,30.122448979591837,30.035969501766925
20.154621848739495,30.95918367346939,30.034131168145144
20.154621848739495,31.795918367346935,30.032383027208382
20.154621848739495,32.63265306122449,30.030720230381316
20.154621848739495,33.46938775510204,30.029121361808393
20.154621848739495,34.30612244897959,30.027588319619845
20.154621848739495,35.14285714285714,30.026134776220008
20.154621848739495,35.97959183673469,30.024761918573756
20.154621848739495,36.816326530612244,30.023471854087976
20.154621848739495,37.6530612244898,30.022267191077734
20.154621848739495,38.48979591836735,30.021150743074106
20.154621848739495,39.3265306122449,30.02012528372338
20.154621848739495,40.16326530612245,30.019193240611447
20.154621848739495,41.0,30.018356311820362
20.900840336134454,0.0,30.133911836454665
20.900840336134454,0.8367346938775511,30.128486357835232
20.900840336134454,1.6734693877551021,30.123156237324707
20.900840336134454,2.510204081632653,30.11791827632045
20.900840336134454,3.3469387755102042,30.112772170647748
20.900840336134454,4.183673469387755,30.107719040619113
20.900840336134454,5.020408163265306,30.10276047292724
20.900840336134454,5.857142857142857,30.09789809234383
20.900840336134454,6.6938775510204085,30.093133506359703
20.900840336134454,7.530612244897959,30.08846857895362
20.900840336134454,8.36734693877551,30.08390146984382
20.900840336134454,9.204081632653061,30.07943401334482
20.900840336134454,10.040816326530612,30.075075210461293
20.900840336134454,10.877551020408164,30.07082917983561
20.900840336134454,11.714285714285714,30.06669997237504
20.900840336134454,12.551020408163264,30.062690750808724
20.900840336134454,13.387755102040817,30.05882876831411
20.900840336134454,14.224489795918368,30.055117097830518
20.900840336134454,15.061224489795919,30.05152234750469
20.900840336134454,15.897959183673468,30.0480392496236
20.900840336134454,16.73469387755102,30.044661478289388
20.900840336134454,17.57142857142857,30.041382417430924
20.900840336134454,18.408163265306122,30.038195815848212
20.900840336134454,19.244897959183675,30.03509549801817
20.900840336134454,20.081632653061224,30.03207547576589
20.900840336134454,20.918367346938776,30.029130578642057
20.900840336134454,21.75510204081633,30.026256609503477
20.900840336134454,22.591836734693874,30.023450966029017
20.900840336134454,23.428571428571427,30.020688449764478
20.900840336134454,24.26530612244898,30.01797274999811
20.900840336134454,25.10204081632653,30.01533278961368
20.900840336134454,25.93877551020408,30.012775690315692
20.900840336134454,26.775510204081634,30.01030920714368
20.900840336134454,27.612244897959183,30.007940209017416
20.900840336134454,28.448979591836736,30.005708681423126
20.900840336134454,29.285714285714285,30.003611282199472
20.900840336134454,30.122448979591837,30.001615826460984
20.900840336134454,30.95918367346939,29.999718388112974
20.900840336134454,31.795918367346935,29.99791397192343
20.900840336134454,32.63265306122449,29.9961977753035
20.900840336134454,33.46938775510204,29.99454858554059
20.900840336134454,34.30612244897959,29.992968283102165
20.900840336134454,35.14285714285714,29.99147041049406
20.900840336134454,35.97959183673469,29.990056141784148
20.900840336134454,36.816326530612244,29.988727564024487
20.900840336134454,37.6530612244898,29.98748725976086
20.900840336134454,38.48979591836735,29.98633801480755
20.900840336134454,39.3265306122449,29.985282575225646
20.900840336134454,40.16326530612245,29.984323344914408
20.900840336134454,41.0,29.983462004213543
21.647058823529413,0.0,30.097113902095824
21.647058823529413,0.8367346938775511,30.09156605500343
21.647058823529413,1.6734693877551021,30.0861154586913
21.647058823529413,2.510204081632653,30.08075916939173
21.647058823529413,3.3469387755102042,30.07549683362587
21.647058823529413,4.183673469387755,30.070329658149046
21.647058823529413,5.020408163265306,30.06525922455597
21.647058823529413,5.857142857142857,30.06028710757302
21.647058823529413,6.6938775510204085,30.05541492129823
21.647058823529413,7.530612244897959,30.050644466923735
21.647058823529413,8.36734693877551,30.045973949577615
21.647058823529413,9.204081632653061,30.041405173209327
21.647058823529413,10.040816326530612,30.03694696075107
21.647058823529413,10.877551020408164,30.032603373828227
21.647058823529413,11.714285714285714,30.028378386878707
21.647058823529413,12.551020408163264,30.024275104038193
21.647058823529413,13.387755102040817,30.020320329272415
21.647058823529413,14.224489795918368,30.01651708072543
21.647058823529413,15.061224489795919,30.01283251355565
21.647058823529413,15.897959183673468,30.009261431659873
21.647058823529413,16.73469387755102,30.00579762810526
21.647058823529413,17.57142857142857,30.002434583119793
21.647058823529413,18.408163265306122,29.999166136398635
21.647058823529413,19.244897959183675,29.995986224154734
21.647058823529413,20.081632653061224,29.992888938639446
21.647058823529413,20.918367346938776,29.989869192242836
21.647058823529413,21.75510204081633,29.986922853325645
21.647058823529413,22.591836734693874,29.984047358605867
21.647058823529413,23.428571428571427,29.981217914547408
21.647058823529413,24.26530612244898,29.978438142958304
21.647058823529413,25.10204081632653,29.97573649237446
21.647058823529413,25.93877551020408,29.973119963084784
21.647058823529413,26.775510204081634,29.970596178794622
21.647058823529413,27.612244897959183,29.968171891886765
21.647058823529413,28.448979591836736,29.965886435845807
21.647058823529413,29.285714285714285,29.96373651925117
21.647058823529413,30.122448979591837,29.961690477713162
21.647058823529413,30.95918367346939,29.959744446466097
21.647058823529413,31.795918367346935,29.957893508106697
21.647058823529413,32.63265306122449,29.95613293420081
21.647058823529413,33.46938775510204,29.9544418549628
21.647058823529413,34.30612244897959,29.952822117469662
21.647058823529413,35.14285714285714,29.951287040200157
21.647058823529413,35.97959183673469,29.94983777666182
21.647058823529413,36.816326530612244,29.948476377721086
21.647058823529413,37.6530612244898,29.94720538209963
21.647058823529413,38.48979591836735,29.94602752742571
21.647058823529413,39.3265306122449,29.94494551440161
21.647058823529413,40.16326530612245,29.94396170631848
21.647058823529413,41.0,29.94307775437448
22.39327731092437,0.0,30.0663571736825
22.39327731092437,0.8367346938775511,30.060676156118483
22.39327731092437,1.6734693877551021,30.055094643461175
22.39327731092437,2.510204081632653,30.04960963105419
22.39327731092437,3.3469387755102042,30.044220919358978
22.39327731092437,4.183673469387755,30.038929640657578
22.39327731092437,5.020408163265306,30.033737362041904
22.39327731092437,5.857142857142857,30.028645671085396
22.39327731092437,6.6938775510204085,30.023656171447044
22.39327731092437,7.530612244897959,30.018770645090143
22.39327731092437,8.36734693877551,30.01398732663393
22.39327731092437,9.204081632653061,30.00930800653998
22.39327731092437,10.040816326530612,30.004741396378506
22.39327731092437,10.877551020408164,30.000291522822067
22.39327731092437,11.714285714285714,29.99596232163826
22.39327731092437,12.551020408163264,29.991756855953057
22.39327731092437,13.387755102040817,29.98770160542544
22.39327731092437,14.224489795918368,29.983799559219825
22.39327731092437,15.061224489795919,29.980018264656707
22.39327731092437,15.897959183673468,29.976352591256777
22.39327731092437,16.73469387755102,29.972796404161702
22.39327731092437,17.57142857142857,29.96934326243436
22.39327731092437,18.408163265306122,29.9659870725563
22.39327731092437,19.244897959183675,29.962721842597954
22.39327731092437,20.081632653061224,29.959541735435185
22.39327731092437,20.918367346938776,29.956441718090584
22.39327731092437,21.75510204081633,29.95341770311735
22.39327731092437,22.591836734693874,29.950467157341986
22.39327731092437,23.428571428571427,29.947565578945856
22.39327731092437,24.26530612244898,29.944716542959448
22.39327731092437,25.10204081632653,29.941948151843476
22.39327731092437,25.93877551020408,29.939267316756197
22.39327731092437,26.775510204081634,29.936681569158782
22.39327731092437,27.612244897959183,29.93419757697481
22.39327731092437,28.448979591836736,29.93185419835108
22.39327731092437,29.285714285714285,29.929648179185016
22.39327731092437,30.122448979591837,29.927548231717317
22.39327731092437,30.95918367346939,29.925550533950172
22.39327731092437,31.795918367346935,29.923650224689997
22.39327731092437,32.63265306122449,29.9218426297197
22.39327731092437,33.46938775510204,29.92010712600197
22.39327731092437,34.30612244897959,29.918445535351
22.39327731092437,35.14285714285714,29.916871015187677
22.39327731092437,35.97959183673469,29.9153847036845
22.39327731092437,36.816326530612244,29.913988624883977
22.39327731092437,37.6530612244898,29.912685284535925
22.39327731092437,38.48979591836735,29.91147738749367
22.39327731092437,39.3265306122449,29.910367598642704
22.39327731092437,40.16326530612245,29.90935825278922
22.39327731092437,41.0,29.908450980666988
23.139495798319327,0.0,30.035777369683917
23.139495798319327,0.8367346938775511,30.029923124510642
23.139495798319327,1.6734693877551021,30.024171946434063
23.139495798319327,2.510204081632653,30.018520822464346
23.139495798319327,3.3469387755102042,30.012969440786588
23.139495798319327,4.183673469387755,30.007518884211827
23.139495798319327,5.020408163265306,30.00217069467054
23.139495798319327,5.857142857142857,29.99692639506279
23.139495798319327,6.6938775510204085,29.991787536386237
23.139495798319327,7.530612244897959,29.986755884139317
23.139495798319327,8.36734693877551,29.98182964932326
23.139495798319327,9.204081632653061,29.977010578964315
23.139495798319327,10.040816326530612,29.972307324271505
23.139495798319327,10.877551020408164,29.967723848592055
23.139495798319327,11.714285714285714,29.963264037499535
23.139495798319327,12.551020408163264,29.95893091667487
23.139495798319327,13.387755102040817,29.95475074461889
23.139495798319327,14.224489795918368,29.95072647793526
23.139495798319327,15.061224489795919,29.946825893445293
23.139495798319327,15.897959183673468,29.94304389835731
23.139495798319327,16.73469387755102,29.939374394389713
23.139495798319327,17.57142857142857,29.935810983100932
23.139495798319327,18.408163265306122,29.932347617505346
23.139495798319327,19.244897959183675,29.92897834645263
23.139495798319327,20.081632653061224,29.925697374847488
23.139495798319327,20.918367346938776,29.922499710269474
23.139495798319327,21.75510204081633,29.919381293403468
23.139495798319327,22.591836734693874,29.916339611397
23.139495798319327,23.428571428571427,29.913350356194538
23.139495798319327,24.26530612244898,29.910417074017605
23.139495798319327,25.10204081632653,29.907567641793875
23.139495798319327,25.93877551020408,29.904808911800146
23.139495798319327,26.775510204081634,29.902148350840733
23.139495798319327,27.612244897959183,29.899592571544787
23.139495798319327,28.448979591836736,29.897180113157333
23.139495798319327,29.285714285714285,29.89490774281791
23.139495798319327,30.122448979591837,29.892744425995538
23.139495798319327,30.95918367346939,29.890686369354977
23.139495798319327,31.795918367346935,29.888728749345955
23.139495798319327,32.63265306122449,29.88686692983073
23.139495798319327,33.46938775510204,29.885080453850343
23.139495798319327,34.30612244897959,29.883371127161496
23.139495798319327,35.14285714285714,29.88175199973
23.139495798319327,35.97959183673469,29.880224196867577
23.139495798319327,36.816326530612244,29.878789724821214
23.139495798319327,37.6530612244898,29.877451068305746
23.139495798319327,38.48979591836735,29.876210907755585
23.139495798319327,39.3265306122449,29.875071884708394
23.139495798319327,40.16326530612245,29.874036312893704
23.139495798319327,41.0,29.873105808433124
23.885714285714286,0.0,30.005404576950617
23.885714285714286,0.8367346938775511,29.99943963444301
23.885714285714286,1.6734693877551021,29.993579513369074
23.885714285714286,2.510204081632653,29.987821249102655
23.885714285714286,3.3469387755102042,29.982164533976842
23.885714285714286,4.183673469387755,29.976610454598724
23.885714285714286,5.020408163265306,29.971160505957524
23.885714285714286,5.857142857142857,29.965816210922085
23.885714285714286,6.6938775510204085,29.960579093263814
23.885714285714286,7.530612244897959,29.955450911222158
23.885714285714286,8.36734693877551,29.950429894719644
23.885714285714286,9.204081632653061,29.945517782442405
23.885714285714286,10.040816326530612,29.940723111004537
23.885714285714286,10.877551020408164,29.936049799356677
23.885714285714286,11.714285714285714,29.931501680054797
23.885714285714286,12.551020408163264,29.927081748203864
23.885714285714286,13.387755102040817,29.92281592019821
23.885714285714286,14.224489795918368,29.918707115082835
23.885714285714286,15.061224489795919,29.914723556480343
23.885714285714286,15.897959183673468,29.910860221594955
23.885714285714286,16.73469387755102,29.907111097312782
23.885714285714286,17.57142857142857,29.90346988090598
23.885714285714286,18.408163265306122,29.89993060258158
23.885714285714286,19.244897959183675,29.896487396007032
23.885714285714286,20.081632653061224,29.893134545155657
23.885714285714286,20.918367346938776,29.88986712137157
23.885714285714286,21.75510204081633,29.886681122963527
23.885714285714286,22.591836734693874,29.883574068569008
23.885714285714286,23.428571428571427,29.88052197227724
23.885714285714286,24.26530612244898,29.877528335610307
23.885714285714286,25.10204081632653,29.874620659786526
23.885714285714286,25.93877551020408,29.871805706118984
23.885714285714286,26.775510204081634,29.869090845926742
23.885714285714286,27.612244897959183,29.86648260291537
23.885714285714286,28.448979591836736,29.864019007570487
23.885714285714286,29.285714285714285,29.861696871824133
23.885714285714286,30.122448979591837,29.85948556777537
23.885714285714286,30.95918367346939,29.85738135676528
23.885714285714286,31.795918367346935,29.85537947386431
23.885714285714286,32.63265306122449,29.85347534471856
23.885714285714286,33.46938775510204,29.85164877963476
23.885714285714286,34.30612244897959,29.84990156102878
23.885714285714286,35.14285714285714,29.84824656489258
23.885714285714286,35.97959183673469,29.846684901514816
23.885714285714286,36.816326530612244,29.845218547770326
23.885714285714286,37.6530612244898,29.843849959230376
23.885714285714286,38.48979591836735,29.84258177434347
23.885714285714286,39.3265306122449,29.841416604374817
23.885714285714286,40.16326530612245,29.84035672817156
23.885714285714286,41.0,29.839403738683096
24.63193277310924,0.0,29.971744817379818
24.63193277310924,0.8367346938775511,29.965640069553853
24.63193277310924,1.6734693877551021,29.95964292213685
24.63193277310924,2.510204081632653,29.953750399374663
24.63193277310924,3.3469387755102042,29.947962203843144
24.63193277310924,4.183673469387755,29.942279411649594
24.63193277310924,5.020408163265306,29.936703460989193
24.63193277310924,5.857142857142857,29.931235866914047
24.63193277310924,6.6938775510204085,29.92587811483533
24.63193277310924,7.530612244897959,29.920631901378414
24.63193277310924,8.36734693877551,29.915495488853942
24.63193277310924,9.204081632653061,29.910470548387707
24.63193277310924,10.040816326530612,29.905565492306383
24.63193277310924,10.877551020408164,29.90078415436852
24.63193277310924,11.714285714285714,29.896130306741757
24.63193277310924,12.551020408163264,29.891606875853412
24.63193277310924,13.387755102040817,29.88723941709951
24.63193277310924,14.224489795918368,29.883030783107976
24.63193277310924,15.061224489795919,29.878949616401073
24.63193277310924,15.897959183673468,29.874990948956203
24.63193277310924,16.73469387755102,29.871148835001552
24.63193277310924,17.57142857142857,29.867417037459184
24.63193277310924,18.408163265306122,29.863789658702075
24.63193277310924,19.244897959183675,29.860260905402065
24.63193277310924,20.081632653061224,29.856825119819494
24.63193277310924,20.918367346938776,29.853477439292288
24.63193277310924,21.75510204081633,29.85021389793319
24.63193277310924,22.591836734693874,29.847032043209005
24.63193277310924,23.428571428571427,29.84390821205196
24.63193277310924,24.26530612244898,29.84084583606351
24.63193277310924,25.10204081632653,29.837872041173956
24.63193277310924,25.93877551020408,29.83499350364548
24.63193277310924,26.775510204081634,29.832217469261185
24.63193277310924,27.612244897959183,29.82955037419758
24.63193277310924,28.448979591836736,29.827029726937937
24.63193277310924,29.285714285714285,29.824652377721453
24.63193277310924,30.122448979591837,29.822388109826935
24.63193277310924,30.95918367346939,29.820233226285584
24.63193277310924,31.795918367346935,29.8181830280433
24.63193277310924,32.63265306122449,29.816232994665473
24.63193277310924,33.46938775510204,29.814363209046597
24.63193277310924,34.30612244897959,29.81257542473834
24.63193277310924,35.14285714285714,29.81088233996537
24.63193277310924,35.97959183673469,29.80928504765897
24.63193277310924,36.816326530612244,29.807785495493388
24.63193277310924,37.6530612244898,29.80638609971755
24.63193277310924,38.48979591836735,29.805089466093204
24.63193277310924,39.3265306122449,29.803898163266467
24.63193277310924,40.16326530612245,29.802814440567406
24.63193277310924,41.0,29.801839867860252
25.3781512605042,0.0,29.940957292030138
25.3781512605042,0.8367346938775511,29.934712796467583
25.3781512605042,1.6734693877551021,29.928578197547203
25.3781512605042,2.510204081632653,29.922550570447623
25.3781512605042,3.3469387755102042,29.916629668803644
25.3781512605042,4.183673469387755,29.910816511366512
25.3781512605042,5.020408163265306,29.90511263811463
25.3781512605042,5.857142857142857,29.899519455328576
25.3781512605042,6.6938775510204085,29.894038492720444
25.3781512605042,7.530612244897959,29.888671416110444
25.3781512605042,8.36734693877551,29.88341653004988
25.3781512605042,9.204081632653061,29.878275485680895
25.3781512605042,10.040816326530612,29.87325660674889
25.3781512605042,10.877551020408164,29.868363713704515
25.3781512605042,11.714285714285714,29.86360052240733
25.3781512605042,12.551020408163264,29.85896993765399
25.3781512605042,13.387755102040817,29.854497239950966
25.3781512605042,14.224489795918368,29.850185235978127
25.3781512605042,15.061224489795919,29.84600294779502
25.3781512605042,15.897959183673468,29.841945462214337
25.3781512605042,16.73469387755102,29.83800690458098
25.3781512605042,17.57142857142857,29.834181122672714
25.3781512605042,18.408163265306122,29.83046227728444
25.3781512605042,19.244897959183675,29.82684464144031
25.3781512605042,20.081632653061224,29.82332263537381
25.3781512605042,20.918367346938776,29.819891443366636
25.3781512605042,21.75510204081633,29.816547154933488
25.3781512605042,22.591836734693874,29.813287340262377
25.3781512605042,23.428571428571427,29.810088604908803
25.3781512605042,24.26530612244898,29.8069543525047
25.3781512605042,25.10204081632653,29.8039113916276
25.3781512605042,25.93877551020408,29.800966307094388
25.3781512605042,26.775510204081634,29.798126274912875
25.3781512605042,27.612244897959183,29.795397647314132
25.3781512605042,28.448979591836736,29.79281749824914
25.3781512605042,29.285714285714285,29.79038271093213
25.3781512605042,30.122448979591837,29.78806341517491
25.3781512605042,30.95918367346939,29.78585595448346
25.3781512605042,31.795918367346935,29.783755682096224
25.3781512605042,32.63265306122449,29.781758128146173
25.3781512605042,33.46938775510204,29.77984360295119
25.3781512605042,34.30612244897959,29.77801383909027
25.3781512605042,35.14285714285714,29.776281384322274
25.3781512605042,35.97959183673469,29.77464731700681
25.3781512605042,36.816326530612244,29.773113561169627
25.3781512605042,37.6530612244898,29.77168250172049
25.3781512605042,38.48979591836735,29.770356712694852
25.3781512605042,39.3265306122449,29.7691387312742
25.3781512605042,40.16326530612245,29.76803077911318
25.3781512605042,41.0,29.767034406139906
26.12436974789916,0.0,29.911578910236525
26.12436974789916,0.8367346938775511,29.905184848265915
26.12436974789916,1.6734693877551021,29.89890379801194
26.12436974789916,2.510204081632653,29.89273288937211
26.12436974789916,3.3469387755102042,29.88667182863628
26.12436974789916,4.183673469387755,29.88072163102112
26.12436974789916,5.020408163265306,29.874883734845163
26.12436974789916,5.857142857142857,29.86915955469735
26.12436974789916,6.6938775510204085,29.86355054689743
26.12436974789916,7.530612244897959,29.858058346038607
26.12436974789916,8.36734693877551,29.852681216188703
26.12436974789916,9.204081632653061,29.84742079226845
26.12436974789916,10.040816326530612,29.84228524514058
26.12436974789916,10.877551020408164,29.83727831810455
26.12436974789916,11.714285714285714,29.832403658869232
26.12436974789916,12.551020408163264,29.82766411713092
26.12436974789916,13.387755102040817,29.823084627318444
26.12436974789916,14.224489795918368,29.8186679591364
26.12436974789916,15.061224489795919,29.81438345954525
26.12436974789916,15.897959183673468,29.81022626400521
26.12436974789916,16.73469387755102,29.80619054124788
26.12436974789916,17.57142857142857,29.802270195619364
26.12436974789916,18.408163265306122,29.798459449989195
26.12436974789916,19.244897959183675,29.794752628032832
26.12436974789916,20.081632653061224,29.79114420038806
26.12436974789916,20.918367346938776,29.78762939674124
26.12436974789916,21.75510204081633,29.784204345190393
26.12436974789916,22.591836734693874,29.78086663112406
26.12436974789916,23.428571428571427,29.777593130515974
26.12436974789916,24.26530612244898,29.774387198470798
26.12436974789916,25.10204081632653,29.771275310845827
26.12436974789916,25.93877551020408,29.76826396358728
26.12436974789916,26.775510204081634,29.765360238371894
26.12436974789916,27.612244897959183,29.762570401919938
26.12436974789916,28.448979591836736,29.759931071545207
26.12436974789916,29.285714285714285,29.75743916139583
26.12436974789916,30.122448979591837,29.755065154793563
26.12436974789916,30.95918367346939,29.75280543276781
26.12436974789916,31.795918367346935,29.75065539767807
26.12436974789916,32.63265306122449,29.748610628690066
26.12436974789916,33.46938775510204,29.74665166949805
26.12436974789916,34.30612244897959,29.744780225983767
26.12436974789916,35.14285714285714,29.743008690249756
26.12436974789916,35.97959183673469,29.741338124208674
26.12436974789916,36.816326530612244,29.739770423616456
26.12436974789916,37.6530612244898,29.73830794140692
26.12436974789916,38.48979591836735,29.73695321770673
26.12436974789916,39.3265306122449,29.735708755434054
26.12436974789916,40.16326530612245,29.734576747572525
26.12436974789916,41.0,29.733558723333935
26.870588235294118,0.0,29.882926239138307
26.870588235294118,0.8367346938775511,29.876394871359704
26.870588235294118,1.6734693877551021,29.869978785833986
26.870588235294118,2.510204081632653,29.863675131120008
26.870588235294118,3.3469387755102042,29.857483618213028
26.870588235294118,4.183673469387755,29.8514052711963
26.870588235294118,5.020408163265306,29.84544151041857
26.870588235294118,5.857142857142857,29.839593780616944
26.870588235294118,6.6938775510204085,29.833863514715425
26.870588235294118,7.530612244897959,29.828252349227263
26.870588235294118,8.36734693877551,29.82275858423703
26.870588235294118,9.204081632653061,29.817383852200546
26.870588235294118,10.040816326530612,29.81213626990157
26.870588235294118,10.877551020408164,29.807019555873683
26.870588235294118,11.714285714285714,29.80203735839595
26.870588235294118,12.551020408163264,29.797192490551613
26.870588235294118,13.387755102040817,29.792509701882516
26.870588235294118,14.224489795918368,29.787991737077576
26.870588235294118,15.061224489795919,29.783608214291984
26.870588235294118,15.897959183673468,29.779354306605253
26.870588235294118,16.73469387755102,29.775224244911303
26.870588235294118,17.57142857142857,29.771211972507462
26.870588235294118,18.408163265306122,29.76731177732472
26.870588235294118,19.244897959183675,29.7635180247676
26.870588235294118,20.081632653061224,29.759825235978578
26.870588235294118,20.918367346938776,29.756228683714983
26.870588235294118,21.75510204081633,29.752724524942415
26.870588235294118,22.591836734693874,29.749310367938644
26.870588235294118,23.428571428571427,29.7459632845531
26.870588235294118,24.26530612244898,29.742686599392815
26.870588235294118,25.10204081632653,29.73950656524464
26.870588235294118,25.93877551020408,29.736429622778815
26.870588235294118,26.775510204081634,29.733462790829275
26.870588235294118,27.612244897959183,29.73061228329624
26.870588235294118,28.448979591836736,29.72791440559034
26.870588235294118,29.285714285714285,29.725366095037547
26.870588235294118,30.122448979591837,29.722938083994784
26.870588235294118,30.95918367346939,29.720626781518288
26.870588235294118,31.795918367346935,29.718427627988543
26.870588235294118,32.63265306122449,29.71633623851418
26.870588235294118,33.46938775510204,29.714333320278783
26.870588235294118,34.30612244897959,29.712420563508118
26.870588235294118,35.14285714285714,29.710610254430733
26.870588235294118,35.97959183673469,29.708903443519148
26.870588235294118,36.816326530612244,29.7073020103134
26.870588235294118,37.6530612244898,29.705808285600277
26.870588235294118,38.48979591836735,29.704424785963123
26.870588235294118,39.3265306122449,29.703153993798118
26.870588235294118,40.16326530612245,29.7019980801438
26.870588235294118,41.0,29.700958559545818
27.616806722689073,0.0,29.85401028705704
27.616806722689073,0.8367346938775511,29.8473748413114
27.616806722689073,1.6734693877551021,29.840856508403775
27.616806722689073,2.510204081632653,29.83445247771507
27.616806722689073,3.3469387755102042,29.82816242467673
27.616806722689073,4.183673469387755,29.821987365401103
27.616806722689073,5.020408163265306,29.81592869743187
27.616806722689073,5.857142857142857,29.809987826971238
27.616806722689073,6.6938775510204085,29.8041661847142
27.616806722689073,7.530612244897959,29.798465383264602
27.616806722689073,8.36734693877551,29.79288374035564
27.616806722689073,9.204081632653061,29.787422862654577
27.616806722689073,10.040816326530612,29.78209076198688
27.616806722689073,10.877551020408164,29.776891106282296
27.616806722689073,11.714285714285714,29.771827486350535
27.616806722689073,12.551020408163264,29.76690269028937
27.616806722689073,13.387755102040817,29.76214112740725
27.616806722689073,14.224489795918368,29.75754551204853
27.616806722689073,15.061224489795919,29.753085856267273
27.616806722689073,15.897959183673468,29.748757393367754
27.616806722689073,16.73469387755102,29.744554427784138
27.616806722689073,17.57142857142857,29.74047097729005
27.616806722689073,18.408163265306122,29.736501396069304
27.616806722689073,19.244897959183675,29.732640119231732
27.616806722689073,20.081632653061224,29.72888173044142
27.616806722689073,20.918367346938776,29.72522155849599
27.616806722689073,21.75510204081633,29.721655800271204
27.616806722689073,22.591836734693874,29.718182093689144
27.616806722689073,23.428571428571427,29.714777793024336
27.616806722689073,24.26530612244898,29.711446174000592
27.616806722689073,25.10204081632653,29.708213145470484
27.616806722689073,25.93877551020408,29.70508505737234
27.616806722689073,26.775510204081634,29.70206883374579
27.616806722689073,27.612244897959183,29.699170604500306
27.616806722689073,28.448979591836736,29.696426205337232
27.616806722689073,29.285714285714285,29.693832611496603
27.616806722689073,30.122448979591837,29.69136092420384
27.616806722689073,30.95918367346939,29.689007596843478
27.616806722689073,31.795918367346935,29.68676812310708
27.616806722689073,32.63265306122449,29.6846381707717
27.616806722689073,33.46938775510204,29.682598690113497
27.616806722689073,34.30612244897959,29.68065134541735
27.616806722689073,35.14285714285714,29.67880826400883
27.616806722689073,35.97959183673469,29.677070479860692
27.616806722689073,36.816326530612244,29.67543984656704
27.616806722689073,37.6530612244898,29.673918661818522
27.616806722689073,38.48979591836735,29.67250940985268
27.616806722689073,39.3265306122449,29.671214538105243
27.616806722689073,40.16326530612245,29.670036189441127
27.616806722689073,41.0,29.66897585743708
28.363025210084032,0.0,29.825853830045034
28.363025210084032,0.8367346938775511,29.819102873622
28.363025210084032,1.6734693877551021,29.812471192589552
28.363025210084032,2.510204081632653,29.805955993002417
28.363025210084032,3.3469387755102042,29.79955698009999
28.363025210084032,4.183673469387755,29.793275137998783
28.363025210084032,5.020408163265306,29.787111815339287
28.363025210084032,5.857142857142857,29.781068407315328
28.363025210084032,6.6938775510204085,29.775146286201466
28.363025210084032,7.530612244897959,29.769347039138264
28.363025210084032,8.36734693877551,29.763668984447598
28.363025210084032,9.204081632653061,29.758113687743965
28.363025210084032,10.040816326530612,29.752689056042616
28.363025210084032,10.877551020408164,29.747398696623645
28.363025210084032,11.714285714285714,29.7422461489804
28.363025210084032,12.551020408163264,29.73723414568623
28.363025210084032,13.387755102040817,29.732386807733313
28.363025210084032,14.224489795918368,29.727706808210925
28.363025210084032,15.061224489795919,29.72316450538902
28.363025210084032,15.897959183673468,29.718755177962404
28.363025210084032,16.73469387755102,29.714473191467015
28.363025210084032,17.57142857142857,29.710312633028973
28.363025210084032,18.408163265306122,29.706267909838324
28.363025210084032,19.244897959183675,29.702333525543075
28.363025210084032,20.081632653061224,29.69850411963801
28.363025210084032,20.918367346938776,29.694775071081484
28.363025210084032,21.75510204081633,29.691142621720804
28.363025210084032,22.591836734693874,29.68760442894986
28.363025210084032,23.428571428571427,29.684138112652438
28.363025210084032,24.26530612244898,29.68074690506222
28.363025210084032,25.10204081632653,29.677456413619414
28.363025210084032,25.93877551020408,29.674272912281154
28.363025210084032,26.775510204081634,29.671203244670135
28.363025210084032,27.612244897959183,29.66825346842065
28.363025210084032,28.448979591836736,29.66545900556574
28.363025210084032,29.285714285714285,29.66281686307121
28.363025210084032,30.122448979591837,29.66029848032516
28.363025210084032,30.95918367346939,29.65790034780359
28.363025210084032,31.795918367346935,29.65561801259258
28.363025210084032,32.63265306122449,29.653447192103464
28.363025210084032,33.46938775510204,29.651369054250832
28.363025210084032,34.30612244897959,29.649385244374958
28.363025210084032,35.14285714285714,29.64750774816425
28.363025210084032,35.97959183673469,29.645737586935557
28.363025210084032,36.816326530612244,29.644076591530606
28.363025210084032,37.6530612244898,29.642527033628756
28.363025210084032,38.48979591836735,29.64109136586597
28.363025210084032,39.3265306122449,29.63977200755031
28.363025210084032,40.16326530612245,29.638571074679216
28.363025210084032,41.0,29.637490043627317
29.10924369747899,0.0,29.795008984432254
29.10924369747899,0.8367346938775511,29.788134172457564
29.10924369747899,1.6734693877551021,29.78138102574412
29.10924369747899,2.510204081632653,29.77474672169712
29.10924369747899,3.3469387755102042,29.768230967676626
29.10924369747899,4.183673469387755,29.761834711663393
29.10924369747899,5.020408163265306,29.755559288907946
29.10924369747899,5.857142857142857,29.74940604848541
29.10924369747899,6.6938775510204085,29.743376356457617
29.10924369747899,7.530612244897959,29.73747176738287
29.10924369747899,8.36734693877551,29.73169059693623
29.10924369747899,9.204081632653061,29.726034401189917
29.10924369747899,10.040816326530612,29.72051097222424
29.10924369747899,10.877551020408164,29.715123862685182
29.10924369747899,11.714285714285714,29.709876557562954
29.10924369747899,12.551020408163264,29.704771759761588
29.10924369747899,13.387755102040817,29.69983327704273
29.10924369747899,14.224489795918368,29.695063748594364
29.10924369747899,15.061224489795919,29.69043387701462
29.10924369747899,15.897959183673468,29.68593899430084
29.10924369747899,16.73469387755102,29.68157352453009
29.10924369747899,17.57142857142857,29.67733162054959
29.10924369747899,18.408163265306122,29.673207752645013
29.10924369747899,19.244897959183675,29.669196477821497
29.10924369747899,20.081632653061224,29.665292499124973
29.10924369747899,20.918367346938776,29.66149124559705
29.10924369747899,21.75510204081633,29.65778899481509
29.10924369747899,22.591836734693874,29.654183427949825
29.10924369747899,23.428571428571427,29.65065243330318
29.10924369747899,24.26530612244898,29.647199197808654
29.10924369747899,25.10204081632653,29.64384900803824
29.10924369747899,25.93877551020408,29.64060805962877
29.10924369747899,26.775510204081634,29.637483106025375
29.10924369747899,27.612244897959183,29.634480125774
29.10924369747899,28.448979591836736,29.631634103559445
29.10924369747899,29.285714285714285,29.628942080913962
29.10924369747899,30.122448979591837,29.62637583846792
29.10924369747899,30.95918367346939,29.62393190731297
29.10924369747899,31.795918367346935,29.621605885219594
29.10924369747899,32.63265306122449,29.6193935374345
29.10924369747899,33.46938775510204,29.617276258528893
29.10924369747899,34.30612244897959,29.615255670731944
29.10924369747899,35.14285714285714,29.61334361102522
29.10924369747899,35.97959183673469,29.611541085972327
29.10924369747899,36.816326530612244,29.609849900237702
29.10924369747899,37.6530612244898,29.608272297125026
29.10924369747899,38.48979591836735,29.606810695685482
29.10924369747899,39.3265306122449,29.60546748389128
29.10924369747899,40.16326530612245,29.60424475074528
29.10924369747899,41.0,29.603143951842796
29.85546218487395,0.0,29.768345564601102
29.85546218487395,0.8367346938775511,29.761338001166223
29.85546218487395,1.6734693877551021,29.75445446039954
29.85546218487395,2.510204081632653,29.747692187534156
29.85546218487395,3.3469387755102042,29.741050841400583
29.85546218487395,4.183673469387755,29.734531355423307
29.85546218487395,5.020408163265306,29.72813507408073
29.85546218487395,5.857142857142857,29.721863319575554
29.85546218487395,6.6938775510204085,29.71571743557241
29.85546218487395,7.530612244897959,29.709698947615575
29.85546218487395,8.36734693877551,29.70380620594262
29.85546218487395,9.204081632653061,29.698040734607808
29.85546218487395,10.040816326530612,29.692410254223027
29.85546218487395,10.877551020408164,29.686918284673975
29.85546218487395,11.714285714285714,29.681568273850633
29.85546218487395,12.551020408163264,29.67636289617013
29.85546218487395,13.387755102040817,29.671325741396785
29.85546218487395,14.224489795918368,29.666459414902796
29.85546218487395,15.061224489795919,29.66173490110395
29.85546218487395,15.897959183673468,29.657147573556237
29.85546218487395,16.73469387755102,29.65269191250517
29.85546218487395,17.57142857142857,29.648362123479437
29.85546218487395,18.408163265306122,29.644152732831486
29.85546218487395,19.244897959183675,29.640058347122853
29.85546218487395,20.081632653061224,29.636073721641075
29.85546218487395,20.918367346938776,29.632194328990394
29.85546218487395,21.75510204081633,29.628416482257474
29.85546218487395,22.591836734693874,29.624737886622107
29.85546218487395,23.428571428571427,29.621136636904254
29.85546218487395,24.26530612244898,29.617615891178556
29.85546218487395,25.10204081632653,29.61420069780127
29.85546218487395,25.93877551020408,29.610897191241516
29.85546218487395,26.775510204081634,29.607712059960164
29.85546218487395,27.612244897959183,29.604651225175285
29.85546218487395,28.448979591836736,29.60174933880634
29.85546218487395,29.285714285714285,29.59900346810287
29.85546218487395,30.122448979591837,29.59638565946254
29.85546218487395,30.95918367346939,29.59389247671165
29.85546218487395,31.795918367346935,29.591519554991272
29.85546218487395,32.63265306122449,29.589262701072904
29.85546218487395,33.46938775510204,29.58710348347062
29.85546218487395,34.30612244897959,29.585043507710733
29.85546218487395,35.14285714285714,29.58309449671977
29.85546218487395,35.97959183673469,29.581257445471532
29.85546218487395,36.816326530612244,29.579534139920728
29.85546218487395,37.6530612244898,29.577926799943505
29.85546218487395,38.48979591836735,29.576437821301372
29.85546218487395,39.3265306122449,29.575069565794013
29.85546218487395,40.16326530612245,29.573824101977504
29.85546218487395,41.0,29.57270287000575
30.60168067226891,0.0,29.7384313949121
30.60168067226891,0.8367346938775511,29.731308258913167
30.60168067226891,1.6734693877551021,29.72431119516144
30.60168067226891,2.510204081632653,29.717437497543393
30.60168067226891,3.3469387755102042,29.710686872838618
30.60168067226891,4.183673469387755,29.70406023998021
30.60168067226891,5.020408163265306,29.697558902097885
30.60168067226891,5.857142857142857,29.691184172161645
30.60168067226891,6.6938775510204085,29.68493737185604
30.60168067226891,7.530612244897959,29.678820010915537
30.60168067226891,8.36734693877551,29.672830455256772
30.60168067226891,9.204081632653061,29.666970204686354
30.60168067226891,10.040816326530612,29.661246857388324
30.60168067226891,10.877551020408164,29.65566388141763
30.60168067226891,11.714285714285714,29.65022467157384
30.60168067226891,12.551020408163264,29.64493185634769
30.60168067226891,13.387755102040817,29.639808667771632
30.60168067226891,14.224489795918368,29.634857676466034
30.60168067226891,15.061224489795919,29.63005028189368
30.60168067226891,15.897959183673468,29.625381915279878
30.60168067226891,16.73469387755102,29.6208471292711
30.60168067226891,17.57142857142857,29.61644020477439
30.60168067226891,18.408163265306122,29.61215574508997
30.60168067226891,19.244897959183675,29.607988426608753
30.60168067226891,20.081632653061224,29.603933072688644
30.60168067226891,20.918367346938776,29.599985215767255
30.60168067226891,21.75510204081633,29.59614121784624
30.60168067226891,22.591836734693874,29.592398806269124
30.60168067226891,23.428571428571427,29.588736389559724
30.60168067226891,24.26530612244898,29.585157073944174
30.60168067226891,25.10204081632653,29.581685536307113
30.60168067226891,25.93877551020408,29.578327816916445
30.60168067226891,26.775510204081634,29.5750905005263
30.60168067226891,27.612244897959183,29.571979415674896
30.60168067226891,28.448979591836736,29.56902870759436
30.60168067226891,29.285714285714285,29.56623547975738
30.60168067226891,30.122448979591837,29.563572179680445
30.60168067226891,30.95918367346939,29.561035416749753
30.60168067226891,31.795918367346935,29.558620882436244
30.60168067226891,32.63265306122449,29.556324439505094
30.60168067226891,33.46938775510204,29.554127923200884
30.60168067226891,34.30612244897959,29.552032906989655
30.60168067226891,35.14285714285714,29.550050944286973
30.60168067226891,35.97959183673469,29.54818301149509
30.60168067226891,36.816326530612244,29.54643086396785
30.60168067226891,37.6530612244898,29.54479668606608
30.60168067226891,38.48979591836735,29.543282836386165
30.60168067226891,39.3265306122449,29.541891640845567
30.60168067226891,40.16326530612245,29.540625135332593
30.60168067226891,41.0,29.53948473652814
31.347899159663864,0.0,29.71165940816831
31.347899159663864,0.8367346938775511,29.70441330206817
31.347899159663864,1.6734693877551021,29.697295648317535
31.347899159663864,2.510204081632653,29.690303722526682
31.347899159663864,3.3469387755102042,29.683437232122078
31.347899159663864,4.183673469387755,29.676697089752945
31.347899159663864,5.020408163265306,29.670084558486828
31.347899159663864,5.857142857142857,29.663600941821688
31.347899159663864,6.6938775510204085,29.65724753631743
31.347899159663864,7.530612244897959,29.651025830227137
31.347899159663864,8.36734693877551,29.64493417782255
31.347899159663864,9.204081632653061,29.63897406437126
31.347899159663864,10.040816326530612,29.633153012115198
31.347899159663864,10.877551020408164,29.62747443081295
31.347899159663864,11.714285714285714,29.62194168013598
31.347899159663864,12.551020408163264,29.6165573465741
31.347899159663864,13.387755102040817,29.611344433153814
31.347899159663864,14.224489795918368,29.606305475547607
31.347899159663864,15.061224489795919,29.60141212957124
31.347899159663864,15.897959183673468,29.59665986406919
31.347899159663864,16.73469387755102,29.592043269081994
31.347899159663864,17.57142857142857,29.587556674647455
31.347899159663864,18.408163265306122,29.583194720008628
31.347899159663864,19.244897959183675,29.578952127335867
31.347899159663864,20.081632653061224,29.574823757903452
31.347899159663864,20.918367346938776,29.570805177834526
31.347899159663864,21.75510204081633,29.566892774126533
31.347899159663864,22.591836734693874,29.56308428829776
31.347899159663864,23.428571428571427,29.559358327132024
31.347899159663864,24.26530612244898,29.5557179573484
31.347899159663864,25.10204081632653,29.55218761785546
31.347899159663864,25.93877551020408,29.548773279760322
31.347899159663864,26.775510204081634,29.545481462554303
31.347899159663864,27.612244897959183,29.542317933906997
31.347899159663864,28.448979591836736,29.539316509182335
31.347899159663864,29.285714285714285,29.536474311419397
31.347899159663864,30.122448979591837,29.533764048978103
31.347899159663864,30.95918367346939,29.53118235389544
31.347899159663864,31.795918367346935,29.52872496099646
31.347899159663864,32.63265306122449,29.526387765171613
31.347899159663864,33.46938775510204,29.52415276630564
31.347899159663864,34.30612244897959,29.52202152709511
31.347899159663864,35.14285714285714,29.52000548249207
31.347899159663864,35.97959183673469,29.51810559740988
31.347899159663864,36.816326530612244,29.516323611281624
31.347899159663864,37.6530612244898,29.51466168154761
31.347899159663864,38.48979591836735,29.513122143755766
31.347899159663864,39.3265306122449,29.511707299760136
31.347899159663864,40.16326530612245,29.510419163897193
31.347899159663864,41.0,29.50925913834556
32.09411764705882,0.0,29.68642284881708
32.09411764705882,0.8367346938775511,29.679047015454383
32.09411764705882,1.6734693877551021,29.671801617382723
32.09411764705882,2.510204081632653,29.664683967703766
32.09411764705882,3.3469387755102042,29.65769378243139
32.09411764705882,4.183673469387755,29.65083197092393
32.09411764705882,5.020408163265306,29.64409985204258
32.09411764705882,5.857142857142857,29.637498685629197
32.09411764705882,6.6938775510204085,29.631029828799335
32.09411764705882,7.530612244897959,29.624694792731837
32.09411764705882,8.36734693877551,29.61849195191289
32.09411764705882,9.204081632653061,29.612422785895433
32.09411764705882,10.040816326530612,29.60649481337194
32.09411764705882,10.877551020408164,29.600711424845066
32.09411764705882,11.714285714285714,29.595075953711646
32.09411764705882,12.551020408163264,29.589590989206744
32.09411764705882,13.387755102040817,29.58427937033621
32.09411764705882,14.224489795918368,29.579143607607207
32.09411764705882,15.061224489795919,29.574155608264622
32.09411764705882,15.897959183673468,29.569310881477364
32.09411764705882,16.73469387755102,29.564604079127886
32.09411764705882,17.57142857142857,29.560029575880463
32.09411764705882,18.408163265306122,29.555582080900294
32.09411764705882,19.244897959183675,29.551256349879324
32.09411764705882,20.081632653061224,29.547047292845434
32.09411764705882,20.918367346938776,29.54295052759169
32.09411764705882,21.75510204081633,29.53896247575993
32.09411764705882,22.591836734693874,29.535080898080572
32.09411764705882,23.428571428571427,29.53128458740645
32.09411764705882,24.26530612244898,29.527576585560894
32.09411764705882,25.10204081632653,29.523981128126856
32.09411764705882,25.93877551020408,29.52050414040524
32.09411764705882,26.775510204081634,29.517152084429284
32.09411764705882,27.612244897959183,29.513930680548494
32.09411764705882,28.448979591836736,29.51087345410923
32.09411764705882,29.285714285714285,29.507977556163745
32.09411764705882,30.122448979591837,29.505215920776333
32.09411764705882,30.95918367346939,29.502585211806977
32.09411764705882,31.795918367346935,29.50008119676821
32.09411764705882,32.63265306122449,29.497699806692516
32.09411764705882,33.46938775510204,29.49542319604953
32.09411764705882,34.30612244897959,29.493252910080265
32.09411764705882,35.14285714285714,29.491200286556218
32.09411764705882,35.97959183673469,29.48926628339393
32.09411764705882,36.816326530612244,29.48745261722355
32.09411764705882,37.6530612244898,29.485761431489344
32.09411764705882,38.48979591836735,29.484195038572256
32.09411764705882,39.3265306122449,29.482755718884103
32.09411764705882,40.16326530612245,29.481445468890644
32.09411764705882,41.0,29.480265675946256
32.84033613445378,0.0,29.65648982426665
32.84033613445378,0.8367346938775511,29.649007946477433
32.84033613445378,1.6734693877551021,29.64165902080842
32.84033613445378,2.510204081632653,29.634440417366367
32.84033613445378,3.3469387755102042,29.627351822823183
32.84033613445378,4.183673469387755,29.620394111343327
32.84033613445378,5.020408163265306,29.61356851709487
32.84033613445378,5.857142857142857,29.60687627214844
32.84033613445378,6.6938775510204085,29.600318617042287
32.84033613445378,7.530612244897959,29.593896969295727
32.84033613445378,8.36734693877551,29.587609701147432
32.84033613445378,9.204081632653061,29.581458220967587
32.84033613445378,10.040816326530612,29.575449852411538
32.84033613445378,10.877551020408164,29.569587900666154
32.84033613445378,11.714285714285714,29.56387561408277
32.84033613445378,12.551020408163264,29.55831550916703
32.84033613445378,13.387755102040817,29.55293000905993
32.84033613445378,14.224489795918368,29.54772158607892
32.84033613445378,15.061224489795919,29.54266252799217
32.84033613445378,15.897959183673468,29.53774838944879
32.84033613445378,16.73469387755102,29.532973876485016
32.84033613445378,17.57142857142857,29.528333425689283
32.84033613445378,18.408163265306122,29.52382178201952
32.84033613445378,19.244897959183675,29.519433782487113
32.84033613445378,20.081632653061224,29.515164387683154
32.84033613445378,20.918367346938776,29.511009250645404
32.84033613445378,21.75510204081633,29.506964832085796
32.84033613445378,22.591836734693874,29.503028913311134
32.84033613445378,23.428571428571427,29.499180580606193
32.84033613445378,24.26530612244898,29.495422819701083
32.84033613445378,25.10204081632653,29.4917794842434
32.84033613445378,25.93877551020408,29.488256397248918
32.84033613445378,26.775510204081634,29.484859913804847
32.84033613445378,27.612244897959183,29.48159565341842
32.84033613445378,28.448979591836736,29.47849663405603
32.84033613445378,29.285714285714285,29.475560038786092
32.84033613445378,30.122448979591837,29.47275919717554
32.84033613445378,30.95918367346939,29.47009081367284
32.84033613445378,31.795918367346935,29.46755071120271
32.84033613445378,32.63265306122449,29.46513487438492
32.84033613445378,33.46938775510204,29.462825715930965
32.84033613445378,34.30612244897959,29.460624751018663
32.84033613445378,35.14285714285714,29.458543143633335
32.84033613445378,35.97959183673469,29.45658182898245
32.84033613445378,36.816326530612244,29.454742499841373
32.84033613445378,37.6530612244898,29.453027259546662
32.84033613445378,38.48979591836735,29.451438383015184
32.84033613445378,39.3265306122449,29.449978113132886
32.84033613445378,40.16326530612245,29.448648413694972
32.84033613445378,41.0,29.447450650182823
33.586554621848734,0.0,29.633088082079677
33.586554621848734,0.8367346938775511,29.62547451641051
33.586554621848734,1.6734693877551021,29.61799625780617
33.586554621848734,2.510204081632653,29.61065062405291
33.586554621848734,3.3469387755102042,29.603437275023907
33.586554621848734,4.183673469387755,29.59635702470977
33.586554621848734,5.020408163265306,29.589411094793466
33.586554621848734,5.857142857142857,29.58260068898689
33.586554621848734,6.6938775510204085,29.575927060538415
33.586554621848734,7.530612244897959,29.569391599052675
33.586554621848734,8.36734693877551,29.562992711828674
33.586554621848734,9.204081632653061,29.55673181113965
33.586554621848734,10.040816326530612,29.55061616309079
33.586554621848734,10.877551020408164,29.544649078790638
33.586554621848734,11.714285714285714,29.538833784079944
33.586554621848734,12.551020408163264,29.5331727797885
33.586554621848734,13.387755102040817,29.527688361689165
33.586554621848734,14.224489795918368,29.522382977283065
33.586554621848734,15.061224489795919,29.517229121804245
33.586554621848734,15.897959183673468,29.512222394413566
33.586554621848734,16.73469387755102,29.507357539785747
33.586554621848734,17.57142857142857,29.502629049697255
33.586554621848734,18.408163265306122,29.498031716203922
33.586554621848734,19.244897959183675,29.493560414931938
33.586554621848734,20.081632653061224,29.4892101548741
33.586554621848734,20.918367346938776,29.48497662867741
33.586554621848734,21.75510204081633,29.480856327666032
33.586554621848734,22.591836734693874,29.476847056138848
33.586554621848734,23.428571428571427,29.47292805904043
33.586554621848734,24.26530612244898,29.469102304679645
33.586554621848734,25.10204081632653,29.465393479240205
33.586554621848734,25.93877551020408,29.46180737078164
33.586554621848734,26.775510204081634,29.458350287514
33.586554621848734,27.612244897959183,29.455027814064433
33.586554621848734,28.448979591836736,29.451872727438722
33.586554621848734,29.285714285714285,29.448882234171148
33.586554621848734,30.122448979591837,29.446029858201758
33.586554621848734,30.95918367346939,29.443312330020277
33.586554621848734,31.795918367346935,29.440725503981337
33.586554621848734,32.63265306122449,29.43826539436954
33.586554621848734,33.46938775510204,29.435914543888234
33.586554621848734,34.30612244897959,29.433674457448056
33.586554621848734,35.14285714285714,29.43155621664029
33.586554621848734,35.97959183673469,29.42956075066265
33.586554621848734,36.816326530612244,29.427689738285817
33.586554621848734,37.6530612244898,29.42594526767265
33.586554621848734,38.48979591836735,29.424329595673665
33.586554621848734,39.3265306122449,29.422844947960133
33.586554621848734,40.16326530612245,29.4214932710456
33.586554621848734,41.0,29.42027592084078
34.332773109243696,0.0,29.60480499070046
34.332773109243696,0.8367346938775511,29.59709400760395
34.332773109243696,1.6734693877551021,29.589520178712377
34.332773109243696,2.510204081632653,29.58208086343497
34.332773109243696,3.3469387755102042,29.57477575921552
34.332773109243696,4.183673469387755,29.567605682561357
34.332773109243696,5.020408163265306,29.56057182662658
34.332773109243696,5.857142857142857,29.553675403906826
34.332773109243696,6.6938775510204085,29.546917608271144
34.332773109243696,7.530612244897959,29.54029981996419
34.332773109243696,8.36734693877551,29.533820443398383
34.332773109243696,9.204081632653061,29.52748085628898
34.332773109243696,10.040816326530612,29.521288214458167
34.332773109243696,10.877551020408164,29.5152457555265
34.332773109243696,11.714285714285714,29.509356650495107
34.332773109243696,12.551020408163264,29.50362334756455
34.332773109243696,13.387755102040817,29.49806782714096
34.332773109243696,14.224489795918368,29.492692478323676
34.332773109243696,15.061224489795919,29.487470166268327
34.332773109243696,15.897959183673468,29.48239651593693
34.332773109243696,16.73469387755102,29.477466332578505
34.332773109243696,17.57142857142857,29.47267416677335
34.332773109243696,18.408163265306122,29.46801486270032
34.332773109243696,19.244897959183675,29.463483347275833
34.332773109243696,20.081632653061224,29.459074682745623
34.332773109243696,20.918367346938776,29.454784606306934
34.332773109243696,21.75510204081633,29.450609638186084
34.332773109243696,22.591836734693874,29.44654759863582
34.332773109243696,23.428571428571427,29.442577995223587
34.332773109243696,24.26530612244898,29.438703745239298
34.332773109243696,25.10204081632653,29.43494820863145
34.332773109243696,25.93877551020408,29.431317085521982
34.332773109243696,26.775510204081634,29.427816591268144
34.332773109243696,27.612244897959183,29.424452228797175
34.332773109243696,28.448979591836736,29.421256335975446
34.332773109243696,29.285714285714285,29.418226146909937
34.332773109243696,30.122448979591837,29.41533552885827
34.332773109243696,30.95918367346939,29.412581247891136
34.332773109243696,31.795918367346935,29.40995920553903
34.332773109243696,32.63265306122449,29.407465463612482
34.332773109243696,33.46938775510204,29.405082787262874
34.332773109243696,34.30612244897959,29.4028126565493
34.332773109243696,35.14285714285714,29.40066600284083
34.332773109243696,35.97959183673469,29.398643738368644
34.332773109243696,36.816326530612244,29.396747516729004
34.332773109243696,37.6530612244898,29.394979394793697
34.332773109243696,38.48979591836735,29.39334159598166
34.332773109243696,39.3265306122449,29.39183631448504
34.332773109243696,40.16326530612245,29.390465469663052
34.332773109243696,41.0,29.389230396100867
35.07899159663866,0.0,29.580960764334346
35.07899159663866,0.8367346938775511,29.573121229350736
35.07899159663866,1.6734693877551021,29.565421109402024
35.07899159663866,2.510204081632653,29.557857792313925
35.07899159663866,3.3469387755102042,29.5504309962145
35.07899159663866,4.183673469387755,29.54314151856656
35.07899159663866,5.020408163265306,29.5359905380811
35.07899159663866,5.857142857142857,29.5289792469299
35.07899159663866,6.6938775510204085,29.522108833474068
35.07899159663866,7.530612244897959,29.51538066747723
35.07899159663866,8.36734693877551,29.50879316686037
35.07899159663866,9.204081632653061,29.502347694075123
35.07899159663866,10.040816326530612,29.496051349908747
35.07899159663866,10.877551020408164,29.489907349761676
35.07899159663866,11.714285714285714,29.483918835963703
35.07899159663866,12.551020408163264,29.47808823553339
35.07899159663866,13.387755102040817,29.472437338055336
35.07899159663866,14.224489795918368,29.466968510600616
35.07899159663866,15.061224489795919,29.461654857547735
35.07899159663866,15.897959183673468,29.456492054654642
35.07899159663866,16.73469387755102,29.45147495262746
35.07899159663866,17.57142857142857,29.446598150058357
35.07899159663866,18.408163265306122,29.441856541039815
35.07899159663866,19.244897959183675,29.437245099942245
35.07899159663866,20.081632653061224,29.43275893071595
35.07899159663866,20.918367346938776,29.428393808392045
35.07899159663866,21.75510204081633,29.424146285985163
35.07899159663866,22.591836734693874,29.42001420258029
35.07899159663866,23.428571428571427,29.41597725282856
35.07899159663866,24.26530612244898,29.41203832293803
35.07899159663866,25.10204081632653,29.40822055683733
35.07899159663866,25.93877551020408,29.404529598128132
35.07899159663866,26.775510204081634,29.400971602952147
35.07899159663866,27.612244897959183,29.397552015854707
35.07899159663866,28.448979591836736,29.394302873199017
35.07899159663866,29.285714285714285,29.391221431378227
35.07899159663866,30.122448979591837,29.388281794603195
35.07899159663866,30.95918367346939,29.385480755945785
35.07899159663866,31.795918367346935,29.382814252691137
35.07899159663866,32.63265306122449,29.380278378040654
35.07899159663866,33.46938775510204,29.37785605645727
35.07899159663866,34.30612244897959,29.37554875066683
35.07899159663866,35.14285714285714,29.373367287968236
35.07899159663866,35.97959183673469,29.371312568694936
35.07899159663866,36.816326530612244,29.369386227866194
35.07899159663866,37.6530612244898,29.36759030143147
35.07899159663866,38.48979591836735,29.365926989719203
35.07899159663866,39.3265306122449,29.364398463069065
35.07899159663866,40.16326530612245,29.363006621560377
35.07899159663866,41.0,29.36175278582405
35.825210084033614,0.0,29.555280078496544
35.825210084033614,0.8367346938775511,29.5473318706188
35.825210084033614,1.6734693877551021,29.539525061499578
35.825210084033614,2.510204081632653,29.531857051971574
35.825210084033614,3.3469387755102042,29.524327518524
35.825210084033614,4.183673469387755,29.51693722719184
35.825210084033614,5.020408163265306,29.509687357735583
35.825210084033614,5.857142857142857,29.502579077550628
35.825210084033614,6.6938775510204085,29.49561357042902
35.825210084033614,7.530612244897959,29.48879218535633
35.825210084033614,8.36734693877551,29.48211337620772
35.825210084033614,9.204081632653061,29.475578470634403
35.825210084033614,10.040816326530612,29.469194499032106
35.825210084033614,10.877551020408164,29.462964643858903
35.825210084033614,11.714285714285714,29.45689200890944
35.825210084033614,12.551020408163264,29.45097900010555
35.825210084033614,13.387755102040817,29.445247169638733
35.825210084033614,14.224489795918368,29.4396988657027
35.825210084033614,15.061224489795919,29.434307458895713
35.825210084033614,15.897959183673468,29.42906867026432
35.825210084033614,16.73469387755102,29.42397739175926
35.825210084033614,17.57142857142857,29.419028275059112
35.825210084033614,18.408163265306122,29.414216266105484
35.825210084033614,19.244897959183675,29.40953638336188
35.825210084033614,20.081632653061224,29.404983781514797
35.825210084033614,20.918367346938776,29.400554275801042
35.825210084033614,21.75510204081633,29.396244450873052
35.825210084033614,22.591836734693874,29.392052164147056
35.825210084033614,23.428571428571427,29.387957315612883
35.825210084033614,24.26530612244898,29.3839627610127
35.825210084033614,25.10204081632653,29.3800914061939
35.825210084033614,25.93877551020408,29.376348836578043
35.825210084033614,26.775510204081634,29.372741143480834
35.825210084033614,27.612244897959183,29.36927371550926
35.825210084033614,28.448979591836736,29.365978261192485
35.825210084033614,29.285714285714285,29.362852063674485
35.825210084033614,30.122448979591837,29.359869487725675
35.825210084033614,30.95918367346939,29.35702735669733
35.825210084033614,31.795918367346935,29.354321648024175
35.825210084033614,32.63265306122449,29.351748494056203
35.825210084033614,33.46938775510204,29.349290986216083
35.825210084033614,34.30612244897959,29.34695057614991
35.825210084033614,35.14285714285714,29.344737977490066
35.825210084033614,35.97959183673469,29.342654080304683
35.825210084033614,36.816326530612244,29.340700502979356
35.825210084033614,37.6530612244898,29.33887925442885
35.825210084033614,38.48979591836735,29.33719251319976
35.825210084033614,39.3265306122449,29.335642426685933
35.825210084033614,40.16326530612245,29.334230873366884
35.825210084033614,41.0,29.33295915870442
36.57142857142857,0.0,29.528730776148635
36.57142857142857,0.8367346938775511,29.52067912774768
36.57142857142857,1.6734693877551021,29.51277060944003
36.57142857142857,2.510204081632653,29.505002749301738
36.57142857142857,3.3469387755102042,29.497375161505605
36.57142857142857,4.183673469387755,29.489888694150213
36.57142857142857,5.020408163265306,29.482544484790587
36.57142857142857,5.857142857142857,29.47534367508359
36.57142857142857,6.6938775510204085,29.468287444503943
36.57142857142857,7.530612244897959,29.461377127886937
36.57142857142857,8.36734693877551,29.454611174746788
36.57142857142857,9.204081632653061,29.44799091093911
36.57142857142857,10.040816326530612,29.441523296526842
36.57142857142857,10.877551020408164,29.43521146016881
36.57142857142857,11.714285714285714,29.42905847928058
36.57142857142857,12.551020408163264,29.423066728566706
36.57142857142857,13.387755102040817,29.41725752273261
36.57142857142857,14.224489795918368,29.41163318259289
36.57142857142857,15.061224489795919,29.406167370822285
36.57142857142857,15.897959183673468,29.40085584798223
36.57142857142857,16.73469387755102,29.395693562159494
36.57142857142857,17.57142857142857,29.390675224696935
36.57142857142857,18.408163265306122,29.38579582943919
36.57142857142857,19.244897959183675,29.38105045013235
36.57142857142857,20.081632653061224,29.376434287470616
36.57142857142857,20.918367346938776,29.37194320223372
36.57142857142857,21.75510204081633,29.367573812023267
36.57142857142857,22.591836734693874,29.363323993555227
36.57142857142857,23.428571428571427,29.359173864039988
36.57142857142857,24.26530612244898,29.35512624384082
36.57142857142857,25.10204081632653,29.351203783708055
36.57142857142857,25.93877551020408,29.347412005430844
36.57142857142857,26.775510204081634,29.343756929023506
36.57142857142857,27.612244897959183,29.34024388156705
36.57142857142857,28.448979591836736,29.33690422208868
36.57142857142857,29.285714285714285,29.33373525970687
36.57142857142857,30.122448979591837,29.330711636684853
36.57142857142857,30.95918367346939,29.32783020726482
36.57142857142857,31.795918367346935,29.325086987858494
36.57142857142857,32.63265306122449,29.322478152372486
36.57142857142857,33.46938775510204,29.31998697703013
36.57142857142857,34.30612244897959,29.31761488508212
36.57142857142857,35.14285714285714,29.31537247723735
36.57142857142857,35.97959183673469,29.313260629479206
36.57142857142857,36.816326530612244,29.311280938058047
36.57142857142857,37.6530612244898,29.309435392119983
36.57142857142857,38.48979591836735,29.307726141823597
36.57142857142857,39.3265306122449,29.306155308763906
36.57142857142857,40.16326530612245,29.304724749222363
36.57142857142857,41.0,29.30343575161644
37.317647058823525,0.0,29.504969072620653
37.317647058823525,0.8367346938775511,29.49678917868899
37.317647058823525,1.6734693877551021,29.488755110004128
37.317647058823525,2.510204081632653,29.48086431773046
37.317647058823525,3.3469387755102042,29.473116440626264
37.317647058823525,4.183673469387755,29.46551227279427
37.317647058823525,5.020408163265306,29.458052928991048
37.317647058823525,5.857142857142857,29.45073952379964
37.317647058823525,6.6938775510204085,29.443573216437475
37.317647058823525,7.530612244897959,29.436555306064182
37.317647058823525,8.36734693877551,29.429684222795782
37.317647058823525,9.204081632653061,29.422961272890337
37.317647058823525,10.040816326530612,29.416393335906555
37.317647058823525,10.877551020408164,29.40998351388453
37.317647058823525,11.714285714285714,29.403734836945766
37.317647058823525,12.551020408163264,29.39764964166867
37.317647058823525,13.387755102040817,29.391749098865922
37.317647058823525,14.224489795918368,29.386035485793087
37.317647058823525,15.061224489795919,29.380482620319725
37.317647058823525,15.897959183673468,29.375086277106657
37.317647058823525,16.73469387755102,29.369841430926773
37.317647058823525,17.57142857142857,29.36474281008239
37.317647058823525,18.408163265306122,29.359785422063652
37.317647058823525,19.244897959183675,29.354964374095626
37.317647058823525,20.081632653061224,29.350274884404552
37.317647058823525,20.918367346938776,29.345712826835182
37.317647058823525,21.75510204081633,29.34127483747673
37.317647058823525,22.591836734693874,29.336958797781953
37.317647058823525,23.428571428571427,29.33274494876046
37.317647058823525,24.26530612244898,29.328636084433825
37.317647058823525,25.10204081632653,29.324654696473324
37.317647058823525,25.93877551020408,29.320806258405934
37.317647058823525,26.775510204081634,29.31709674212416
37.317647058823525,27.612244897959183,29.313531432434747
37.317647058823525,28.448979591836736,29.310141468989606
37.317647058823525,29.285714285714285,29.30692417117434
37.317647058823525,30.122448979591837,29.303854345281366
37.317647058823525,30.95918367346939,29.300928861209115
37.317647058823525,31.795918367346935,29.298143759200148
37.317647058823525,32.63265306122449,29.295495229142805
37.317647058823525,33.46938775510204,29.292966659918303
37.317647058823525,34.30612244897959,29.290559464502778
37.317647058823525,35.14285714285714,29.28828416045902
37.317647058823525,35.97959183673469,29.286141618224935
37.317647058823525,36.816326530612244,29.28413342184058
37.317647058823525,37.6530612244898,29.282261536434113
37.317647058823525,38.48979591836735,29.280528098148544
37.317647058823525,39.3265306122449,29.278935211217906
37.317647058823525,40.16326530612245,29.27748471622242
37.317647058823525,41.0,29.276177891494353
38.06386554621849,0.0,29.479904728650475
38.06386554621849,0.8367346938775511,29.471624543214176
38.06386554621849,1.6734693877551021,29.463491993508924
38.06386554621849,2.510204081632653,29.455504533206188
38.06386554621849,3.3469387755102042,29.44766183043279
38.06386554621849,4.183673469387755,29.43996465206496
38.06386554621849,5.020408163265306,29.432414097638567
38.06386554621849,5.857142857142857,29.425011295523493
38.06386554621849,6.6938775510204085,29.417757363864073
38.06386554621849,7.530612244897959,29.410653611462152
38.06386554621849,8.36734693877551,29.403698480113174
38.06386554621849,9.204081632653061,29.396893267537727
38.06386554621849,10.040816326530612,29.390244749093313
38.06386554621849,10.877551020408164,29.383756007351934
38.06386554621849,11.714285714285714,29.377430021767275
38.06386554621849,12.551020408163264,29.37126910184762
38.06386554621849,13.387755102040817,29.365294146314554
38.06386554621849,14.224489795918368,29.359507401018828
38.06386554621849,15.061224489795919,29.353883001618307
38.06386554621849,15.897959183673468,29.348416763464545
38.06386554621849,16.73469387755102,29.343103711614113
38.06386554621849,17.57142857142857,29.33793862951164
38.06386554621849,18.408163265306122,29.332916585262225
38.06386554621849,19.244897959183675,29.328032726015987
38.06386554621849,20.081632653061224,29.323282324298493
38.06386554621849,20.918367346938776,29.318661293636925
38.06386554621849,21.75510204081633,29.314166300403688
38.06386554621849,22.591836734693874,29.309795243797335
38.06386554621849,23.428571428571427,29.305528594466388
38.06386554621849,24.26530612244898,29.301369102199907
38.06386554621849,25.10204081632653,29.29733898035312
38.06386554621849,25.93877551020408,29.293443625960904
38.06386554621849,26.775510204081634,29.289688930272956
38.06386554621849,27.612244897959183,29.28608010633521
38.06386554621849,28.448979591836736,29.282647908737403
38.06386554621849,29.285714285714285,29.279389684242272
38.06386554621849,30.122448979591837,29.27628053826309
38.06386554621849,30.95918367346939,29.273317370806552
38.06386554621849,31.795918367346935,29.2704962667568
38.06386554621849,32.63265306122449,29.267813456815755
38.06386554621849,33.46938775510204,29.26525252109759
38.06386554621849,34.30612244897959,29.262814856508275
38.06386554621849,35.14285714285714,29.260510846491268
38.06386554621849,35.97959183673469,29.258341344789038
38.06386554621849,36.816326530612244,29.256307911058215
38.06386554621849,37.6530612244898,29.25441248933775
38.06386554621849,38.48979591836735,29.252657183813373
38.06386554621849,39.3265306122449,29.25104407171141
38.06386554621849,40.16326530612245,29.24957496556083
38.06386554621849,41.0,29.248251127883037
38.81008403361345,0.0,29.456997300272416
38.81008403361345,0.8367346938775511,29.44861319074156
38.81008403361345,1.6734693877551021,29.440378871329596
38.81008403361345,2.510204081632653,29.432291791476022
38.81008403361345,3.3469387755102042,29.42435159761132
38.81008403361345,4.183673469387755,29.41655900328989
38.81008403361345,5.020408163265306,29.40891508381411
38.81008403361345,5.857142857142857,29.40142093344492
38.81008403361345,6.6938775510204085,29.394077628831013
38.81008403361345,7.530612244897959,29.38688642417526
38.81008403361345,8.36734693877551,29.379845770703554
38.81008403361345,9.204081632653061,29.37295692082409
38.81008403361345,10.040816326530612,29.36622657398648
38.81008403361345,10.877551020408164,29.35965772849544
38.81008403361345,11.714285714285714,29.35325333583434
38.81008403361345,12.551020408163264,29.347015655974616
38.81008403361345,13.387755102040817,29.340965341072728
38.81008403361345,14.224489795918368,29.335104601986767
38.81008403361345,15.061224489795919,29.329407850176622
38.81008403361345,15.897959183673468,29.323870916616094
38.81008403361345,16.73469387755102,29.31848887447299
38.81008403361345,17.57142857142857,29.31325655326618
38.81008403361345,18.408163265306122,29.308169062646545
38.81008403361345,19.244897959183675,29.30322159036612
38.81008403361345,20.081632653061224,29.29840945373381
38.81008403361345,20.918367346938776,29.293728601061144
38.81008403361345,21.75510204081633,29.289175727108773
38.81008403361345,22.591836734693874,29.284748745188683
38.81008403361345,23.428571428571427,29.280428328273743
38.81008403361345,24.26530612244898,29.27621719124332
38.81008403361345,25.10204081632653,29.2721373021106
38.81008403361345,25.93877551020408,29.26819399894871
38.81008403361345,26.775510204081634,29.264393104970846
38.81008403361345,27.612244897959183,29.260739773269762
38.81008403361345,28.448979591836736,29.257264428383245
38.81008403361345,29.285714285714285,29.253964440862806
38.81008403361345,30.122448979591837,29.250815177528462
38.81008403361345,30.95918367346939,29.247813570208358
38.81008403361345,31.795918367346935,29.244955738838563
38.81008403361345,32.63265306122449,29.24223795257777
38.81008403361345,33.46938775510204,29.239643963101226
38.81008403361345,34.30612244897959,29.237175145098067
38.81008403361345,35.14285714285714,29.23484177395352
38.81008403361345,35.97959183673469,29.232644690958022
38.81008403361345,36.816326530612244,29.230585436109806
38.81008403361345,37.6530612244898,29.22866593047905
38.81008403361345,38.48979591836735,29.226888254135922
38.81008403361345,39.3265306122449,29.225254457761423
38.81008403361345,40.16326530612245,29.22376633727302
38.81008403361345,41.0,29.222425137413687
39.556302521008405,0.0,29.430431815400347
39.556302521008405,0.8367346938775511,29.421947306986755
39.556302521008405,1.6734693877551021,29.413614412798978
39.556302521008405,2.510204081632653,29.405430638128486
39.556302521008405,3.3469387755102042,29.397395668793177
39.556302521008405,4.183673469387755,29.389510213297275
39.556302521008405,5.020408163265306,29.381775339525845
39.556302521008405,5.857142857142857,29.374192106308303
39.556302521008405,6.6938775510204085,29.36676158409665
39.556302521008405,7.530612244897959,29.359484986296643
39.556302521008405,8.36734693877551,29.352360786424256
39.556302521008405,9.204081632653061,29.345390204840676
39.556302521008405,10.040816326530612,29.338579833452982
39.556302521008405,10.877551020408164,29.33193263770496
39.556302521008405,11.714285714285714,29.32545150028786
39.556302521008405,12.551020408163264,29.31913865087411
39.556302521008405,13.387755102040817,29.313014462439668
39.556302521008405,14.224489795918368,29.307081105977485
39.556302521008405,15.061224489795919,29.30131331112785
39.556302521008405,15.897959183673468,29.295706972040154
39.556302521008405,16.73469387755102,29.290257215976663
39.556302521008405,17.57142857142857,29.28495893014652
39.556302521008405,18.408163265306122,29.279807282063576
39.556302521008405,19.244897959183675,29.2747975149366
39.556302521008405,20.081632653061224,29.2699250013121
39.556302521008405,20.918367346938776,29.265185733639356
39.556302521008405,21.75510204081633,29.260576443825492
39.556302521008405,22.591836734693874,29.25609506299145
39.556302521008405,23.428571428571427,29.251722514083543
39.556302521008405,24.26530612244898,29.247461468601212
39.556302521008405,25.10204081632653,29.243333591946964
39.556302521008405,25.93877551020408,29.23934414289572
39.556302521008405,26.775510204081634,29.235498860502773
39.556302521008405,27.612244897959183,29.231802822087108
39.556302521008405,28.448979591836736,29.228286038434664
39.556302521008405,29.285714285714285,29.22494590907016
39.556302521008405,30.122448979591837,29.22175812160998
39.556302521008405,30.95918367346939,29.2187196423859
39.556302521008405,31.795918367346935,29.21582663646673
39.556302521008405,32.63265306122449,29.213075418398184
39.556302521008405,33.46938775510204,29.21044995048549
39.556302521008405,34.30612244897959,29.20795158368518
39.556302521008405,35.14285714285714,29.205590451940466
39.556302521008405,35.97959183673469,29.203367380812182
39.556302521008405,36.816326530612244,29.20128388554182
39.556302521008405,37.6530612244898,29.199341858822365
39.556302521008405,38.48979591836735,29.197543347877303
39.556302521008405,39.3265306122449,29.195890374742504
39.556302521008405,40.16326530612245,29.194384707497072
39.556302521008405,41.0,29.1930275724557
40.30252100840336,0.0,29.409447688236334
40.30252100840336,0.8367346938775511,29.40083784769146
40.30252100840336,1.6734693877551021,29.39238198987617
40.30252100840336,2.510204081632653,29.384077636341598
40.30252100840336,3.3469387755102042,29.37592441325167
40.30252100840336,4.183673469387755,29.367923029354152
40.30252100840336,5.020408163265306,29.36007453795248
40.30252100840336,5.857142857142857,29.352379968778997
40.30252100840336,6.6938775510204085,29.34484038521718
40.30252100840336,7.530612244897959,29.33745699894178
40.30252100840336,8.36734693877551,29.330228270910204
40.30252100840336,9.204081632653061,29.323155407716953
40.30252100840336,10.040816326530612,29.3162449727083
40.30252100840336,10.877551020408164,29.309499901968216
40.30252100840336,11.714285714285714,29.30292307047819
40.30252100840336,12.551020408163264,29.29651668510028
40.30252100840336,13.387755102040817,29.290301010162782
40.30252100840336,14.224489795918368,29.284278201585266
40.30252100840336,15.061224489795919,29.278423109428985
40.30252100840336,15.897959183673468,29.27273165284428
40.30252100840336,16.73469387755102,29.26719897643127
40.30252100840336,17.57142857142857,29.261819988768735
40.30252100840336,18.408163265306122,29.25658988924519
40.30252100840336,19.244897959183675,29.251503940638848
40.30252100840336,20.081632653061224,29.24655753402866
40.30252100840336,20.918367346938776,29.241746689145923
40.30252100840336,21.75510204081633,29.237068148227483
40.30252100840336,22.591836734693874,29.232519859573
40.30252100840336,23.428571428571427,29.228082841679594
40.30252100840336,24.26530612244898,29.22375975374103
40.30252100840336,25.10204081632653,29.219572146388234
40.30252100840336,25.93877551020408,29.215525246132064
40.30252100840336,26.775510204081634,29.211624760889457
40.30252100840336,27.612244897959183,29.207875737508363
40.30252100840336,28.448979591836736,29.20430802333537
40.30252100840336,29.285714285714285,29.200919027299957
40.30252100840336,30.122448979591837,29.19768456744979
40.30252100840336,30.95918367346939,29.194601625124406
40.30252100840336,31.795918367346935,29.19166638422714
40.30252100840336,32.63265306122449,29.188875176769024
40.30252100840336,33.46938775510204,29.186212052577392
40.30252100840336,34.30612244897959,29.18367835351785
40.30252100840336,35.14285714285714,29.181284155382855
40.30252100840336,35.97959183673469,29.179030278541237
40.30252100840336,36.816326530612244,29.176918228142544
40.30252100840336,37.6530612244898,29.17494988381982
40.30252100840336,38.48979591836735,29.173127280591363
40.30252100840336,39.3265306122449,29.17145242664298
40.30252100840336,40.16326530612245,29.169927078948053
40.30252100840336,41.0,29.168552455161354
41.048739495798316,0.0,29.38572515999383
41.048739495798316,0.8367346938775511,29.377010149636895
41.048739495798316,1.6734693877551021,29.368451084093728
41.048739495798316,2.510204081632653,29.360045473287446
41.048739495798316,3.3469387755102042,29.351792958901854
41.048739495798316,4.183673469387755,29.343694214935862
41.048739495798316,5.020408163265306,29.335750263392573
41.048739495798316,5.857142857142857,29.327962155046816
41.048739495798316,6.6938775510204085,29.320330926569813
41.048739495798316,7.530612244897959,29.31285777244822
41.048739495798316,8.36734693877551,29.305541174495406
41.048739495798316,9.204081632653061,29.298382332900868
41.048739495798316,10.040816326530612,29.291387740577502
41.048739495798316,10.877551020408164,29.284560302602188
41.048739495798316,11.714285714285714,29.277902861260724
41.048739495798316,12.551020408163264,29.271417596060168
41.048739495798316,13.387755102040817,29.26512457584782
41.048739495798316,14.224489795918368,29.25902592954003
41.048739495798316,15.061224489795919,29.253096742953147
41.048739495798316,15.897959183673468,29.247332961359806
41.048739495798316,16.73469387755102,29.241729772360927
41.048739495798316,17.57142857142857,29.236282131432684
41.048739495798316,18.408163265306122,29.23098526892699
41.048739495798316,19.244897959183675,29.22583449307039
41.048739495798316,20.081632653061224,29.220825230329154
41.048739495798316,20.918367346938776,29.21595353135024
41.048739495798316,21.75510204081633,29.211216166291102
41.048739495798316,22.591836734693874,29.206611093046195
41.048739495798316,23.428571428571427,29.202119508815052
41.048739495798316,24.26530612244898,29.19774403846554
41.048739495798316,25.10204081632653,29.193506020774443
41.048739495798316,25.93877551020408,29.18941062587751
41.048739495798316,26.775510204081634,29.185463500204932
41.048739495798316,27.612244897959183,29.181669635853474
41.048739495798316,28.448979591836736,29.178058588339585
41.048739495798316,29.285714285714285,29.17462778379479
41.048739495798316,30.122448979591837,29.171353268661548
41.048739495798316,30.95918367346939,29.168232045985768
41.048739495798316,31.795918367346935,29.1652603326249
41.048739495798316,32.63265306122449,29.16243448985064
41.048739495798316,33.46938775510204,29.159738716493866
41.048739495798316,34.30612244897959,29.157174337005518
41.048739495798316,35.14285714285714,29.154751327194255
41.048739495798316,35.97959183673469,29.15247049471679
41.048739495798316,36.816326530612244,29.150333326578032
41.048739495798316,37.6530612244898,29.148341681109592
41.048739495798316,38.48979591836735,29.146497570039035
41.048739495798316,39.3265306122449,29.144802980075816
41.048739495798316,40.16326530612245,29.143259648048506
41.048739495798316,41.0,29.14186877737845
41.79495798319328,0.0,29.36072547376826
41.79495798319328,0.8367346938775511,29.35195122760674
41.79495798319328,1.6734693877551021,29.343333825999462
41.79495798319328,2.510204081632653,29.334870858094988
41.79495798319328,3.3469387755102042,29.326561949441697
41.79495798319328,4.183673469387755,29.318407798107046
41.79495798319328,5.020408163265306,29.310409396180166
41.79495798319328,5.857142857142857,29.302567770006675
41.79495798319328,6.6938775510204085,29.29488394120507
41.79495798319328,7.530612244897959,29.287359089944662
41.79495798319328,8.36734693877551,29.279991709873723
41.79495798319328,9.204081632653061,29.272782973585148
41.79495798319328,10.040816326530612,29.265739267188064
41.79495798319328,10.877551020408164,29.258863445329432
41.79495798319328,11.714285714285714,29.252158314858054
41.79495798319328,12.551020408163264,29.245626003531385
41.79495798319328,13.387755102040817,29.239286272429485
41.79495798319328,14.224489795918368,29.23314121019955
41.79495798319328,15.061224489795919,29.22716629576157
41.79495798319328,15.897959183673468,29.221357536357775
41.79495798319328,16.73469387755102,29.215710192195715
41.79495798319328,17.57142857142857,29.21021928848204
41.79495798319328,18.408163265306122,29.20488013067457
41.79495798319328,19.244897959183675,29.19968808683661
41.79495798319328,20.081632653061224,29.19463865402641
41.79495798319328,20.918367346938776,29.189727936087873
41.79495798319328,21.75510204081633,29.184952743111612
41.79495798319328,22.591836734693874,29.180311060779506
41.79495798319328,23.428571428571427,29.175784366654078
41.79495798319328,24.26530612244898,29.171375236800404
41.79495798319328,25.10204081632653,29.167104677877752
41.79495798319328,25.93877551020408,29.16297777747421
41.79495798319328,26.775510204081634,29.159000092841165
41.79495798319328,27.612244897959183,29.155176535908147
41.79495798319328,28.448979591836736,29.151536212262705
41.79495798319328,29.285714285714285,29.148076588307774
41.79495798319328,30.122448979591837,29.1447740688619
41.79495798319328,30.95918367346939,29.141625700764905
41.79495798319328,31.795918367346935,29.138627754429073
41.79495798319328,32.63265306122449,29.135776645036135
41.79495798319328,33.46938775510204,29.133056803473927
41.79495798319328,34.30612244897959,29.130469533083136
41.79495798319328,35.14285714285714,29.128024656629083
41.79495798319328,35.97959183673469,29.125722968343286
41.79495798319328,36.816326530612244,29.123565929517923
41.79495798319328,37.6530612244898,29.121555367904946
41.79495798319328,38.48979591836735,29.1196932654423
41.79495798319328,39.3265306122449,29.117981577263897
41.79495798319328,40.16326530612245,29.116422009735356
41.79495798319328,41.0,29.11501574988956
42.54117647058824,0.0,29.33844014363704
42.54117647058824,0.8367346938775511,29.329548809933893
42.54117647058824,1.6734693877551021,29.32081646787566
42.54117647058824,2.510204081632653,29.312240734766824
42.54117647058824,3.3469387755102042,29.30382125411275
42.54117647058824,4.183673469387755,29.29555872077303
42.54117647058824,5.020408163265306,29.28745413737745
42.54117647058824,5.857142857142857,29.279508517989495
42.54117647058824,6.6938775510204085,29.271722864420717
42.54117647058824,7.530612244897959,29.264098368088856
42.54117647058824,8.36734693877551,29.256633510205056
42.54117647058824,9.204081632653061,29.249329462957505
42.54117647058824,10.040816326530612,29.242192562868148
42.54117647058824,10.877551020408164,29.235225638537784
42.54117647058824,11.714285714285714,29.228431468174893
42.54117647058824,12.551020408163264,29.22181216284444
42.54117647058824,13.387755102040817,29.215387343668542
42.54117647058824,14.224489795918368,29.20915908340056
42.54117647058824,15.061224489795919,29.20310300468837
42.54117647058824,15.897959183673468,29.197215131853863
42.54117647058824,16.73469387755102,29.19149074655184
42.54117647058824,17.57142857142857,29.18592490528625
42.54117647058824,18.408163265306122,29.180512930868918
42.54117647058824,19.244897959183675,29.175250220598894
42.54117647058824,20.081632653061224,29.170132290169523
42.54117647058824,20.918367346938776,29.16515526664532
42.54117647058824,21.75510204081633,29.160315975299994
42.54117647058824,22.591836734693874,29.15561240882281
42.54117647058824,23.428571428571427,29.15102616365842
42.54117647058824,24.26530612244898,29.146559793746867
42.54117647058824,25.10204081632653,29.14223416506364
42.54117647058824,25.93877551020408,29.138054325509582
42.54117647058824,26.775510204081634,29.1340257913593
42.54117647058824,27.612244897959183,29.130153439212226
42.54117647058824,28.448979591836736,29.126466176025037
42.54117647058824,29.285714285714285,29.12296147783743
42.54117647058824,30.122448979591837,29.119615903465487
42.54117647058824,30.95918367346939,29.116426513159524
42.54117647058824,31.795918367346935,29.11338959843551
42.54117647058824,32.63265306122449,29.110501594198475
42.54117647058824,33.46938775510204,29.107747034180054
42.54117647058824,34.30612244897959,29.105127202151166
42.54117647058824,35.14285714285714,29.102651859853886
42.54117647058824,35.97959183673469,29.100321789158464
42.54117647058824,36.816326530612244,29.098138440744425
42.54117647058824,37.6530612244898,29.09610362732651
42.54117647058824,38.48979591836735,29.094219313500442
42.54117647058824,39.3265306122449,29.09248743824483
42.54117647058824,40.16326530612245,29.090909696973824
42.54117647058824,41.0,29.089487263491996
43.287394957983196,0.0,29.316657565384254
43.287394957983196,0.8367346938775511,29.30767125309825
43.287394957983196,1.6734693877551021,29.298846041448208
43.287394957983196,2.510204081632653,29.29017948961843
43.287394957983196,3.3469387755102042,29.281671227024706
43.287394957983196,4.183673469387755,29.273321892949173
43.287394957983196,5.020408163265306,29.265132433288162
43.287394957983196,5.857142857142857,29.257103821401813
43.287394957983196,6.6938775510204085,29.249237030241297
43.287394957983196,7.530612244897959,29.241533185342874
43.287394957983196,8.36734693877551,29.233990777464523
43.287394957983196,9.204081632653061,29.226610926163957
43.287394957983196,10.040816326530612,29.21939989110495
43.287394957983196,10.877551020408164,29.212360433766694
43.287394957983196,11.714285714285714,29.205495285838655
43.287394957983196,12.551020408163264,29.198806524462753
43.287394957983196,13.387755102040817,29.19231353202512
43.287394957983196,14.224489795918368,29.18601834152094
43.287394957983196,15.061224489795919,29.179896831445294
43.287394957983196,15.897959183673468,29.17394505955051
43.287394957983196,16.73469387755102,29.168158343408745
43.287394957983196,17.57142857142857,29.162531780007498
43.287394957983196,18.408163265306122,29.157060732508246
43.287394957983196,19.244897959183675,29.151740636840966
43.287394957983196,20.081632653061224,29.146567045530112
43.287394957983196,20.918367346938776,29.141536117026007
43.287394957983196,21.75510204081633,29.136644703525302
43.287394957983196,22.591836734693874,29.131890806675305
43.287394957983196,23.428571428571427,29.127256214955665
43.287394957983196,24.26530612244898,29.122743443835727
43.287394957983196,25.10204081632653,29.118373121338834
43.287394957983196,25.93877551020408,29.114150234353904
43.287394957983196,26.775510204081634,29.1100802280476
43.287394957983196,27.612244897959183,29.106167918333732
43.287394957983196,28.448979591836736,29.102441891639955
43.287394957983196,29.285714285714285,29.098899647226386
43.287394957983196,30.122448979591837,29.095517988288645
43.287394957983196,30.95918367346939,29.09229400370321
43.287394957983196,31.795918367346935,29.089224018124437
43.287394957983196,32.63265306122449,29.086304499483916
43.287394957983196,33.46938775510204,29.083520142529697
43.287394957983196,34.30612244897959,29.080872217499113
43.287394957983196,35.14285714285714,29.078370369687413
43.287394957983196,35.97959183673469,29.076015370957343
43.287394957983196,36.816326530612244,29.073808650459515
43.287394957983196,37.6530612244898,29.071751998555104
43.287394957983196,38.48979591836735,29.06984735513299
43.287394957983196,39.3265306122449,29.068096635041652
43.287394957983196,40.16326530612245,29.06650151278176
43.287394957983196,41.0,29.065063146035023
44.03361344537815,0.0,29.292726119015956
44.03361344537815,0.8367346938775511,29.283640852388405
44.03361344537815,1.6734693877551021,29.274718403358598
44.03361344537815,2.510204081632653,29.26595641397917
44.03361344537815,3.3469387755102042,29.257354501692134
44.03361344537815,4.183673469387755,29.248913312892654
44.03361344537815,5.020408163265306,29.24063380856039
44.03361344537815,5.857142857142857,29.232516928501102
44.03361344537815,6.6938775510204085,29.224563650403436
44.03361344537815,7.530612244897959,29.216775091279167
44.03361344537815,8.36734693877551,29.20914975627253
44.03361344537815,9.204081632653061,29.20168875196713
44.03361344537815,10.040816326530612,29.194398268371973
44.03361344537815,10.877551020408164,29.187281041405644
44.03361344537815,11.714285714285714,29.180339754852007
44.03361344537815,12.551020408163264,29.173576467932612
44.03361344537815,13.387755102040817,29.167010345087768
44.03361344537815,14.224489795918368,29.160643389504813
44.03361344537815,15.061224489795919,29.154451741825085
44.03361344537815,15.897959183673468,29.148431493484523
44.03361344537815,16.73469387755102,29.142578009307574
44.03361344537815,17.57142857142857,29.13688643603435
44.03361344537815,18.408163265306122,29.13135217774625
44.03361344537815,19.244897959183675,29.125970717687206
44.03361344537815,20.081632653061224,29.120737650653314
44.03361344537815,20.918367346938776,29.11564917164962
44.03361344537815,21.75510204081633,29.110702158369286
44.03361344537815,22.591836734693874,29.10589463172869
44.03361344537815,23.428571428571427,29.10120857243692
44.03361344537815,24.26530612244898,29.096646463144186
44.03361344537815,25.10204081632653,29.092228698579387
44.03361344537815,25.93877551020408,29.087960201593418
44.03361344537815,26.775510204081634,29.08384635240627
44.03361344537815,27.612244897959183,29.079891905598647
44.03361344537815,28.448979591836736,29.076125125855125
44.03361344537815,29.285714285714285,29.072543532752547
44.03361344537815,30.122448979591837,29.06912418159865
44.03361344537815,30.95918367346939,29.065864185591153
44.03361344537815,31.795918367346935,29.06275990803007
44.03361344537815,32.63265306122449,29.059807849781166
44.03361344537815,33.46938775510204,29.056992869983297
44.03361344537815,34.30612244897959,29.0543162219813
44.03361344537815,35.14285714285714,29.051787438856962
44.03361344537815,35.97959183673469,29.04940727963903
44.03361344537815,36.816326530612244,29.04717715480229
44.03361344537815,37.6530612244898,29.045098830520384
44.03361344537815,38.48979591836735,29.043174222705648
44.03361344537815,39.3265306122449,29.041405220796264
44.03361344537815,40.16326530612245,29.03979347871929
44.03361344537815,41.0,29.038340138605644
44.77983193277311,0.0,29.273232762982598
44.77983193277311,0.8367346938775511,29.26402609147688
44.77983193277311,1.6734693877551021,29.25498484843057
44.77983193277311,2.510204081632653,29.246106635898578
44.77983193277311,3.3469387755102042,29.237391036710232
44.77983193277311,4.183673469387755,29.228838656157503
44.77983193277311,5.020408163265306,29.22045041086974
44.77983193277311,5.857142857142857,29.212227232946425
44.77983193277311,6.6938775510204085,29.204170039149805
44.77983193277311,7.530612244897959,29.196279927999797
44.77983193277311,8.36734693877551,29.188555389570237
44.77983193277311,9.204081632653061,29.180997502654257
44.77983193277311,10.040816326530612,29.173612395678727
44.77983193277311,10.877551020408164,29.166402775385837
44.77983193277311,11.714285714285714,29.15937129688835
44.77983193277311,12.551020408163264,29.152519978339605
44.77983193277311,13.387755102040817,29.145867874296254
44.77983193277311,14.224489795918368,29.139416960313284
44.77983193277311,15.061224489795919,29.133143482006883
44.77983193277311,15.897959183673468,29.127043536600397
44.77983193277311,16.73469387755102,29.121112504654704
44.77983193277311,17.57142857142857,29.11534554010554
44.77983193277311,18.408163265306122,29.10973806572096
44.77983193277311,19.244897959183675,29.104285577837004
44.77983193277311,20.081632653061224,29.098983683734097
44.77983193277311,20.918367346938776,29.093828590295995
44.77983193277311,21.75510204081633,29.08881718745268
44.77983193277311,22.591836734693874,29.0839474928577
44.77983193277311,23.428571428571427,29.07920158050838
44.77983193277311,24.26530612244898,29.074581914859642
44.77983193277311,25.10204081632653,29.070108769415747
44.77983193277311,25.93877551020408,29.065787036324107
44.77983193277311,26.775510204081634,29.061622055825303
44.77983193277311,27.612244897959183,29.057618551644683
44.77983193277311,28.448979591836736,29.053804624638506
44.77983193277311,29.285714285714285,29.050177800894737
44.77983193277311,30.122448979591837,29.04671525847845
44.77983193277311,30.95918367346939,29.04341412126693
44.77983193277311,31.795918367346935,29.040270765045367
44.77983193277311,32.63265306122449,29.037281709520062
44.77983193277311,33.46938775510204,29.034431893571288
44.77983193277311,34.30612244897959,29.03172255905978
44.77983193277311,35.14285714285714,29.029163182025766
44.77983193277311,35.97959183673469,29.026754514464322
44.77983193277311,36.816326530612244,29.02449795475457
44.77983193277311,37.6530612244898,29.022395257219042
44.77983193277311,38.48979591836735,29.020448324866777
44.77983193277311,39.3265306122449,29.01865903051332
44.77983193277311,40.16326530612245,29.017029017749596
44.77983193277311,41.0,29.015559421141198
45.52605042016806,0.0,29.24973490615892
45.52605042016806,0.8367346938775511,29.240442201782628
45.52605042016806,1.6734693877551021,29.231316409557976
45.52605042016806,2.510204081632653,29.222355131972648
45.52605042016806,3.3469387755102042,29.213557950614746
45.52605042016806,4.183673469387755,29.20492545357498
45.52605042016806,5.020408163265306,29.196458547222047
45.52605042016806,5.857142857142857,29.18815814517742
45.52605042016806,6.6938775510204085,29.18002516800686
45.52605042016806,7.530612244897959,29.172060701980275
45.52605042016806,8.36734693877551,29.164263238214502
45.52605042016806,9.204081632653061,29.156633856672595
45.52605042016806,10.040816326530612,29.14917861728145
45.52605042016806,10.877551020408164,29.141900210150002
45.52605042016806,11.714285714285714,29.134801268223253
45.52605042016806,12.551020408163264,29.12788376144022
45.52605042016806,13.387755102040817,29.121166579707058
45.52605042016806,14.224489795918368,29.114651677190125
45.52605042016806,15.061224489795919,29.108315532674027
45.52605042016806,15.897959183673468,29.10215429348761
45.52605042016806,16.73469387755102,29.096163377212584
45.52605042016806,17.57142857142857,29.090337999077505
45.52605042016806,18.408163265306122,29.08467361992405
45.52605042016806,19.244897959183675,29.079165786072064
45.52605042016806,20.081632653061224,29.07381015261314
45.52605042016806,20.918367346938776,29.06860295915593
45.52605042016806,21.75510204081633,29.063541130373807
45.52605042016806,22.591836734693874,29.058622705308004
45.52605042016806,23.428571428571427,29.053829938920888
45.52605042016806,24.26530612244898,29.049165267528277
45.52605042016806,25.10204081632653,29.044648763650986
45.52605042016806,25.93877551020408,29.04028526466427
45.52605042016806,26.775510204081634,29.036080060723883
45.52605042016806,27.612244897959183,29.03203782570922
45.52605042016806,28.448979591836736,29.02818637594991
45.52605042016806,29.285714285714285,29.024523261813563
45.52605042016806,30.122448979591837,29.021025888496396
45.52605042016806,30.95918367346939,29.017691409289284
45.52605042016806,31.795918367346935,29.014516235532188
45.52605042016806,32.63265306122449,29.011496917330703
45.52605042016806,33.46938775510204,29.00861854540607
45.52605042016806,34.30612244897959,29.005882347025622
45.52605042016806,35.14285714285714,29.00329770085469
45.52605042016806,35.97959183673469,29.000865349843945
45.52605042016806,36.816326530612244,28.998586676739993
45.52605042016806,37.6530612244898,28.99646341496321
45.52605042016806,38.48979591836735,28.994497445112522
45.52605042016806,39.3265306122449,28.992690623423005
45.52605042016806,40.16326530612245,28.991044572427263
45.52605042016806,41.0,28.989560413518408
46.27226890756303,0.0,29.230416985060895
46.27226890756303,0.8367346938775511,29.221039228799544
46.27226890756303,1.6734693877551021,29.21182999381579
46.27226890756303,2.510204081632653,29.20278688613953
46.27226890756303,3.3469387755102042,29.1939094795769
46.27226890756303,4.183673469387755,29.18519834944439
46.27226890756303,5.020408163265306,29.176654374541897
46.27226890756303,5.857142857142857,29.168278440036044
46.27226890756303,6.6938775510204085,29.160071459971782
46.27226890756303,7.530612244897959,29.152034475987893
46.27226890756303,8.36734693877551,29.144166006414792
46.27226890756303,9.204081632653061,29.136467091042185
46.27226890756303,10.040816326530612,29.128943730844075
46.27226890756303,10.877551020408164,29.121598574366537
46.27226890756303,11.714285714285714,29.1144342035369
46.27226890756303,12.551020408163264,29.107452601650756
46.27226890756303,13.387755102040817,29.100672434039815
46.27226890756303,14.224489795918368,29.094095625475365
46.27226890756303,15.061224489795919,29.08769889590413
46.27226890756303,15.897959183673468,29.081478416355736
46.27226890756303,16.73469387755102,29.075429648453774
46.27226890756303,17.57142857142857,29.069547843673604
46.27226890756303,18.408163265306122,29.06382850138811
46.27226890756303,19.244897959183675,29.058267204399826
46.27226890756303,20.081632653061224,29.052859644831397
46.27226890756303,20.918367346938776,29.04760209259821
46.27226890756303,21.75510204081633,29.04249149383385
46.27226890756303,22.591836734693874,29.03752590225613
46.27226890756303,23.428571428571427,29.032687736411823
46.27226890756303,24.26530612244898,29.027979403458165
46.27226890756303,25.10204081632653,29.023420773702654
46.27226890756303,25.93877551020408,29.019016634598927
46.27226890756303,26.775510204081634,29.014772219078164
46.27226890756303,27.612244897959183,29.010692151069325
46.27226890756303,28.448979591836736,29.006803976490406
46.27226890756303,29.285714285714285,29.003105266211886
46.27226890756303,30.122448979591837,28.99957363993747
46.27226890756303,30.95918367346939,28.99620627465127
46.27226890756303,31.795918367346935,28.99299961283827
46.27226890756303,32.63265306122449,28.98995023491022
46.27226890756303,33.46938775510204,28.987043370647058
46.27226890756303,34.30612244897959,28.984280232776158
46.27226890756303,35.14285714285714,28.981670107443165
46.27226890756303,35.97959183673469,28.979213726610926
46.27226890756303,36.816326530612244,28.976912458357052
46.27226890756303,37.6530612244898,28.974768016667607
46.27226890756303,38.48979591836735,28.972782261763772
46.27226890756303,39.3265306122449,28.970957029936077
46.27226890756303,40.16326530612245,28.969293926388097
46.27226890756303,41.0,28.96779405886428
47.01848739495799,0.0,29.21006185607901
47.01848739495799,0.8367346938775511,29.200590428327686
47.01848739495799,1.6734693877551021,29.191289324465323
47.01848739495799,2.510204081632653,29.182156196971967
47.01848739495799,3.3469387755102042,29.17319061725157
47.01848739495799,4.183673469387755,29.164393135305545
47.01848739495799,5.020408163265306,29.155764611031003
47.01848739495799,5.857142857142857,29.14730590791556
47.01848739495799,6.6938775510204085,29.139017913320462
47.01848739495799,7.530612244897959,29.130901655908545
47.01848739495799,8.36734693877551,29.122955637126502
47.01848739495799,9.204081632653061,29.115180889849796
47.01848739495799,10.040816326530612,29.10758334097103
47.01848739495799,10.877551020408164,29.100165608905705
47.01848739495799,11.714285714285714,29.092930239402722
47.01848739495799,12.551020408163264,29.085879195702667
47.01848739495799,13.387755102040817,29.079030960070117
47.01848739495799,14.224489795918368,29.07238744742425
47.01848739495799,15.061224489795919,29.06592555259997
47.01848739495799,15.897959183673468,29.059641470709003
47.01848739495799,16.73469387755102,29.05353069432146
47.01848739495799,17.57142857142857,29.04758850195889
47.01848739495799,18.408163265306122,29.04181042644645
47.01848739495799,19.244897959183675,29.03619207601098
47.01848739495799,20.081632653061224,29.030729171721873
47.01848739495799,20.918367346938776,29.025418007677704
47.01848739495799,21.75510204081633,29.02025554829302
47.01848739495799,22.591836734693874,29.015239853484825
47.01848739495799,23.428571428571427,29.01035348269932
47.01848739495799,24.26530612244898,29.005598818786066
47.01848739495799,25.10204081632653,29.000995556186325
47.01848739495799,25.93877551020408,28.99654843772899
47.01848739495799,26.775510204081634,28.992262646560636
47.01848739495799,27.612244897959183,28.988142761973613
47.01848739495799,28.448979591836736,28.98421609603529
47.01848739495799,29.285714285714285,28.980480233713532
47.01848739495799,30.122448979591837,28.976912975170887
47.01848739495799,30.95918367346939,28.973511514838492
47.01848739495799,31.795918367346935,28.970272320506325
47.01848739495799,32.63265306122449,28.967191996485788
47.01848739495799,33.46938775510204,28.96425588829412
47.01848739495799,34.30612244897959,28.961465197516848
47.01848739495799,35.14285714285714,28.95882912533599
47.01848739495799,35.97959183673469,28.95634839639713
47.01848739495799,36.816326530612244,28.95402436277766
47.01848739495799,37.6530612244898,28.951858721069378
47.01848739495799,38.48979591836735,28.949853312762755
47.01848739495799,39.3265306122449,28.94800995616037
47.01848739495799,40.16326530612245,28.946330240247995
47.01848739495799,41.0,28.944815262032826
47.76470588235294,0.0,29.184999769393773
47.76470588235294,0.8367346938775511,29.175428745653193
47.76470588235294,1.6734693877551021,29.166029959294562
47.76470588235294,2.510204081632653,29.156801113841688
47.76470588235294,3.3469387755102042,29.147741766001246
47.76470588235294,4.183673469387755,29.1388524780946
47.76470588235294,5.020408163265306,29.130134104081733
47.76470588235294,5.857142857142857,29.121587498625054
47.76470588235294,6.6938775510204085,29.113213531126874
47.76470588235294,7.530612244897959,29.105013210662502
47.76470588235294,8.36734693877551,29.096985049170463
47.76470588235294,9.204081632653061,29.089130058605736
47.76470588235294,10.040816326530612,29.08145409353791
47.76470588235294,10.877551020408164,29.07395973069597
47.76470588235294,11.714285714285714,29.066649483519537
47.76470588235294,12.551020408163264,29.059525268884705
47.76470588235294,13.387755102040817,29.052605366308352
47.76470588235294,14.224489795918368,29.0458916518462
47.76470588235294,15.061224489795919,29.03936125490272
47.76470588235294,15.897959183673468,29.033010405968483
47.76470588235294,16.73469387755102,29.026834626258655
47.76470588235294,17.57142857142857,29.02082923997404
47.76470588235294,18.408163265306122,29.014989814121382
47.76470588235294,19.244897959183675,29.00931199258452
47.76470588235294,20.081632653061224,29.00379153034143
47.76470588235294,20.918367346938776,28.998424758056103
47.76470588235294,21.75510204081633,28.993208657069342
47.76470588235294,22.591836734693874,28.988141307406188
47.76470588235294,23.428571428571427,28.98320543914185
47.76470588235294,24.26530612244898,28.97840341177187
47.76470588235294,25.10204081632653,28.973754683556002
47.76470588235294,25.93877551020408,28.969263937026987
47.76470588235294,26.775510204081634,28.96493629010375
47.76470588235294,27.612244897959183,28.96077625996405
47.76470588235294,28.448979591836736,28.9568108444078
47.76470588235294,29.285714285714285,28.95303764606018
47.76470588235294,30.122448979591837,28.949434705680726
47.76470588235294,30.95918367346939,28.9459992421533
47.76470588235294,31.795918367346935,28.94272775528833
47.76470588235294,32.63265306122449,28.939616879443097
47.76470588235294,33.46938775510204,28.936652122695943
47.76470588235294,34.30612244897959,28.93383466388832
47.76470588235294,35.14285714285714,28.931173599754576
47.76470588235294,35.97959183673469,28.92866963923184
47.76470588235294,36.816326530612244,28.926324116890875
47.76470588235294,37.6530612244898,28.924138701298187
47.76470588235294,38.48979591836735,28.922115214380305
47.76470588235294,39.3265306122449,28.92025544888587
47.76470588235294,40.16326530612245,28.918560972536135
47.76470588235294,41.0,28.917032866916557
48.5109243697479,0.0,29.16511148305462
48.5109243697479,0.8367346938775511,29.155453620055123
48.5109243697479,1.6734693877551021,29.14596984585502
48.5109243697479,2.510204081632653,29.136657801793877
48.5109243697479,3.3469387755102042,29.1275170480287
48.5109243697479,4.183673469387755,29.118548145351312
48.5109243697479,5.020408163265306,29.109751868131465
48.5109243697479,5.857142857142857,29.101129086871044
48.5109243697479,6.6938775510204085,29.092680610222192
48.5109243697479,7.530612244897959,29.0844074210285
48.5109243697479,8.36734693877551,29.076308039561507
48.5109243697479,9.204081632653061,29.068383435704536
48.5109243697479,10.040816326530612,29.06063938054021
48.5109243697479,10.877551020408164,29.0530783976951
48.5109243697479,11.714285714285714,29.04570295794646
48.5109243697479,12.551020408163264,29.038514933271696
48.5109243697479,13.387755102040817,29.03153237812478
48.5109243697479,14.224489795918368,29.024757126280036
48.5109243697479,15.061224489795919,29.01816656696905
48.5109243697479,15.897959183673468,29.01175695430462
48.5109243697479,16.73469387755102,29.005523852572583
48.5109243697479,17.57142857142857,28.999462621499674
48.5109243697479,18.408163265306122,28.993568870658468
48.5109243697479,19.244897959183675,28.987838282395515
48.5109243697479,20.081632653061224,28.98226664868548
48.5109243697479,20.918367346938776,28.97685032447414
48.5109243697479,21.75510204081633,28.971586325931728
48.5109243697479,22.591836734693874,28.966472735585192
48.5109243697479,23.428571428571427,28.961492478568832
48.5109243697479,24.26530612244898,28.95664786672651
48.5109243697479,25.10204081632653,28.951958135054962
48.5109243697479,25.93877551020408,28.947427898039273
48.5109243697479,26.775510204081634,28.94306220665204
48.5109243697479,27.612244897959183,28.938865519470134
48.5109243697479,28.448979591836736,28.934864516261403
48.5109243697479,29.285714285714285,28.931056822297446
48.5109243697479,30.122448979591837,28.927420721795617
48.5109243697479,30.95918367346939,28.923953459789473
48.5109243697479,31.795918367346935,28.920651569134233
48.5109243697479,32.63265306122449,28.917511718534787
48.5109243697479,33.46938775510204,28.91451957414786
48.5109243697479,34.30612244897959,28.911676296368455
48.5109243697479,35.14285714285714,28.908990872749683
48.5109243697479,35.97959183673469,28.90646399963376
48.5109243697479,36.816326530612244,28.904096990486345
48.5109243697479,37.6530612244898,28.901891496004026
48.5109243697479,38.48979591836735,28.89984930856671
48.5109243697479,39.3265306122449,28.89797219824876
48.5109243697479,40.16326530612245,28.896261712720577
48.5109243697479,41.0,28.894718918536547
49.25714285714285,0.0,29.14420623229527
49.25714285714285,0.8367346938775511,29.134464085042236
49.25714285714285,1.6734693877551021,29.124897158935052
49.25714285714285,2.510204081632653,29.115503211503878
49.25714285714285,3.3469387755102042,29.10628183482553
49.25714285714285,4.183673469387755,29.097233585715276
49.25714285714285,5.020408163265306,29.08835929380626
49.25714285714285,5.857142857142857,29.07965983523658
49.25714285714285,6.6938775510204085,29.07113604694181
49.25714285714285,7.530612244897959,29.06278892659412
49.25714285714285,8.36734693877551,29.054617004100525
49.25714285714285,9.204081632653061,29.04662127170736
49.25714285714285,10.040816326530612,29.038807460631904
49.25714285714285,10.877551020408164,29.031178099922602
49.25714285714285,11.714285714285714,29.02373566082958
49.25714285714285,12.551020408163264,29.016481992193786
49.25714285714285,13.387755102040817,29.009435043141053
49.25714285714285,14.224489795918368,29.00259662936089
49.25714285714285,15.061224489795919,28.99594430469105
49.25714285714285,15.897959183673468,28.98947437431283
49.25714285714285,16.73469387755102,28.98318241547426
49.25714285714285,17.57142857142857,28.97706383165008
49.25714285714285,18.408163265306122,28.971114265640995
49.25714285714285,19.244897959183675,28.965329428604097
49.25714285714285,20.081632653061224,28.959705144711762
49.25714285714285,20.918367346938776,28.95423779384562
49.25714285714285,21.75510204081633,28.94892440535729
49.25714285714285,22.591836734693874,28.94376307566575
49.25714285714285,23.428571428571427,28.93873685636444
49.25714285714285,24.26530612244898,28.933848035427307
49.25714285714285,25.10204081632653,28.92911570385226
49.25714285714285,25.93877551020408,28.924544440480403
49.25714285714285,26.775510204081634,28.920139254739393
49.25714285714285,27.612244897959183,28.915904569651296
49.25714285714285,28.448979591836736,28.911866867148127
49.25714285714285,29.285714285714285,28.90802378510548
49.25714285714285,30.122448979591837,28.90435376314399
49.25714285714285,30.95918367346939,28.900854062293572
49.25714285714285,31.795918367346935,28.897521237442355
49.25714285714285,32.63265306122449,28.89435197841171
49.25714285714285,33.46938775510204,28.891332052644188
49.25714285714285,34.30612244897959,28.88846260812872
49.25714285714285,35.14285714285714,28.885752565025236
49.25714285714285,35.97959183673469,28.88320261168445
49.25714285714285,36.816326530612244,28.880814048522726
49.25714285714285,37.6530612244898,28.878588512412687
49.25714285714285,38.48979591836735,28.87652777898882
49.25714285714285,39.3265306122449,28.87463360416069
49.25714285714285,40.16326530612245,28.87290752121022
49.25714285714285,41.0,28.871350587150836
50.00336134453782,0.0,29.126762989059774
50.00336134453782,0.8367346938775511,29.116917642878093
50.00336134453782,1.6734693877551021,29.10724983789992
50.00336134453782,2.510204081632653,29.097757264508182
50.00336134453782,3.3469387755102042,29.08843948427657
50.00336134453782,4.183673469387755,29.079296969038886
50.00336134453782,5.020408163265306,29.070330511097186
50.00336134453782,5.857142857142857,29.061540949041063
50.00336134453782,6.6938775510204085,29.052929043768145
50.00336134453782,7.530612244897959,29.04449580340814
50.00336134453782,8.36734693877551,29.036239702845158
50.00336134453782,9.204081632653061,29.028161742211804
50.00336134453782,10.040816326530612,29.020267575265255
50.00336134453782,10.877551020408164,29.012559694981658
50.00336134453782,11.714285714285714,29.00504052921178
50.00336134453782,12.551020408163264,28.997711915385345
50.00336134453782,13.387755102040817,28.99059167649176
50.00336134453782,14.224489795918368,28.98368160986284
50.00336134453782,15.061224489795919,28.976959374953537
50.00336134453782,15.897959183673468,28.97042128608063
50.00336134453782,16.73469387755102,28.964062935269396
50.00336134453782,17.57142857142857,28.95787974377887
50.00336134453782,18.408163265306122,28.951867368545734
50.00336134453782,19.244897959183675,28.9460215389997
50.00336134453782,20.081632653061224,28.94033809360574
50.00336134453782,20.918367346938776,28.93481342784314
50.00336134453782,21.75510204081633,28.92944458144495
50.00336134453782,22.591836734693874,28.92422965545181
50.00336134453782,23.428571428571427,28.919151793574944
50.00336134453782,24.26530612244898,28.91421326586531
50.00336134453782,25.10204081632653,28.909433046092083
50.00336134453782,25.93877551020408,28.904815684750638
50.00336134453782,26.775510204081634,28.900366153942677
50.00336134453782,27.612244897959183,28.896088847814273
50.00336134453782,28.448979591836736,28.89201009023121
50.00336134453782,29.285714285714285,28.888127528201068
50.00336134453782,30.122448979591837,28.884419722900002
50.00336134453782,30.95918367346939,28.880883948940923
50.00336134453782,31.795918367346935,28.877516777546383
50.00336134453782,32.63265306122449,28.874314914292906
50.00336134453782,33.46938775510204,28.87126420663654
50.00336134453782,34.30612244897959,28.868365794628993
50.00336134453782,35.14285714285714,28.86562854238133
50.00336134453782,35.97959183673469,28.8630531315545
50.00336134453782,36.816326530612244,28.860640852195758
50.00336134453782,37.6530612244898,28.85839332965894
50.00336134453782,38.48979591836735,28.85631232611069
50.00336134453782,39.3265306122449,28.85439958552995
50.00336134453782,40.16326530612245,28.852656629495474
50.00336134453782,41.0,28.85108450688265
50.74957983193278,0.0,29.1044969969674
50.74957983193278,0.8367346938775511,29.094584162396742
50.74957983193278,1.6734693877551021,29.08485023236262
50.74957983193278,2.510204081632653,29.075292941020567
50.74957983193278,3.3469387755102042,29.065911807427092
50.74957983193278,4.183673469387755,29.056707359877272
50.74957983193278,5.020408163265306,29.04768032169573
50.74957983193278,5.857142857142857,29.03883148371528
50.74957983193278,6.6938775510204085,29.030161637717914
50.74957983193278,7.530612244897959,29.021671698786985
50.74957983193278,8.36734693877551,29.013360180103675
50.74957983193278,9.204081632653061,29.005228016417153
50.74957983193278,10.040816326530612,28.997280802696807
50.74957983193278,10.877551020408164,28.98952096662387
50.74957983193278,11.714285714285714,28.981950893126378
50.74957983193278,12.551020408163264,28.97457238757664
50.74957983193278,13.387755102040817,28.967403025830617
50.74957983193278,14.224489795918368,28.96044458168907
50.74957983193278,15.061224489795919,28.953674979105852
50.74957983193278,15.897959183673468,28.94709054218558
50.74957983193278,16.73469387755102,28.940686925031358
50.74957983193278,17.57142857142857,28.93445958166258
50.74957983193278,18.408163265306122,28.92840420815912
50.74957983193278,19.244897959183675,28.922516575954813
50.74957983193278,20.081632653061224,28.916792560629954
50.74957983193278,20.918367346938776,28.911228587497945
50.74957983193278,21.75510204081633,28.9058217222975
50.74957983193278,22.591836734693874,28.900570077641678
50.74957983193278,23.428571428571427,28.89545698755674
50.74957983193278,24.26530612244898,28.89048467936605
50.74957983193278,25.10204081632653,28.885671897583975
50.74957983193278,25.93877551020408,28.88102312933848
50.74957983193278,26.775510204081634,28.876543281554284
50.74957983193278,27.612244897959183,28.872236687187566
50.74957983193278,28.448979591836736,28.868129355620933
50.74957983193278,29.285714285714285,28.864218955357067
50.74957983193278,30.122448979591837,28.86048429128761
50.74957983193278,30.95918367346939,28.85692266342136
50.74957983193278,31.795918367346935,28.853530676570617
50.74957983193278,32.63265306122449,28.850305069272714
50.74957983193278,33.46938775510204,28.847231847866905
50.74957983193278,34.30612244897959,28.844312132274613
50.74957983193278,35.14285714285714,28.841554679300838
50.74957983193278,35.97959183673469,28.838960158196493
50.74957983193278,36.816326530612244,28.83652983991277
50.74957983193278,37.6530612244898,28.834265325863683
50.74957983193278,38.48979591836735,28.83216835542588
50.74957983193278,39.3265306122449,28.83024064780247
50.74957983193278,40.16326530612245,28.828483705417533
50.74957983193278,41.0,28.826898561335124
51.49579831932773,0.0,29.083900835309382
51.49579831932773,0.8367346938775511,29.073892210984635
51.49579831932773,1.6734693877551021,29.064064338113194
51.49579831932773,2.510204081632653,29.054414896674007
51.49579831932773,3.3469387755102042,29.044943427576683
51.49579831932773,4.183673469387755,29.035650428206093
51.49579831932773,5.020408163265306,29.026536625629536
51.49579831932773,5.857142857142857,29.01760279236557
51.49579831932773,6.6938775510204085,29.008849720813092
51.49579831932773,7.530612244897959,29.00027832055686
51.49579831932773,8.36734693877551,28.99188710945433
51.49579831932773,9.204081632653061,28.983677015438655
51.49579831932773,10.040816326530612,28.975653582815617
51.49579831932773,10.877551020408164,28.967819213798233
51.49579831932773,11.714285714285714,28.960176266682666
51.49579831932773,12.551020408163264,28.952726531399087
51.49579831932773,13.387755102040817,28.945487431056335
51.49579831932773,14.224489795918368,28.938460707401823
51.49579831932773,15.061224489795919,28.931624463090447
51.49579831932773,15.897959183673468,28.924975047355133
51.49579831932773,16.73469387755102,28.918508139800423
51.49579831932773,17.57142857142857,28.91221922225461
51.49579831932773,18.408163265306122,28.906104026757248
51.49579831932773,19.244897959183675,28.90015834351096
51.49579831932773,20.081632653061224,28.894378077995423
51.49579831932773,20.918367346938776,28.88875968199814
51.49579831932773,21.75510204081633,28.88330023480356
51.49579831932773,22.591836734693874,28.877997859370367
51.49579831932773,23.428571428571427,28.872836022010578
51.49579831932773,24.26530612244898,28.867816929880895
51.49579831932773,25.10204081632653,28.86295916073669
51.49579831932773,25.93877551020408,28.85826715610475
51.49579831932773,26.775510204081634,28.853745775871968
51.49579831932773,27.612244897959183,28.849399311053844
51.49579831932773,28.448979591836736,28.84525354327259
51.49579831932773,29.285714285714285,28.841306156274438
51.49579831932773,30.122448979591837,28.83753612436779
51.49579831932773,30.95918367346939,28.833940774107745
51.49579831932773,31.795918367346935,28.83051673094706
51.49579831932773,32.63265306122449,28.82726075662984
51.49579831932773,33.46938775510204,28.82415897272825
51.49579831932773,34.30612244897959,28.821212487427164
51.49579831932773,35.14285714285714,28.818429977795383
51.49579831932773,35.97959183673469,28.81581210409744
51.49579831932773,36.816326530612244,28.813360123216558
51.49579831932773,37.6530612244898,28.811075620028443
51.49579831932773,38.48979591836735,28.808960316061075
51.49579831932773,39.3265306122449,28.807015912320285
51.49579831932773,40.16326530612245,28.805243896284274
51.49579831932773,41.0,28.80364528976697
52.24201680672269,0.0,29.065188930025602
52.24201680672269,0.8367346938775511,29.05509267032559
52.24201680672269,1.6734693877551021,29.045179001150533
52.24201680672269,2.510204081632653,29.035445647703213
52.24201680672269,3.3469387755102042,29.025892150530094
52.24201680672269,4.183673469387755,29.016518957862573
52.24201680672269,5.020408163265306,29.007326804404936
52.24201680672269,5.857142857142857,28.99831642637094
52.24201680672269,6.6938775510204085,28.98948855815671
52.24201680672269,7.530612244897959,28.9808440945033
52.24201680672269,8.36734693877551,28.97238155194655
52.24201680672269,9.204081632653061,28.964101798237756
52.24201680672269,10.040816326530612,28.956010321736326
52.24201680672269,10.877551020408164,28.948109476706342
52.24201680672269,11.714285714285714,28.940401574807264
52.24201680672269,12.551020408163264,28.93288836594952
52.24201680672269,13.387755102040817,28.925587084861004
52.24201680672269,14.224489795918368,28.918499442748267
52.24201680672269,15.061224489795919,28.911603737002814
52.24201680672269,15.897959183673468,28.904896334708713
52.24201680672269,16.73469387755102,28.898372937647835
52.24201680672269,17.57142857142857,28.89202906130756
52.24201680672269,18.408163265306122,28.885860458910184
52.24201680672269,19.244897959183675,28.879862948403293
52.24201680672269,20.081632653061224,28.874032463059745
52.24201680672269,20.918367346938776,28.868365469962633
52.24201680672269,21.75510204081633,28.862859066100857
52.24201680672269,22.591836734693874,28.85751137837665
52.24201680672269,23.428571428571427,28.85230601888455
52.24201680672269,24.26530612244898,28.84724516097974
52.24201680672269,25.10204081632653,28.842347192150083
52.24201680672269,25.93877551020408,28.83761649850202
52.24201680672269,26.775510204081634,28.833057883357796
52.24201680672269,27.612244897959183,28.828675586003826
52.24201680672269,28.448979591836736,28.824495131030815
52.24201680672269,29.285714285714285,28.82051421550586
52.24201680672269,30.122448979591837,28.81671201123721
52.24201680672269,30.95918367346939,28.81308585356286
52.24201680672269,31.795918367346935,28.8096323975912
52.24201680672269,32.63265306122449,28.80634842777148
52.24201680672269,33.46938775510204,28.803220188808915
52.24201680672269,34.30612244897959,28.80024877768449
52.24201680672269,35.14285714285714,28.79744278349282
52.24201680672269,35.97959183673469,28.794802847475793
52.24201680672269,36.816326530612244,28.792330212886565
52.24201680672269,37.6530612244898,28.7900264443536
52.24201680672269,38.48979591836735,28.787893243031736
52.24201680672269,39.3265306122449,28.78593229039602
52.24201680672269,40.16326530612245,28.78414505601232
52.24201680672269,41.0,28.782532548760525
52.98823529411764,0.0,29.043754581696312
52.98823529411764,0.8367346938775511,29.033573580450724
52.98823529411764,1.6734693877551021,29.023576893312008
52.98823529411764,2.510204081632653,29.013762229177726
52.98823529411764,3.3469387755102042,29.004129100528314
52.98823529411764,4.183673469387755,28.994677916818237
52.98823529411764,5.020408163265306,28.98540939622781
52.98823529411764,5.857142857142857,28.97632423693472
52.98823529411764,6.6938775510204085,28.96742316786499
52.98823529411764,7.530612244897959,28.9587070288753
52.98823529411764,8.36734693877551,28.95017435484964
52.98823529411764,9.204081632653061,28.94182599324983
52.98823529411764,10.040816326530612,28.933667341543476
52.98823529411764,10.877551020408164,28.925700733078635
52.98823529411764,11.714285714285714,28.91792844461957
52.98823529411764,12.551020408163264,28.910352183285987
52.98823529411764,13.387755102040817,28.902989016513153
52.98823529411764,14.224489795918368,28.895840616544106
52.98823529411764,15.061224489795919,28.888885492092548
52.98823529411764,15.897959183673468,28.882120038901647
52.98823529411764,16.73469387755102,28.875540000944692
52.98823529411764,17.57142857142857,28.869140930118665
52.98823529411764,18.408163265306122,28.862918618632133
52.98823529411764,19.244897959183675,28.856868923783125
52.98823529411764,20.081632653061224,28.850987815943622
52.98823529411764,20.918367346938776,28.845271794815755
52.98823529411764,21.75510204081633,28.83971798670884
52.98823529411764,22.591836734693874,28.83432453414997
52.98823529411764,23.428571428571427,28.82907521530511
52.98823529411764,24.26530612244898,28.82397217918119
52.98823529411764,25.10204081632653,28.81903362569628
52.98823529411764,25.93877551020408,28.81426389351874
52.98823529411764,26.775510204081634,28.80966773484812
52.98823529411764,27.612244897959183,28.805249344730896
52.98823529411764,28.448979591836736,28.80103398546872
52.98823529411764,29.285714285714285,28.797019375400637
52.98823529411764,30.122448979591837,28.793184897619504
52.98823529411764,30.95918367346939,28.78952791200585
52.98823529411764,31.795918367346935,28.78604510603199
52.98823529411764,32.63265306122449,28.782733295711342
52.98823529411764,33.46938775510204,28.779578868481806
52.98823529411764,34.30612244897959,28.77658290085759
52.98823529411764,35.14285714285714,28.773753892532813
52.98823529411764,35.97959183673469,28.771092482907058
52.98823529411764,36.816326530612244,28.768599896940145
52.98823529411764,37.6530612244898,28.76627768087009
52.98823529411764,38.48979591836735,28.764127516580974
52.98823529411764,39.3265306122449,28.762151066411498
52.98823529411764,40.16326530612245,28.760349780837053
52.98823529411764,41.0,28.758724657934668
53.7344537815126,0.0,29.02655195575511
53.7344537815126,0.8367346938775511,29.01628242951794
53.7344537815126,1.6734693877551021,29.006198878828044
53.7344537815126,2.510204081632653,28.99629903315023
53.7344537815126,3.3469387755102042,28.98658238191799
53.7344537815126,4.183673469387755,28.977049353654827
53.7344537815126,5.020408163265306,28.967700623829682
53.7344537815126,5.857142857142857,28.95853690560905
53.7344537815126,6.6938775510204085,28.949558901607197
53.7344537815126,7.530612244897959,28.9407674685601
53.7344537815126,8.36734693877551,28.932161129373988
53.7344537815126,9.204081632653061,28.923740726524926
53.7344537815126,10.040816326530612,28.915511630043582
53.7344537815126,10.877551020408164,28.907476145163336
53.7344537815126,11.714285714285714,28.89963652404107
53.7344537815126,12.551020408163264,28.89199446661272
53.7344537815126,13.387755102040817,28.884566900085723
53.7344537815126,14.224489795918368,28.877355487164465
53.7344537815126,15.061224489795919,28.87033888511494
53.7344537815126,15.897959183673468,28.86351349960844
53.7344537815126,16.73469387755102,28.85687509773641
53.7344537815126,17.57142857142857,28.850419253157806
53.7344537815126,18.408163265306122,28.844141775319162
53.7344537815126,19.244897959183675,28.838038544058257
53.7344537815126,20.081632653061224,28.83210554307461
53.7344537815126,20.918367346938776,28.826339291066066
53.7344537815126,21.75510204081633,28.820736917144966
53.7344537815126,22.591836734693874,28.815296570968677
53.7344537815126,23.428571428571427,28.810002131283007
53.7344537815126,24.26530612244898,28.804855722385938
53.7344537815126,25.10204081632653,28.799875401714562
53.7344537815126,25.93877551020408,28.795065469365596
53.7344537815126,26.775510204081634,28.79043063388474
53.7344537815126,27.612244897959183,28.785975049215672
53.7344537815126,28.448979591836736,28.78172379111792
53.7344537815126,29.285714285714285,28.77767458501877
53.7344537815126,30.122448979591837,28.773806951579097
53.7344537815126,30.95918367346939,28.770118260750095
53.7344537815126,31.795918367346935,28.766605216835064
53.7344537815126,32.63265306122449,28.763264651064524
53.7344537815126,33.46938775510204,28.760083039880964
53.7344537815126,34.30612244897959,28.757061446460533
53.7344537815126,35.14285714285714,28.754208304751796
53.7344537815126,35.97959183673469,28.75152424404526
53.7344537815126,36.816326530612244,28.749010476333034
53.7344537815126,37.6530612244898,28.746668532654432
53.7344537815126,38.48979591836735,28.744500078746935
53.7344537815126,39.3265306122449,28.742506761466807
53.7344537815126,40.16326530612245,28.740690019163086
53.7344537815126,41.0,28.739050838569483
54.48067226890757,0.0,29.005883293248782
54.48067226890757,0.8367346938775511,28.99553135050124
54.48067226890757,1.6734693877551021,28.985366924255743
54.48067226890757,2.510204081632653,28.9753877662853
54.48067226890757,3.3469387755102042,28.96559340138776
54.48067226890757,4.183673469387755,28.95598422707866
54.48067226890757,5.020408163265306,28.94656093010218
54.48067226890757,5.857142857142857,28.93732419689464
54.48067226890757,6.6938775510204085,28.928274728871223
54.48067226890757,7.530612244897959,28.919413352128498
54.48067226890757,8.36734693877551,28.910738598882354
54.48067226890757,9.204081632653061,28.902251299176356
54.48067226890757,10.040816326530612,28.893956755063595
54.48067226890757,10.877551020408164,28.88585723925578
54.48067226890757,11.714285714285714,28.877954981790758
54.48067226890757,12.551020408163264,28.870251662207334
54.48067226890757,13.387755102040817,28.862764038259552
54.48067226890757,14.224489795918368,28.855493754027023
54.48067226890757,15.061224489795919,28.84841964259729
54.48067226890757,15.897959183673468,28.841538137399297
54.48067226890757,16.73469387755102,28.83484502944584
54.48067226890757,17.57142857142857,28.82833592754057
54.48067226890757,18.408163265306122,28.82200666874104
54.48067226890757,19.244897959183675,28.815853163345285
54.48067226890757,20.081632653061224,28.809871426720264
54.48067226890757,20.918367346938776,28.804057995655683
54.48067226890757,21.75510204081633,28.79841002443291
54.48067226890757,22.591836734693874,28.792925668088895
54.48067226890757,23.428571428571427,28.78758894597756
54.48067226890757,24.26530612244898,28.782401956161372
54.48067226890757,25.10204081632653,28.777382590059464
54.48067226890757,25.93877551020408,28.77253510556619
54.48067226890757,26.775510204081634,28.767864163070847
54.48067226890757,27.612244897959183,28.763373874837278
54.48067226890757,28.448979591836736,28.759089089265903
54.48067226890757,29.285714285714285,28.755007545474317
54.48067226890757,30.122448979591837,28.751108940893914
54.48067226890757,30.95918367346939,28.74739066473825
54.48067226890757,31.795918367346935,28.743849444881583
54.48067226890757,32.63265306122449,28.740482135886552
54.48067226890757,33.46938775510204,28.737275329303493
54.48067226890757,34.30612244897959,28.73423007545483
54.48067226890757,35.14285714285714,28.73135472953653
54.48067226890757,35.97959183673469,28.7286499116054
54.48067226890757,36.816326530612244,28.72611681913504
54.48067226890757,37.6530612244898,28.723756965682153
54.48067226890757,38.48979591836735,28.721571999144672
54.48067226890757,39.3265306122449,28.71956354908835
54.48067226890757,40.16326530612245,28.71773303759697
54.48067226890757,41.0,28.71608144104277
55.226890756302524,0.0,28.98867480184
55.226890756302524,0.8367346938775511,28.97824290701705
55.226890756302524,1.6734693877551021,28.968000109372888
55.226890756302524,2.510204081632653,28.95794417202986
55.226890756302524,3.3469387755102042,28.948074606458945
55.226890756302524,4.183673469387755,28.938391789185026
55.226890756302524,5.020408163265306,28.92889639272406
55.226890756302524,5.857142857142857,28.919589087721288
55.226890756302524,6.6938775510204085,28.910470544598716
55.226890756302524,7.530612244897959,28.901541556087214
55.226890756302524,8.36734693877551,28.89280066984426
55.226890756302524,9.204081632653061,28.884248684002657
55.226890756302524,10.040816326530612,28.875890845604744
55.226890756302524,10.877551020408164,28.867729386184223
55.226890756302524,11.714285714285714,28.859766504513654
55.226890756302524,12.551020408163264,28.852003850023575
55.226890756302524,13.387755102040817,28.844458029390697
55.226890756302524,14.224489795918368,28.83713066033889
55.226890756302524,15.061224489795919,28.830000750712042
55.226890756302524,15.897959183673468,28.823064750960675
55.226890756302524,16.73469387755102,28.81631848941949
55.226890756302524,17.57142857142857,28.809757594509435
55.226890756302524,18.408163265306122,28.803377936484228
55.226890756302524,19.244897959183675,28.79717545020477
55.226890756302524,20.081632653061224,28.791146174014287
55.226890756302524,20.918367346938776,28.785286673742156
55.226890756302524,21.75510204081633,28.779594114096312
55.226890756302524,22.591836734693874,28.774066662547092
55.226890756302524,23.428571428571427,28.768688465209493
55.226890756302524,24.26530612244898,28.76346159587469
55.226890756302524,25.10204081632653,28.758403786858956
55.226890756302524,25.93877551020408,28.753519251391555
55.226890756302524,26.775510204081634,28.748812605553503
55.226890756302524,27.612244897959183,28.744287921362893
55.226890756302524,28.448979591836736,28.73996982997459
55.226890756302524,29.285714285714285,28.7358560873866
55.226890756302524,30.122448979591837,28.731926558152775
55.226890756302524,30.95918367346939,28.72817864832451
55.226890756302524,31.795918367346935,28.72460910937281
55.226890756302524,32.63265306122449,28.721214820045162
55.226890756302524,33.46938775510204,28.717982480244768
55.226890756302524,34.30612244897959,28.71491312704516
55.226890756302524,35.14285714285714,28.7120150417443
55.226890756302524,35.97959183673469,28.70928883559915
55.226890756302524,36.816326530612244,28.70673569189902
55.226890756302524,37.6530612244898,28.70435710946184
55.226890756302524,38.48979591836735,28.702154718589327
55.226890756302524,39.3265306122449,28.700130132449992
55.226890756302524,40.16326530612245,28.69828475892571
55.226890756302524,41.0,28.69661956305912
55.97310924369748,0.0,28.9699847614405
55.97310924369748,0.8367346938775511,28.959457365543557
55.97310924369748,1.6734693877551021,28.94912098516588
55.97310924369748,2.510204081632653,28.93897339734873
55.97310924369748,3.3469387755102042,28.92901407393315
55.97310924369748,4.183673469387755,28.9192433882266
55.97310924369748,5.020408163265306,28.909661982637534
55.97310924369748,5.857142857142857,28.90027050971311
55.97310924369748,6.6938775510204085,28.891069622299334
55.97310924369748,7.530612244897959,28.88206012778873
55.97310924369748,8.36734693877551,28.873240543101783
55.97310924369748,9.204081632653061,28.864611659495512
55.97310924369748,10.040816326530612,28.856178678446895
55.97310924369748,10.877551020408164,28.847943818026394
55.97310924369748,11.714285714285714,28.839909244288535
55.97310924369748,12.551020408163264,28.83207659094551
55.97310924369748,13.387755102040817,28.82446234688316
55.97310924369748,14.224489795918368,28.817068102656375
55.97310924369748,15.061224489795919,28.809872993578033
55.97310924369748,15.897959183673468,28.8028734826852
55.97310924369748,16.73469387755102,28.79606540727488
55.97310924369748,17.57142857142857,28.789444427887986
55.97310924369748,18.408163265306122,28.78300642173117
55.97310924369748,19.244897959183675,28.776747346071584
55.97310924369748,20.081632653061224,28.770663258312666
55.97310924369748,20.918367346938776,28.764750734636976
55.97310924369748,21.75510204081633,28.759006955823587
55.97310924369748,22.591836734693874,28.75343009240665
55.97310924369748,23.428571428571427,28.748004387119327
55.97310924369748,24.26530612244898,28.742731896727438
55.97310924369748,25.10204081632653,28.737630226132513
55.97310924369748,25.93877551020408,28.732703554890932
55.97310924369748,26.775510204081634,28.7279564606369
55.97310924369748,27.612244897959183,28.72339298119214
55.97310924369748,28.448979591836736,28.71903757696811
55.97310924369748,29.285714285714285,28.714888010532967
55.97310924369748,30.122448979591837,28.710924273590607
55.97310924369748,30.95918367346939,28.707143783860264
55.97310924369748,31.795918367346935,28.70354331005784
55.97310924369748,32.63265306122449,28.700119743658178
55.97310924369748,33.46938775510204,28.69685987133968
55.97310924369748,34.30612244897959,28.693764717499114
55.97310924369748,35.14285714285714,28.69084250357638
55.97310924369748,35.97959183673469,28.688093832195197
55.97310924369748,36.816326530612244,28.685519874938397
55.97310924369748,37.6530612244898,28.683122115627974
55.97310924369748,38.48979591836735,28.68090217111462
55.97310924369748,39.3265306122449,28.678861638794043
55.97310924369748,40.16326530612245,28.677001915274985
55.97310924369748,41.0,28.675323955770434
56.719327731092434,0.0,28.95011474758588
56.719327731092434,0.8367346938775511,28.939522516151968
56.719327731092434,1.6734693877551021,28.929122669486993
56.719327731092434,2.510204081632653,28.918912951927435
56.719327731092434,3.3469387755102042,28.908892844353318
56.719327731092434,4.183673469387755,28.899062690325486
56.719327731092434,5.020408163265306,28.889423101691182
56.719327731092434,5.857142857142857,28.87997471967865
56.719327731092434,6.6938775510204085,28.87071817255225
56.719327731092434,7.530612244897959,28.861654227965268
56.719327731092434,8.36734693877551,28.852781417330544
56.719327731092434,9.204081632653061,28.844100505285713
56.719327731092434,10.040816326530612,28.835616615381937
56.719327731092434,10.877551020408164,28.82733192243411
56.719327731092434,11.714285714285714,28.81924855680892
56.719327731092434,12.551020408163264,28.81136811427047
56.719327731092434,13.387755102040817,28.803706878300712
56.719327731092434,14.224489795918368,28.796266424016142
56.719327731092434,15.061224489795919,28.78902608043707
56.719327731092434,15.897959183673468,28.781982370154818
56.719327731092434,16.73469387755102,28.77513115205686
56.719327731092434,17.57142857142857,28.76846812026746
56.719327731092434,18.408163265306122,28.761989192680268
56.719327731092434,19.244897959183675,28.755690355396396
56.719327731092434,20.081632653061224,28.749567699185885
56.719327731092434,20.918367346938776,28.743617826804503
56.719327731092434,21.75510204081633,28.737837938448365
56.719327731092434,22.591836734693874,28.73222621135196
56.719327731092434,23.428571428571427,28.726767056404327
56.719327731092434,24.26530612244898,28.721462494922054
56.719327731092434,25.10204081632653,28.716329925226106
56.719327731092434,25.93877551020408,28.711373466958424
56.719327731092434,26.775510204081634,28.706597638137474
56.719327731092434,27.612244897959183,28.70200642321765
56.719327731092434,28.448979591836736,28.69762400004653
56.719327731092434,29.285714285714285,28.69344814901434
56.719327731092434,30.122448979591837,28.689459080168955
56.719327731092434,30.95918367346939,28.685654233724826
56.719327731092434,31.795918367346935,28.682030407016327
56.719327731092434,32.63265306122449,28.67858452127188
56.719327731092434,33.46938775510204,28.67530350451865
56.719327731092434,34.30612244897959,28.67218836549104
56.719327731092434,35.14285714285714,28.669247227153885
56.719327731092434,35.97959183673469,28.66648068066062
56.719327731092434,36.816326530612244,28.663889880237804
56.719327731092434,37.6530612244898,28.661476289422136
56.719327731092434,38.48979591836735,28.65924150310713
56.719327731092434,39.3265306122449,28.65718709847485
56.719327731092434,40.16326530612245,28.65531445271031
56.719327731092434,41.0,28.653624508355136
57.46554621848739,0.0,28.934372197977048
57.46554621848739,0.8367346938775511,28.92368045985078
57.46554621848739,1.6734693877551021,28.913182892768226
57.46554621848739,2.510204081632653,28.90287725310106
57.46554621848739,3.3469387755102042,28.89276301756514
57.46554621848739,4.183673469387755,28.88284053824147
57.46554621848739,5.020408163265306,28.873110428144948
57.46554621848739,5.857142857142857,28.863573317652946
57.46554621848739,6.6938775510204085,28.854229841895346
57.46554621848739,7.530612244897959,28.84508076153381
57.46554621848739,8.36734693877551,28.836124609128944
57.46554621848739,9.204081632653061,28.827362146257247
57.46554621848739,10.040816326530612,28.818798479042222
57.46554621848739,10.877551020408164,28.810435765318665
57.46554621848739,11.714285714285714,28.802276133527503
57.46554621848739,12.551020408163264,28.794321158399118
57.46554621848739,13.387755102040817,28.786587057746697
57.46554621848739,14.224489795918368,28.779075378818874
57.46554621848739,15.061224489795919,28.771765576376566
57.46554621848739,15.897959183673468,28.76465415632409
57.46554621848739,16.73469387755102,28.757737012300314
57.46554621848739,17.57142857142857,28.75100985121154
57.46554621848739,18.408163265306122,28.74446861368283
57.46554621848739,19.244897959183675,28.738109297716292
57.46554621848739,20.081632653061224,28.731928015251654
57.46554621848739,20.918367346938776,28.72592138035371
57.46554621848739,21.75510204081633,28.72008660675549
57.46554621848739,22.591836734693874,28.714421878249123
57.46554621848739,23.428571428571427,28.70891168159383
57.46554621848739,24.26530612244898,28.703558021168536
57.46554621848739,25.10204081632653,28.698378208823716
57.46554621848739,25.93877551020408,28.693376340090104
57.46554621848739,26.775510204081634,28.68855690657512
57.46554621848739,27.612244897959183,28.68392386730147
57.46554621848739,28.448979591836736,28.67950127458064
57.46554621848739,29.285714285714285,28.675286916199873
57.46554621848739,30.122448979591837,28.671261095895506
57.46554621848739,30.95918367346939,28.66742126318729
57.46554621848739,31.795918367346935,28.66376422708227
57.46554621848739,32.63265306122449,28.660286921722882
57.46554621848739,33.46938775510204,28.656976337462744
57.46554621848739,34.30612244897959,28.65383347410904
57.46554621848739,35.14285714285714,28.650866410256786
57.46554621848739,35.97959183673469,28.648075731177453
57.46554621848739,36.816326530612244,28.645462582048825
57.46554621848739,37.6530612244898,28.64302841578544
57.46554621848739,38.48979591836735,28.64077481494339
57.46554621848739,39.3265306122449,28.63870334692042
57.46554621848739,40.16326530612245,28.636815378612393
57.46554621848739,41.0,28.635111845433215
58.21176470588236,0.0,28.91417600291904
58.21176470588236,0.8367346938775511,28.903417601636967
58.21176470588236,1.6734693877551021,28.89285488885634
58.21176470588236,2.510204081632653,28.882485625927732
58.21176470588236,3.3469387755102042,28.87230926123183
58.21176470588236,4.183673469387755,28.86232613759406
58.21176470588236,5.020408163265306,28.852536825287316
58.21176470588236,5.857142857142857,28.842941915217743
58.21176470588236,6.6938775510204085,28.833542013074695
58.21176470588236,7.530612244897959,28.82433783716274
58.21176470588236,8.36734693877551,28.815327913027186
58.21176470588236,9.204081632653061,28.80651296683702
58.21176470588236,10.040816326530612,28.79789801472116
58.21176470588236,10.877551020408164,28.789485172068048
58.21176470588236,11.714285714285714,28.78127650757737
58.21176470588236,12.551020408163264,28.77327356861034
58.21176470588236,13.387755102040817,28.765492358872226
58.21176470588236,14.224489795918368,28.75793439139298
58.21176470588236,15.061224489795919,28.750579339486666
58.21176470588236,15.897959183673468,28.743423732606164
58.21176470588236,16.73469387755102,28.736463491319014
58.21176470588236,17.57142857142857,28.7296943607097
58.21176470588236,18.408163265306122,28.723112305062948
58.21176470588236,19.244897959183675,28.716713360415955
58.21176470588236,20.081632653061224,28.710493664666334
58.21176470588236,20.918367346938776,28.70444986179387
58.21176470588236,21.75510204081633,28.698579178472805
58.21176470588236,22.591836734693874,28.692879809038537
58.21176470588236,23.428571428571427,28.687336402979142
58.21176470588236,24.26530612244898,28.681950933092587
58.21176470588236,25.10204081632653,28.676740500088243
58.21176470588236,25.93877551020408,28.67170914576106
58.21176470588236,26.775510204081634,28.666861296675393
58.21176470588236,27.612244897959183,28.662200861782324
58.21176470588236,28.448979591836736,28.657751610577105
58.21176470588236,29.285714285714285,28.653511348498807
58.21176470588236,30.122448979591837,28.649460596244417
58.21176470588236,30.95918367346939,28.64559682299239
58.21176470588236,31.795918367346935,28.641916869415738
58.21176470588236,32.63265306122449,28.638417697074182
58.21176470588236,33.46938775510204,28.635086436983585
58.21176470588236,34.30612244897959,28.631924072670266
58.21176470588236,35.14285714285714,28.62893858566011
58.21176470588236,35.97959183673469,28.62613055000329
58.21176470588236,36.816326530612244,28.62350109292244
58.21176470588236,37.6530612244898,28.621051646806112
58.21176470588236,38.48979591836735,28.61878377305007
58.21176470588236,39.3265306122449,28.616699017829273
58.21176470588236,40.16326530612245,28.614798728855256
58.21176470588236,41.0,28.61308382675209
58.957983193277315,0.0,28.8980457253182
58.957983193277315,0.8367346938775511,28.887202002275046
58.957983193277315,1.6734693877551021,28.876555343960984
58.957983193277315,2.510204081632653,28.866103519131514
58.957983193277315,3.3469387755102042,28.85584602342426
58.957983193277315,4.183673469387755,28.845783163833566
58.957983193277315,5.020408163265306,28.835915559933692
58.957983193277315,5.857142857142857,28.826243790695596
58.957983193277315,6.6938775510204085,28.816768478069836
58.957983193277315,7.530612244897959,28.807490345568798
58.957983193277315,8.36734693877551,28.7984079467568
58.957983193277315,9.204081632653061,28.789522005061958
58.957983193277315,10.040816326530612,28.78083753512747
58.957983193277315,10.877551020408164,28.772356651570565
58.957983193277315,11.714285714285714,28.764081427035993
58.957983193277315,12.551020408163264,28.756013410908604
58.957983193277315,13.387755102040817,28.74816856420001
58.957983193277315,14.224489795918368,28.740548404861062
58.957983193277315,15.061224489795919,28.733132653080546
58.957983193277315,15.897959183673468,28.72591785961497
58.957983193277315,16.73469387755102,28.718899950845703
58.957983193277315,17.57142857142857,28.712074686632523
58.957983193277315,18.408163265306122,28.705438043149197
58.957983193277315,19.244897959183675,28.698986068119662
58.957983193277315,20.081632653061224,28.69271490708938
58.957983193277315,20.918367346938776,28.686621212729325
58.957983193277315,21.75510204081633,28.680702222413586
58.957983193277315,22.591836734693874,28.674956131489395
58.957983193277315,23.428571428571427,28.669367632175238
58.957983193277315,24.26530612244898,28.663938688466512
58.957983193277315,25.10204081632653,28.65868635382436
58.957983193277315,25.93877551020408,28.653614655316805
58.957983193277315,26.775510204081634,28.648728007728618
58.957983193277315,27.612244897959183,28.644030299980177
58.957983193277315,28.448979591836736,28.63954523868006
58.957983193277315,29.285714285714285,28.635270630411906
58.957983193277315,30.122448979591837,28.631187047701676
58.957983193277315,30.95918367346939,28.627291962452507
58.957983193277315,31.795918367346935,28.6235822215552
58.957983193277315,32.63265306122449,28.620054793039287
58.957983193277315,33.46938775510204,28.616696841360163
58.957983193277315,34.30612244897959,28.613509344698155
58.957983193277315,35.14285714285714,28.6105002596566
58.957983193277315,35.97959183673469,28.607670155819
58.957983193277315,36.816326530612244,28.605020154753927
58.957983193277315,37.6530612244898,28.602551682257147
58.957983193277315,38.48979591836735,28.60026629349127
58.957983193277315,39.3265306122449,28.5981655263103
58.957983193277315,40.16326530612245,28.59625072398881
58.957983193277315,41.0,28.59452280307252
59.70420168067227,0.0,28.878620565650778
59.70420168067227,0.8367346938775511,28.867721554568362
59.70420168067227,1.6734693877551021,28.857020811982103
59.70420168067227,2.510204081632653,28.84651612535603
59.70420168067227,3.3469387755102042,28.836206956558385
59.70420168067227,4.183673469387755,28.82609358557699
59.70420168067227,5.020408163265306,28.816176583807014
59.70420168067227,5.857142857142857,28.806456516345275
59.70420168067227,6.6938775510204085,28.796933937199334
59.70420168067227,7.530612244897959,28.787609568143168
59.70420168067227,8.36734693877551,28.77848191866597
59.70420168067227,9.204081632653061,28.76955171107048
59.70420168067227,10.040816326530612,28.76082385286612
59.70420168067227,10.877551020408164,28.75230041534093
59.70420168067227,11.714285714285714,28.743983417094697
59.70420168067227,12.551020408163264,28.735874367084595
59.70420168067227,13.387755102040817,28.727988989697707
59.70420168067227,14.224489795918368,28.720328769068526
59.70420168067227,15.061224489795919,28.71287369849624
59.70420168067227,15.897959183673468,28.70562036137595
59.70420168067227,16.73469387755102,28.69856473234351
59.70420168067227,17.57142857142857,28.69170261629727
59.70420168067227,18.408163265306122,28.68503003516576
59.70420168067227,19.244897959183675,28.678543082097907
59.70420168067227,20.081632653061224,28.67223794519691
59.70420168067227,20.918367346938776,28.666111314483633
59.70420168067227,21.75510204081633,28.660160455448608
59.70420168067227,22.591836734693874,28.654383580287178
59.70420168067227,23.428571428571427,28.648765580803172
59.70420168067227,24.26530612244898,28.64330838934344
59.70420168067227,25.10204081632653,28.638028814173563
59.70420168067227,25.93877551020408,28.63293082113375
59.70420168067227,26.775510204081634,28.628018759146034
59.70420168067227,27.612244897959183,28.623296461823706
59.70420168067227,28.448979591836736,28.61878730402753
59.70420168067227,29.285714285714285,28.614489117668537
59.70420168067227,30.122448979591837,28.610382737688244
59.70420168067227,30.95918367346939,28.606465668332387
59.70420168067227,31.795918367346935,28.60273479408285
59.70420168067227,32.63265306122449,28.599187119385945
59.70420168067227,33.46938775510204,28.595809979011513
59.70420168067227,34.30612244897959,28.592604332663555
59.70420168067227,35.14285714285714,28.589578026629354
59.70420168067227,35.97959183673469,28.58673161870764
59.70420168067227,36.816326530612244,28.584066212185554
59.70420168067227,37.6530612244898,28.581583210339605
59.70420168067227,38.48979591836735,28.57928414414179
59.70420168067227,39.3265306122449,28.577170527778478
59.70420168067227,40.16326530612245,28.575243683398654
59.70420168067227,41.0,28.573504512563314
60.450420168067225,0.0,28.861165978690998
60.450420168067225,0.8367346938775511,28.85018228068145
60.450420168067225,1.6734693877551021,28.83939849605831
60.450420168067225,2.510204081632653,28.828812398589818
60.450420168067225,3.3469387755102042,28.818423448995183
60.450420168067225,4.183673469387755,28.808231946733535
60.450420168067225,5.020408163265306,28.798238436699616
60.450420168067225,5.857142857142857,28.78844348351647
60.450420168067225,6.6938775510204085,28.778847647294818
60.450420168067225,7.530612244897959,28.769451619966855
60.450420168067225,8.36734693877551,28.760253945437853
60.450420168067225,9.204081632653061,28.75125530832917
60.450420168067225,10.040816326530612,28.7424605788421
60.450420168067225,10.877551020408164,28.733871808220062
60.450420168067225,11.714285714285714,28.725490986168307
60.450420168067225,12.551020408163264,28.717319601990713
60.450420168067225,13.387755102040817,28.709373245008432
60.450420168067225,14.224489795918368,28.701653373320415
60.450420168067225,15.061224489795919,28.694140128844392
60.450420168067225,15.897959183673468,28.686830114155953
60.450420168067225,16.73469387755102,28.679719325099413
60.450420168067225,17.57142857142857,28.672803589201028
60.450420168067225,18.408163265306122,28.66607894887025
60.450420168067225,19.244897959183675,28.659541518389496
60.450420168067225,20.081632653061224,28.65318750816933
60.450420168067225,20.918367346938776,28.647013622274372
60.450420168067225,21.75510204081633,28.641017138280628
60.450420168067225,22.591836734693874,28.63519627327146
60.450420168067225,23.428571428571427,28.629536033397653
60.450420168067225,24.26530612244898,28.624038323330065
60.450420168067225,25.10204081632653,28.618719806000634
60.450420168067225,25.93877551020408,28.613584403606986
60.450420168067225,26.775510204081634,28.608636418405304
60.450420168067225,27.612244897959183,28.60387964472909
60.450420168067225,28.448979591836736,28.599337253303354
60.450420168067225,29.285714285714285,28.595007086507163
60.450420168067225,30.122448979591837,28.590870125681516
60.450420168067225,30.95918367346939,28.586923889867442
60.450420168067225,31.795918367346935,28.583165280018477
60.450420168067225,32.63265306122449,28.579591318828655
60.450420168067225,33.46938775510204,28.5761894391328
60.450420168067225,34.30612244897959,28.57296058660426
60.450420168067225,35.14285714285714,28.569912535886733
60.450420168067225,35.97959183673469,28.567045834701187
60.450420168067225,36.816326530612244,28.564361572303426
60.450420168067225,37.6530612244898,28.56186113548033
60.450420168067225,38.48979591836735,28.559546037581306
60.450420168067225,39.3265306122449,28.557417777250283
60.450420168067225,40.16326530612245,28.555477661170094
60.450420168067225,41.0,28.553726580806522
61.19663865546218,0.0,28.843544710499515
61.19663865546218,0.8367346938775511,28.83248703422853
61.19663865546218,1.6734693877551021,28.821630645822296
61.19663865546218,2.510204081632653,28.81097336450519
61.19663865546218,3.3469387755102042,28.800514653233176
61.19663865546218,4.183673469387755,28.79025481149995
61.19663865546218,5.020408163265306,28.780194382359415
61.19663865546218,5.857142857142857,28.77033390787947
61.19663865546218,6.6938775510204085,28.76067393771437
61.19663865546218,7.530612244897959,28.751215148214484
61.19663865546218,8.36734693877551,28.74195607392132
61.19663865546218,9.204081632653061,28.732897387801934
61.19663865546218,10.040816326530612,28.724043921893827
61.19663865546218,10.877551020408164,28.715397691127748
61.19663865546218,11.714285714285714,28.706960668282218
61.19663865546218,12.551020408163264,28.69873432135058
61.19663865546218,13.387755102040817,28.69073412729067
61.19663865546218,14.224489795918368,28.682961523133308
61.19663865546218,15.061224489795919,28.675396784141867
61.19663865546218,15.897959183673468,28.66803651808834
61.19663865546218,16.73469387755102,28.6608767476362
61.19663865546218,17.57142857142857,28.653913321843472
61.19663865546218,18.408163265306122,28.647142301145504
61.19663865546218,19.244897959183675,28.640559820431267
61.19663865546218,20.081632653061224,28.634162107458266
61.19663865546218,20.918367346938776,28.627945883107348
61.19663865546218,21.75510204081633,28.62190843734499
61.19663865546218,22.591836734693874,28.616047993218757
61.19663865546218,23.428571428571427,28.61034965301413
61.19663865546218,24.26530612244898,28.604815299344615
61.19663865546218,25.10204081632653,28.599461481215695
61.19663865546218,25.93877551020408,28.59429208835634
61.19663865546218,26.775510204081634,28.589311390924482
61.19663865546218,27.612244897959183,28.58452315175778
61.19663865546218,28.448979591836736,28.579950383946514
61.19663865546218,29.285714285714285,28.575590940069773
61.19663865546218,30.122448979591837,28.571425925731976
61.19663865546218,30.95918367346939,28.567452869717144
61.19663865546218,31.795918367346935,28.563668690213653
61.19663865546218,32.63265306122449,28.56007042637227
61.19663865546218,33.46938775510204,28.556645590599906
61.19663865546218,34.30612244897959,28.55339511851138
61.19663865546218,35.14285714285714,28.55032672985069
61.19663865546218,35.97959183673469,28.547440965498293
61.19663865546218,36.816326530612244,28.54473890390309
61.19663865546218,37.6530612244898,28.542221920277093
61.19663865546218,38.48979591836735,28.539891514978205
61.19663865546218,39.3265306122449,28.537749173145933
61.19663865546218,40.16326530612245,28.535796191328824
61.19663865546218,41.0,28.534033452167716
61.94285714285715,0.0,28.825755805089226
61.94285714285715,0.8367346938775511,28.814620717501153
61.94285714285715,1.6734693877551021,28.803688721582358
61.94285714285715,2.510204081632653,28.792957576837335
61.94285714285715,3.3469387755102042,28.782426727212787
61.94285714285715,4.183673469387755,28.772096395272847
61.94285714285715,5.020408163265306,28.761967088207786
61.94285714285715,5.857142857142857,28.752039319506533
61.94285714285715,6.6938775510204085,28.7423136058647
61.94285714285715,7.530612244897959,28.732790593373757
61.94285714285715,8.36734693877551,28.72346881637893
61.94285714285715,9.204081632653061,28.714348924180477
61.94285714285715,10.040816326530612,28.70543566728044
61.94285714285715,10.877551020408164,28.696731044468578
61.94285714285715,11.714285714285714,28.688236987230095
61.94285714285715,12.551020408163264,28.679954935384533
61.94285714285715,13.387755102040817,28.671900205356273
61.94285714285715,14.224489795918368,28.66407420640951
61.94285714285715,15.061224489795919,28.656457375758542
61.94285714285715,15.897959183673468,28.649046331526662
61.94285714285715,16.73469387755102,28.641837121205572
61.94285714285715,17.57142857142857,28.634825609729074
61.94285714285715,18.408163265306122,28.628007885324404
61.94285714285715,19.244897959183675,28.621380099483904
61.94285714285715,20.081632653061224,28.61493850215435
61.94285714285715,20.918367346938776,28.608679834170776
61.94285714285715,21.75510204081633,28.602601395809966
61.94285714285715,22.591836734693874,28.596701416351472
61.94285714285715,23.428571428571427,28.590965115110965
61.94285714285715,24.26530612244898,28.585394353387606
61.94285714285715,25.10204081632653,28.5800055204862
61.94285714285715,25.93877551020408,28.57480246324424
61.94285714285715,26.775510204081634,28.569789404458437
61.94285714285715,27.612244897959183,28.564970063869964
61.94285714285715,28.448979591836736,28.56036724189666
61.94285714285715,29.285714285714285,28.555978802551483
61.94285714285715,30.122448979591837,28.551786010565046
61.94285714285715,30.95918367346939,28.547786411325283
61.94285714285715,31.795918367346935,28.543976944517116
61.94285714285715,32.63265306122449,28.54035466771514
61.94285714285715,33.46938775510204,28.536907199615477
61.94285714285715,34.30612244897959,28.53363546201826
61.94285714285715,35.14285714285714,28.530547101088132
61.94285714285715,35.97959183673469,28.527642647505218
61.94285714285715,36.816326530612244,28.524923165381303
61.94285714285715,37.6530612244898,28.52239001416119
61.94285714285715,38.48979591836735,28.520044675923007
61.94285714285715,39.3265306122449,28.517888619905158
61.94285714285715,40.16326530612245,28.515923127614492
61.94285714285715,41.0,28.51414907065976
62.689075630252105,0.0,28.810093409107296
62.689075630252105,0.8367346938775511,28.798875625258685
62.689075630252105,1.6734693877551021,28.78786248188734
62.689075630252105,2.510204081632653,28.777051781666362
62.689075630252105,3.3469387755102042,28.76644296836586
62.689075630252105,4.183673469387755,28.756036305846415
62.689075630252105,5.020408163265306,28.745832281304082
62.689075630252105,5.857142857142857,28.735831422058325
62.689075630252105,6.6938775510204085,28.72603422252362
62.689075630252105,7.530612244897959,28.716441329906605
62.689075630252105,8.36734693877551,28.707051272678218
62.689075630252105,9.204081632653061,28.697864671700096
62.689075630252105,10.040816326530612,28.68888626992076
62.689075630252105,10.877551020408164,28.680118016122865
62.689075630252105,11.714285714285714,28.671561832539833
62.689075630252105,12.551020408163264,28.66321913180275
62.689075630252105,13.387755102040817,28.65510513198993
62.689075630252105,14.224489795918368,28.64722122561568
62.689075630252105,15.061224489795919,28.639547944657807
62.689075630252105,15.897959183673468,28.632081924241177
62.689075630252105,16.73469387755102,28.62481921717887
62.689075630252105,17.57142857142857,28.617755704135078
62.689075630252105,18.408163265306122,28.610887483993707
62.689075630252105,19.244897959183675,28.604210721191368
62.689075630252105,20.081632653061224,28.59772167604288
62.689075630252105,20.918367346938776,28.59141709702981
62.689075630252105,21.75510204081633,28.58529428932215
62.689075630252105,22.591836734693874,28.57935148098643
62.689075630252105,23.428571428571427,28.573573974141258
62.689075630252105,24.26530612244898,28.567963603796496
62.689075630252105,25.10204081632653,28.56253665384751
62.689075630252105,25.93877551020408,28.55729693881824
62.689075630252105,26.775510204081634,28.5522486463724
62.689075630252105,27.612244897959183,28.547395465570183
62.689075630252105,28.448979591836736,28.54276005414872
62.689075630252105,29.285714285714285,28.538340279472784
62.689075630252105,30.122448979591837,28.5341175092728
62.689075630252105,30.95918367346939,28.530089297383284
62.689075630252105,31.795918367346935,28.52625259362073
62.689075630252105,32.63265306122449,28.522604467713215
62.689075630252105,33.46938775510204,28.51913260450056
62.689075630252105,34.30612244897959,28.515837916011694
62.689075630252105,35.14285714285714,28.51272799560918
62.689075630252105,35.97959183673469,28.509803367429704
62.689075630252105,36.816326530612244,28.507065084473247
62.689075630252105,37.6530612244898,28.504514492085363
62.689075630252105,38.48979591836735,28.50215306238949
62.689075630252105,39.3265306122449,28.4999822501113
62.689075630252105,40.16326530612245,28.498003326153178
62.689075630252105,41.0,28.496217154605517
63.43529411764706,0.0,28.792033374885246
63.43529411764706,0.8367346938775511,28.78075463355083
63.43529411764706,1.6734693877551021,28.769681726728678
63.43529411764706,2.510204081632653,28.758812489108184
63.43529411764706,3.3469387755102042,28.748146297460465
63.43529411764706,4.183673469387755,28.737683397876943
63.43529411764706,5.020408163265306,28.727424267332214
63.43529411764706,5.857142857142857,28.71736938367648
63.43529411764706,6.6938775510204085,28.707519245232163
63.43529411764706,7.530612244897959,28.69787446495447
63.43529411764706,8.36734693877551,28.688433592717118
63.43529411764706,9.204081632653061,28.679197217412753
63.43529411764706,10.040816326530612,28.670170039721164
63.43529411764706,10.877551020408164,28.661353966957588
63.43529411764706,11.714285714285714,28.652750897944376
63.43529411764706,12.551020408163264,28.644362229626484
63.43529411764706,13.387755102040817,28.6362030160008
63.43529411764706,14.224489795918368,28.628274627522657
63.43529411764706,15.061224489795919,28.620557788261902
63.43529411764706,15.897959183673468,28.613049156625387
63.43529411764706,16.73469387755102,28.60574482651629
63.43529411764706,17.57142857142857,28.59864070944991
63.43529411764706,18.408163265306122,28.591732940414175
63.43529411764706,19.244897959183675,28.58501771383114
63.43529411764706,20.081632653061224,28.57849132573329
63.43529411764706,20.918367346938776,28.57215055117728
63.43529411764706,21.75510204081633,28.565992717212946
63.43529411764706,22.591836734693874,28.560016066206867
63.43529411764706,23.428571428571427,28.554206040141896
63.43529411764706,24.26530612244898,28.548564453251988
63.43529411764706,25.10204081632653,28.543107420313415
63.43529411764706,25.93877551020408,28.537838714801143
63.43529411764706,26.775510204081634,28.532762477620206
63.43529411764706,27.612244897959183,28.527882358843552
63.43529411764706,28.448979591836736,28.52322078326446
63.43529411764706,29.285714285714285,28.518775637917557
63.43529411764706,30.122448979591837,28.514528471225088
63.43529411764706,30.95918367346939,28.51047685907452
63.43529411764706,31.795918367346935,28.50661777683459
63.43529411764706,32.63265306122449,28.502948320686418
63.43529411764706,33.46938775510204,28.499456293809917
63.43529411764706,34.30612244897959,28.49614259600287
63.43529411764706,35.14285714285714,28.493014741613027
63.43529411764706,35.97959183673469,28.49007324643586
63.43529411764706,36.816326530612244,28.487319149409156
63.43529411764706,37.6530612244898,28.484753780525235
63.43529411764706,38.48979591836735,28.482378592237488
63.43529411764706,39.3265306122449,28.48019502361761
63.43529411764706,40.16326530612245,28.478204329850843
63.43529411764706,41.0,28.47640736364666
64.18151260504202,0.0,28.77466564686595
64.18151260504202,0.8367346938775511,28.76331103363422
64.18151260504202,1.6734693877551021,28.752163842948697
64.18151260504202,2.510204081632653,28.74122192803935
64.18151260504202,3.3469387755102042,28.730484677990944
64.18151260504202,4.183673469387755,28.719952333122293
64.18151260504202,5.020408163265306,28.709625339939496
64.18151260504202,5.857142857142857,28.69950417535886
64.18151260504202,6.6938775510204085,28.689589304488134
64.18151260504202,7.530612244897959,28.67988132412353
64.18151260504202,8.36734693877551,28.670378753955436
64.18151260504202,9.204081632653061,28.661082194518364
64.18151260504202,10.040816326530612,28.651996252772825
64.18151260504202,10.877551020408164,28.64312281838805
64.18151260504202,11.714285714285714,28.634463755125505
64.18151260504202,12.551020408163264,28.626020421597932
64.18151260504202,13.387755102040817,28.617807724479825
64.18151260504202,14.224489795918368,28.609827004852644
64.18151260504202,15.061224489795919,28.602059143375325
64.18151260504202,15.897959183673468,28.59450081450312
64.18151260504202,16.73469387755102,28.587148123910524
64.18151260504202,17.57142857142857,28.579997008190713
64.18151260504202,18.408163265306122,28.57304362120902
64.18151260504202,19.244897959183675,28.566284176579824
64.18151260504202,20.081632653061224,28.559714989388617
64.18151260504202,20.918367346938776,28.553332846022535
64.18151260504202,21.75510204081633,28.54713508788848
64.18151260504202,22.591836734693874,28.54111995864951
64.18151260504202,23.428571428571427,28.535273015472878
64.18151260504202,24.26530612244898,28.529596043661634
64.18151260504202,25.10204081632653,28.524105004245104
64.18151260504202,25.93877551020408,28.518803623887283
64.18151260504202,26.775510204081634,28.51369599631209
64.18151260504202,27.612244897959183,28.50878572625505
64.18151260504202,28.448979591836736,28.50409503162137
64.18151260504202,29.285714285714285,28.499621807065232
64.18151260504202,30.122448979591837,28.495347757951922
64.18151260504202,30.95918367346939,28.491270469856985
64.18151260504202,31.795918367346935,28.487386939532485
64.18151260504202,32.63265306122449,28.483694280285867
64.18151260504202,33.46938775510204,28.480180397287825
64.18151260504202,34.30612244897959,28.476846174305507
64.18151260504202,35.14285714285714,28.47369905432526
64.18151260504202,35.97959183673469,28.470739541502166
64.18151260504202,36.816326530612244,28.467968660540713
64.18151260504202,37.6530612244898,28.465387724316802
64.18151260504202,38.48979591836735,28.462998168120492
64.18151260504202,39.3265306122449,28.46080141456085
64.18151260504202,40.16326530612245,28.458798703074724
64.18151260504202,41.0,28.456990876103678
64.92773109243697,0.0,28.760655008843045
64.92773109243697,0.8367346938775511,28.74922247288184
64.92773109243697,1.6734693877551021,28.73799893167318
64.92773109243697,2.510204081632653,28.72698218921084
64.92773109243697,3.3469387755102042,28.716171636464583
64.92773109243697,4.183673469387755,28.705567463985414
64.92773109243697,5.020408163265306,28.69517011532035
64.92773109243697,5.857142857142857,28.68498003337778
64.92773109243697,6.6938775510204085,28.67499768431103
64.92773109243697,7.530612244897959,28.6652236482471
64.92773109243697,8.36734693877551,28.65565645496963
64.92773109243697,9.204081632653061,28.6462966844833
64.92773109243697,10.040816326530612,28.637148922576202
64.92773109243697,10.877551020408164,28.62821505372998
64.92773109243697,11.714285714285714,28.61949690824487
64.92773109243697,12.551020408163264,28.61099584216252
64.92773109243697,13.387755102040817,28.602726685126626
64.92773109243697,14.224489795918368,28.594690766131897
64.92773109243697,15.061224489795919,28.58686904672949
64.92773109243697,15.897959183673468,28.579258208206465
64.92773109243697,16.73469387755102,28.57185436925708
64.92773109243697,17.57142857142857,28.564653479496574
64.92773109243697,18.408163265306122,28.557651701479017
64.92773109243697,19.244897959183675,28.550845260526064
64.92773109243697,20.081632653061224,28.544230483525887
64.92773109243697,20.918367346938776,28.537804163235098
64.92773109243697,21.75510204081633,28.531563648303813
64.92773109243697,22.591836734693874,28.525507180061915
64.92773109243697,23.428571428571427,28.51962038020934
64.92773109243697,24.26530612244898,28.513905019307018
64.92773109243697,25.10204081632653,28.508376975621832
64.92773109243697,25.93877551020408,28.50303995310885
64.92773109243697,26.775510204081634,28.497898019218034
64.92773109243697,27.612244897959183,28.492954757190056
64.92773109243697,28.448979591836736,28.48823227569579
64.92773109243697,29.285714285714285,28.483728472681594
64.92773109243697,30.122448979591837,28.479425134453887
64.92773109243697,30.95918367346939,28.475319853068108
64.92773109243697,31.795918367346935,28.47140963385507
64.92773109243697,32.63265306122449,28.467691599228054
64.92773109243697,33.46938775510204,28.464153706555685
64.92773109243697,34.30612244897959,28.46079683165787
64.92773109243697,35.14285714285714,28.457628378490405
64.92773109243697,35.97959183673469,28.454648844834445
64.92773109243697,36.816326530612244,28.451859247956605
64.92773109243697,37.6530612244898,28.44926089100224
64.92773109243697,38.48979591836735,28.446855198970635
64.92773109243697,39.3265306122449,28.444643584615505
64.92773109243697,40.16326530612245,28.44262728034657
64.92773109243697,41.0,28.44080712087761
65.67394957983193,0.0,28.745092146546106
65.67394957983193,0.8367346938775511,28.73356661062829
65.67394957983193,1.6734693877551021,28.722252061594613
65.67394957983193,2.510204081632653,28.711146267984848
65.67394957983193,3.3469387755102042,28.700248636486545
65.67394957983193,4.183673469387755,28.689559321831116
65.67394957983193,5.020408163265306,28.67907876407319
65.67394957983193,5.857142857142857,28.66880739668948
65.67394957983193,6.6938775510204085,28.658745649157918
65.67394957983193,7.530612244897959,28.648894088158386
65.67394957983193,8.36734693877551,28.639251227982793
65.67394957983193,9.204081632653061,28.62981763040213
65.67394957983193,10.040816326530612,28.62059785048517
65.67394957983193,10.877551020408164,28.61159374493914
65.67394957983193,11.714285714285714,28.602807125559504
65.67394957983193,12.551020408163264,28.594239320588372
65.67394957983193,13.387755102040817,28.58590510279344
65.67394957983193,14.224489795918368,28.577805771299175
65.67394957983193,15.061224489795919,28.569922337167895
65.67394957983193,15.897959183673468,28.562251481641223
65.67394957983193,16.73469387755102,28.554789319091537
65.67394957983193,17.57142857142857,28.54753180250524
65.67394957983193,18.408163265306122,28.54047509622239
65.67394957983193,19.244897959183675,28.533615426820155
65.67394957983193,20.081632653061224,28.526949123943105
65.67394957983193,20.918367346938776,28.520472985038676
65.67394957983193,21.75510204081633,28.51418435457581
65.67394957983193,22.591836734693874,28.508081476286332
65.67394957983193,23.428571428571427,28.502150013719184
65.67394957983193,24.26530612244898,28.496391721561164
65.67394957983193,25.10204081632653,28.490822416091987
65.67394957983193,25.93877551020408,28.485445777289833
65.67394957983193,26.775510204081634,28.480265852801633
65.67394957983193,27.612244897959183,28.475286202860822
65.67394957983193,28.448979591836736,28.47052884540577
65.67394957983193,29.285714285714285,28.46599167962459
65.67394957983193,30.122448979591837,28.461656551545126
65.67394957983193,30.95918367346939,28.457521055309797
65.67394957983193,31.795918367346935,28.453582201714934
65.67394957983193,32.63265306122449,28.449837118097236
65.67394957983193,33.46938775510204,28.446273801902073
65.67394957983193,34.30612244897959,28.4428931216292
65.67394957983193,35.14285714285714,28.439702447191745
65.67394957983193,35.97959183673469,28.436702270479945
65.67394957983193,36.816326530612244,28.433893600981584
65.67394957983193,37.6530612244898,28.431277731742092
65.67394957983193,38.48979591836735,28.428856080168618
65.67394957983193,39.3265306122449,28.426630049150766
65.67394957983193,40.16326530612245,28.42460086257499
65.67394957983193,41.0,28.42276935063871
66.4201680672269,0.0,28.728692807683355
66.4201680672269,0.8367346938775511,28.717106703804802
66.4201680672269,1.6734693877551021,28.705732737127832
66.4201680672269,2.510204081632653,28.69456874517173
66.4201680672269,3.3469387755102042,28.68361407631119
66.4201680672269,4.183673469387755,28.672868929981913
66.4201680672269,5.020408163265306,28.66233369095505
66.4201680672269,5.857142857142857,28.652008767475344
66.4201680672269,6.6938775510204085,28.641894597092428
66.4201680672269,7.530612244897959,28.631991708594004
66.4201680672269,8.36734693877551,28.622298626381653
66.4201680672269,9.204081632653061,28.612815887208335
66.4201680672269,10.040816326530612,28.603547985084226
66.4201680672269,10.877551020408164,28.594496740266017
66.4201680672269,11.714285714285714,28.585663937760263
66.4201680672269,12.551020408163264,28.577050877494887
66.4201680672269,13.387755102040817,28.568672155808947
66.4201680672269,14.224489795918368,28.560529052255827
66.4201680672269,15.061224489795919,28.552602777172947
66.4201680672269,15.897959183673468,28.544890034339005
66.4201680672269,16.73469387755102,28.537386973104663
66.4201680672269,17.57142857142857,28.530089581567307
66.4201680672269,18.408163265306122,28.522994056475618
66.4201680672269,19.244897959183675,28.516096655648646
66.4201680672269,20.081632653061224,28.50939373807825
66.4201680672269,20.918367346938776,28.502882128217916
66.4201680672269,21.75510204081633,28.49655919076048
66.4201680672269,22.591836734693874,28.490423179902123
66.4201680672269,23.428571428571427,28.48445990455245
66.4201680672269,24.26530612244898,28.478671095994155
66.4201680672269,25.10204081632653,28.473072388041714
66.4201680672269,25.93877551020408,28.467667415753937
66.4201680672269,26.775510204081634,28.462460174990568
66.4201680672269,27.612244897959183,28.457454183665217
66.4201680672269,28.448979591836736,28.452671217162624
66.4201680672269,29.285714285714285,28.448109192305214
66.4201680672269,30.122448979591837,28.443750144715384
66.4201680672269,30.95918367346939,28.439591690531895
66.4201680672269,31.795918367346935,28.435630868136
66.4201680672269,32.63265306122449,28.43186483060149
66.4201680672269,33.46938775510204,28.428281699451873
66.4201680672269,34.30612244897959,28.42488232976547
66.4201680672269,35.14285714285714,28.421674008618847
66.4201680672269,35.97959183673469,28.418657218874454
66.4201680672269,36.816326530612244,28.4158329549852
66.4201680672269,37.6530612244898,28.413202493362242
66.4201680672269,38.48979591836735,28.41076723240283
66.4201680672269,39.3265306122449,28.408528557459142
66.4201680672269,40.16326530612245,28.406487676074185
66.4201680672269,41.0,28.40464540673644
67.16638655462185,0.0,28.7103290993892
67.16638655462185,0.8367346938775511,28.69868140831102
67.16638655462185,1.6734693877551021,28.68724722070371
67.16638655462185,2.510204081632653,28.676024332409074
67.16638655462185,3.3469387755102042,28.66501212604842
67.16638655462185,4.183673469387755,28.654210719905297
67.16638655462185,5.020408163265306,28.64362051238829
67.16638655462185,5.857142857142857,28.633241883448935
67.16638655462185,6.6938775510204085,28.623075232591614
67.16638655462185,7.530612244897959,28.61312107999497
67.16638655462185,8.36734693877551,28.603377939915376
67.16638655462185,9.204081632653061,28.593846335230367
67.16638655462185,10.040816326530612,28.58453069037493
67.16638655462185,10.877551020408164,28.575432787560583
67.16638655462185,11.714285714285714,28.56655437887729
67.16638655462185,12.551020408163264,28.55789673072773
67.16638655462185,13.387755102040817,28.549474274338717
67.16638655462185,14.224489795918368,28.541288254240822
67.16638655462185,15.061224489795919,28.533320064584153
67.16638655462185,15.897959183673468,28.52556643657148
67.16638655462185,16.73469387755102,28.518023545518933
67.16638655462185,17.57142857142857,28.510687406239292
67.16638655462185,18.408163265306122,28.50355424474932
67.16638655462185,19.244897959183675,28.496620345659757
67.16638655462185,20.081632653061224,28.489882095198425
67.16638655462185,20.918367346938776,28.483336337963557
67.16638655462185,21.75510204081633,28.47698045358315
67.16638655462185,22.591836734693874,28.470812703496392
67.16638655462185,23.428571428571427,28.464819038477728
67.16638655462185,24.26530612244898,28.45900115743416
67.16638655462185,25.10204081632653,28.45337451483938
67.16638655462185,25.93877551020408,28.447942697162063
67.16638655462185,26.775510204081634,28.442709643531547
67.16638655462185,27.612244897959183,28.437678824538153
67.16638655462185,28.448979591836736,28.43287177108933
67.16638655462185,29.285714285714285,28.42828641226973
67.16638655462185,30.122448979591837,28.423904968549696
67.16638655462185,30.95918367346939,28.419725072711856
67.16638655462185,31.795918367346935,28.41574378632018
67.16638655462185,32.63265306122449,28.411958285019484
67.16638655462185,33.46938775510204,28.408356811092897
67.16638655462185,34.30612244897959,28.404940202358276
67.16638655462185,35.14285714285714,28.401715662114263
67.16638655462185,35.97959183673469,28.39868366076651
67.16638655462185,36.816326530612244,28.39584517643295
67.16638655462185,37.6530612244898,28.393201466825957
67.16638655462185,38.48979591836735,28.390753910048744
67.16638655462185,39.3265306122449,28.38850387193258
67.16638655462185,40.16326530612245,28.386452543987446
67.16638655462185,41.0,28.38460073172375
67.9126050420168,0.0,28.69538291800268
67.9126050420168,0.8367346938775511,28.683669791500073
67.9126050420168,1.6734693877551021,28.672171194367838
67.9126050420168,2.510204081632653,28.660884936891755
67.9126050420168,3.3469387755102042,28.649810394181777
67.9126050420168,4.183673469387755,28.63894769345556
67.9126050420168,5.020408163265306,28.628297235756662
67.9126050420168,5.857142857142857,28.61785940359814
67.9126050420168,6.6938775510204085,28.60763460754147
67.9126050420168,7.530612244897959,28.59762337045915
67.9126050420168,8.36734693877551,28.58782422024212
67.9126050420168,9.204081632653061,28.578237682236075
67.9126050420168,10.040816326530612,28.56886816815806
67.9126050420168,10.877551020408164,28.55971745014652
67.9126050420168,11.714285714285714,28.5507872781456
67.9126050420168,12.551020408163264,28.542078928851755
67.9126050420168,13.387755102040817,28.533606753823644
67.9126050420168,14.224489795918368,28.525371999968772
67.9126050420168,15.061224489795919,28.517356157634318
67.9126050420168,15.897959183673468,28.509555967025886
67.9126050420168,16.73469387755102,28.501967625531798
67.9126050420168,17.57142857142857,28.494587169332664
67.9126050420168,18.408163265306122,28.48741084054208
67.9126050420168,19.244897959183675,28.48043494674154
67.9126050420168,20.081632653061224,28.473655886333333
67.9126050420168,20.918367346938776,28.46707052122319
67.9126050420168,21.75510204081633,28.460676244868644
67.9126050420168,22.591836734693874,28.454471327197176
67.9126050420168,23.428571428571427,28.44844178134198
67.9126050420168,24.26530612244898,28.44258929910693
67.9126050420168,25.10204081632653,28.436929266583736
67.9126050420168,25.93877551020408,28.431465252033416
67.9126050420168,26.775510204081634,28.42620117923198
67.9126050420168,27.612244897959183,28.421140500569912
67.9126050420168,28.448979591836736,28.416304651964328
67.9126050420168,29.285714285714285,28.411691572355025
67.9126050420168,30.122448979591837,28.40728355941649
67.9126050420168,30.95918367346939,28.40307825732849
67.9126050420168,31.795918367346935,28.39907273953257
67.9126050420168,32.63265306122449,28.3952641939124
67.9126050420168,33.46938775510204,28.391640914288317
67.9126050420168,34.30612244897959,28.388203733321667
67.9126050420168,35.14285714285714,28.384959820947877
67.9126050420168,35.97959183673469,28.38190964363395
67.9126050420168,36.816326530612244,28.379054174150188
67.9126050420168,37.6530612244898,28.376394662627124
67.9126050420168,38.48979591836735,28.373932479290307
67.9126050420168,39.3265306122449,28.371668982060076
67.9126050420168,40.16326530612245,28.369605355230867
67.9126050420168,41.0,28.36774239823329
68.65882352941176,0.0,28.679921996080633
68.65882352941176,0.8367346938775511,28.668130763097356
68.65882352941176,1.6734693877551021,28.65655578770847
68.65882352941176,2.510204081632653,28.645194865476846
68.65882352941176,3.3469387755102042,28.6340474001947
68.65882352941176,4.183673469387755,28.623113504148183
68.65882352941176,5.020408163265306,28.612393547361822
68.65882352941176,5.857142857142857,28.601887898340106
68.65882352941176,6.6938775510204085,28.59159694140629
68.65882352941176,7.530612244897959,28.58152115480286
68.65882352941176,8.36734693877551,28.571659065934853
68.65882352941176,9.204081632653061,28.562011167317817
68.65882352941176,10.040816326530612,28.552581813639016
68.65882352941176,10.877551020408164,28.543372749698538
68.65882352941176,11.714285714285714,28.534385688039077
68.65882352941176,12.551020408163264,28.525621877774704
68.65882352941176,13.387755102040817,28.517095558358378
68.65882352941176,14.224489795918368,28.50880794749041
68.65882352941176,15.061224489795919,28.500740632668002
68.65882352941176,15.897959183673468,28.492890361659438
68.65882352941176,16.73469387755102,28.485253336592844
68.65882352941176,17.57142857142857,28.47782560141358
68.65882352941176,18.408163265306122,28.470603406950655
68.65882352941176,19.244897959183675,28.46358307086454
68.65882352941176,20.081632653061224,28.45676099959999
68.65882352941176,20.918367346938776,28.450134061400043
68.65882352941176,21.75510204081633,28.443699654237907
68.65882352941176,22.591836734693874,28.43745604313655
68.65882352941176,23.428571428571427,28.431389321576532
68.65882352941176,24.26530612244898,28.42550115847842
68.65882352941176,25.10204081632653,28.41980682635085
68.65882352941176,25.93877551020408,28.41430986072753
68.65882352941176,26.775510204081634,28.409014147085706
68.65882352941176,27.612244897959183,28.403923106607024
68.65882352941176,28.448979591836736,28.399058022220757
68.65882352941176,29.285714285714285,28.394416836403597
68.65882352941176,30.122448979591837,28.389981955706475
68.65882352941176,30.95918367346939,28.385751029065002
68.65882352941176,31.795918367346935,28.381721142105036
68.65882352941176,32.63265306122449,28.377889493356008
68.65882352941176,33.46938775510204,28.37424444694317
68.65882352941176,34.30612244897959,28.370786822727347
68.65882352941176,35.14285714285714,28.367523737451215
68.65882352941176,35.97959183673469,28.3644556499623
68.65882352941176,36.816326530612244,28.361583520463064
68.65882352941176,37.6530612244898,28.358908585702853
68.65882352941176,38.48979591836735,28.35643220320977
68.65882352941176,39.3265306122449,28.354155717885355
68.65882352941176,40.16326530612245,28.35208030166279
68.65882352941176,41.0,28.350206746841938
69.40504201680672,0.0,28.66413354630075
69.40504201680672,0.8367346938775511,28.652284352879672
69.40504201680672,1.6734693877551021,28.64065242258321
69.40504201680672,2.510204081632653,28.629235611070982
69.40504201680672,3.3469387755102042,28.618033261758555
69.40504201680672,4.183673469387755,28.607045493888343
69.40504201680672,5.020408163265306,28.59627266353308
69.40504201680672,5.857142857142857,28.5857151323593
69.40504201680672,6.6938775510204085,28.575373266216005
69.40504201680672,7.530612244897959,28.565247561759094
69.40504201680672,8.36734693877551,28.555336538837118
69.40504201680672,9.204081632653061,28.545640689176246
69.40504201680672,10.040816326530612,28.536164329183936
69.40504201680672,10.877551020408164,28.52690918278745
69.40504201680672,11.714285714285714,28.51787695146671
69.40504201680672,12.551020408163264,28.50906885316595
69.40504201680672,13.387755102040817,28.500499010372618
69.40504201680672,14.224489795918368,28.492168627681867
69.40504201680672,15.061224489795919,28.484059446229033
69.40504201680672,15.897959183673468,28.47616824130843
69.40504201680672,16.73469387755102,28.46849124653174
69.40504201680672,17.57142857142857,28.461024535337955
69.40504201680672,18.408163265306122,28.453764383102232
69.40504201680672,19.244897959183675,28.44670713591128
69.40504201680672,20.081632653061224,28.439849228339956
69.40504201680672,20.918367346938776,28.433187553045634
69.40504201680672,21.75510204081633,28.426719521729098
69.40504201680672,22.591836734693874,28.420443411154718
69.40504201680672,23.428571428571427,28.41434543100541
69.40504201680672,24.26530612244898,28.408427229828
69.40504201680672,25.10204081632653,28.402703944164195
69.40504201680672,25.93877551020408,28.397179072401634
69.40504201680672,26.775510204081634,28.3918564634583
69.40504201680672,27.612244897959183,28.386739502887796
69.40504201680672,28.448979591836736,28.38184928785503
69.40504201680672,29.285714285714285,28.377183774015926
69.40504201680672,30.122448979591837,28.37272551641598
69.40504201680672,30.95918367346939,28.368472180522353
69.40504201680672,31.795918367346935,28.364420872299767
69.40504201680672,32.63265306122449,28.360568812281635
69.40504201680672,33.46938775510204,28.356904459083047
69.40504201680672,34.30612244897959,28.353428623446135
69.40504201680672,35.14285714285714,28.350148356883846
69.40504201680672,35.97959183673469,28.34706411090283
69.40504201680672,36.816326530612244,28.344176834182274
69.40504201680672,37.6530612244898,28.3414877498257
69.40504201680672,38.48979591836735,28.33899820018582
69.40504201680672,39.3265306122449,28.336709516271647
69.40504201680672,40.16326530612245,28.33462285708447
69.40504201680672,41.0,28.332739004276746
70.15126050420169,0.0,28.65067090585536
70.15126050420169,0.8367346938775511,28.638745134271687
70.15126050420169,1.6734693877551021,28.62703813112914
70.15126050420169,2.510204081632653,28.615547748988604
70.15126050420169,3.3469387755102042,28.604273377236368
70.15126050420169,4.183673469387755,28.593215142355227
70.15126050420169,5.020408163265306,28.58237338882712
70.15126050420169,5.857142857142857,28.571748466232677
70.15126050420169,6.6938775510204085,28.561340733917355
70.15126050420169,7.530612244897959,28.551150664372468
70.15126050420169,8.36734693877551,28.541176771176094
70.15126050420169,9.204081632653061,28.53141952098799
70.15126050420169,10.040816326530612,28.521883196919177
70.15126050420169,10.877551020408164,28.512569488820688
70.15126050420169,11.714285714285714,28.503480080476034
70.15126050420169,12.551020408163264,28.494616172730794
70.15126050420169,13.387755102040817,28.485991790376254
70.15126050420169,14.224489795918368,28.47760811564655
70.15126050420169,15.061224489795919,28.46944698592315
70.15126050420169,15.897959183673468,28.46150517864022
70.15126050420169,16.73469387755102,28.453778934977194
70.15126050420169,17.57142857142857,28.44626434003172
70.15126050420169,18.408163265306122,28.438957683027017
70.15126050420169,19.244897959183675,28.431855318141952
70.15126050420169,20.081632653061224,28.424953690629785
70.15126050420169,20.918367346938776,28.418249695068916
70.15126050420169,21.75510204081633,28.411740755464088
70.15126050420169,22.591836734693874,28.405425144865774
70.15126050420169,23.428571428571427,28.399289142077173
70.15126050420169,24.26530612244898,28.393334379199633
70.15126050420169,25.10204081632653,28.387575895184536
70.15126050420169,25.93877551020408,28.382017163509268
70.15126050420169,26.775510204081634,28.376662000878376
70.15126050420169,27.612244897959183,28.371513769629388
70.15126050420169,28.448979591836736,28.366593437004997
70.15126050420169,29.285714285714285,28.36189896481742
70.15126050420169,30.122448979591837,28.357413000018717
70.15126050420169,30.95918367346939,28.35313321041852
70.15126050420169,31.795918367346935,28.34905671684804
70.15126050420169,32.63265306122449,28.345180746264163
70.15126050420169,33.46938775510204,28.34149381886556
70.15126050420169,34.30612244897959,28.33799673303899
70.15126050420169,35.14285714285714,28.33469649638701
70.15126050420169,35.97959183673469,28.33159355359267
70.15126050420169,36.816326530612244,28.328688842338636
70.15126050420169,37.6530612244898,28.325983575711255
70.15126050420169,38.48979591836735,28.323479084638528
70.15126050420169,39.3265306122449,28.32117668844538
70.15126050420169,40.16326530612245,28.31907753634478
70.15126050420169,41.0,28.31718240363722
70.89747899159664,0.0,28.635984126166438
70.89747899159664,0.8367346938775511,28.623983235186195
70.89747899159664,1.6734693877551021,28.612202792269294
70.89747899159664,2.510204081632653,28.600640648668353
70.89747899159664,3.3469387755102042,28.589296129921244
70.89747899159664,4.183673469387755,28.578169331315316
70.89747899159664,5.020408163265306,28.567260578237974
70.89747899159664,5.857142857142857,28.55657019615767
70.89747899159664,6.6938775510204085,28.546098510721176
70.89747899159664,7.530612244897959,28.53584597780132
70.89747899159664,8.36734693877551,28.525811101714652
70.89747899159664,9.204081632653061,28.515994338046227
70.89747899159664,10.040816326530612,28.506399922359872
70.89747899159664,10.877551020408164,28.497029514290055
70.89747899159664,11.714285714285714,28.487884775371274
70.89747899159664,12.551020408163264,28.47896688352963
70.89747899159664,13.387755102040817,28.47028975751322
70.89747899159664,14.224489795918368,28.46185455520753
70.89747899159664,15.061224489795919,28.453643220573944
70.89747899159664,15.897959183673468,28.445652532448303
70.89747899159664,16.73469387755102,28.437878739242684
70.89747899159664,17.57142857142857,28.43031795013155
70.89747899159664,18.408163265306122,28.422966457611015
70.89747899159664,19.244897959183675,28.415820627701287
70.89747899159664,20.081632653061224,28.40887691740172
70.89747899159664,20.918367346938776,28.402132230553807
70.89747899159664,21.75510204081633,28.39558399388913
70.89747899159664,22.591836734693874,28.38923048378531
70.89747899159664,23.428571428571427,28.383058057068304
70.89747899159664,24.26530612244898,28.3770683230712
70.89747899159664,25.10204081632653,28.371276213388835
70.89747899159664,25.93877551020408,28.36568516759232
70.89747899159664,26.775510204081634,28.360298968776238
70.89747899159664,27.612244897959183,28.355120947103455
70.89747899159664,28.448979591836736,28.350171918989254
70.89747899159664,29.285714285714285,28.345449854573932
70.89747899159664,30.122448979591837,28.34093750389549
70.89747899159664,30.95918367346939,28.336632547205475
70.89747899159664,31.795918367346935,28.33253211249621
70.89747899159664,32.63265306122449,28.328633439628405
70.89747899159664,33.46938775510204,28.324925118506613
70.89747899159664,34.30612244897959,28.321407936344798
70.89747899159664,35.14285714285714,28.318088848491023
70.89747899159664,35.97959183673469,28.31496829079795
70.89747899159664,36.816326530612244,28.31204719106463
70.89747899159664,37.6530612244898,28.30932674766624
70.89747899159664,38.48979591836735,28.306808279315163
70.89747899159664,39.3265306122449,28.30449309236878
70.89747899159664,40.16326530612245,28.302382325824425
70.89747899159664,41.0,28.300476746023495
71.6436974789916,0.0,28.61924985940237
71.6436974789916,0.8367346938775511,28.60718678507862
71.6436974789916,1.6734693877551021,28.595345518408052
71.6436974789916,2.510204081632653,28.583723917941644
71.6436974789916,3.3469387755102042,28.572321277724832
71.6436974789916,4.183673469387755,28.561137665067942
71.6436974789916,5.020408163265306,28.550173408746623
71.6436974789916,5.857142857142857,28.53942874914628
71.6436974789916,6.6938775510204085,28.528904048609604
71.6436974789916,7.530612244897959,28.518599708776136
71.6436974789916,8.36734693877551,28.508514233218882
71.6436974789916,9.204081632653061,28.49864806653453
71.6436974789916,10.040816326530612,28.48900536616955
71.6436974789916,10.877551020408164,28.479587786104766
71.6436974789916,11.714285714285714,28.470396936106855
71.6436974789916,12.551020408163264,28.461433972529324
71.6436974789916,13.387755102040817,28.452712671657483
71.6436974789916,14.224489795918368,28.444234179465344
71.6436974789916,15.061224489795919,28.43598056943927
71.6436974789916,15.897959183673468,28.427948644346642
71.6436974789916,16.73469387755102,28.42013467675957
71.6436974789916,17.57142857142857,28.41253478595592
71.6436974789916,18.408163265306122,28.40514529286564
71.6436974789916,19.244897959183675,28.397962583134852
71.6436974789916,20.081632653061224,28.39098313578626
71.6436974789916,20.918367346938776,28.384203873949684
71.6436974789916,21.75510204081633,28.37762223714373
71.6436974789916,22.591836734693874,28.371236506771464
71.6436974789916,23.428571428571427,28.365033152080457
71.6436974789916,24.26530612244898,28.35901376124673
71.6436974789916,25.10204081632653,28.353193127951442
71.6436974789916,25.93877551020408,28.347574654373528
71.6436974789916,26.775510204081634,28.34216208464783
71.6436974789916,27.612244897959183,28.33695870887437
71.6436974789916,28.448979591836736,28.33198516448825
71.6436974789916,29.285714285714285,28.327239427035302
71.6436974789916,30.122448979591837,28.32270439292274
71.6436974789916,30.95918367346939,28.318377756858766
71.6436974789916,31.795918367346935,28.314256666128713
71.6436974789916,32.63265306122449,28.310338381633233
71.6436974789916,33.46938775510204,28.306611585861837
71.6436974789916,34.30612244897959,28.303077055744875
71.6436974789916,35.14285714285714,28.29974168139229
71.6436974789916,35.97959183673469,28.29660589094148
71.6436974789916,36.816326530612244,28.293670598687033
71.6436974789916,37.6530612244898,28.29093699115786
71.6436974789916,38.48979591836735,28.28840637049757
71.6436974789916,39.3265306122449,28.286080028807966
71.6436974789916,40.16326530612245,28.28395909084474
71.6436974789916,41.0,28.28204431433693
72.38991596638655,0.0,28.603193887590724
72.38991596638655,0.8367346938775511,28.591079390576464
72.38991596638655,1.6734693877551021,28.579187839757356
72.38991596638655,2.510204081632653,28.5675170753205
72.38991596638655,3.3469387755102042,28.556066426011682
72.38991596638655,4.183673469387755,28.544835915642526
72.38991596638655,5.020408163265306,28.53382582816823
72.38991596638655,5.857142857142857,28.523036427291938
72.38991596638655,6.6938775510204085,28.51246801950205
72.38991596638655,7.530612244897959,28.502120989922524
72.38991596638655,8.36734693877551,28.491993834496586
72.38991596638655,9.204081632653061,28.482086965682313
72.38991596638655,10.040816326530612,28.472404487744384
72.38991596638655,10.877551020408164,28.462948012778114
72.38991596638655,11.714285714285714,28.453719108967004
72.38991596638655,12.551020408163264,28.444718910677643
72.38991596638655,13.387755102040817,28.435961029399238
72.38991596638655,14.224489795918368,28.42744657392007
72.38991596638655,15.061224489795919,28.419157808663595
72.38991596638655,15.897959183673468,28.411091543432978
72.38991596638655,16.73469387755102,28.403244083514537
72.38991596638655,17.57142857142857,28.395611573181377
72.38991596638655,18.408163265306122,28.388190357863078
72.38991596638655,19.244897959183675,28.380976849692267
72.38991596638655,20.081632653061224,28.37396754680959
72.38991596638655,20.918367346938776,28.367159393167892
72.38991596638655,21.75510204081633,28.3605498429986
72.38991596638655,22.591836734693874,28.35413718367793
72.38991596638655,23.428571428571427,28.34790801257228
72.38991596638655,24.26530612244898,28.341863887290973
72.38991596638655,25.10204081632653,28.336019436752665
72.38991596638655,25.93877551020408,28.330378012872366
72.38991596638655,26.775510204081634,28.32494330960182
72.38991596638655,27.612244897959183,28.31971857558538
72.38991596638655,28.448979591836736,28.3147242192281
72.38991596638655,29.285714285714285,28.309958228611528
72.38991596638655,30.122448979591837,28.30540367274126
72.38991596638655,30.95918367346939,28.301058262908946
72.38991596638655,31.795918367346935,28.2969191702028
72.38991596638655,32.63265306122449,28.29298367247559
72.38991596638655,33.46938775510204,28.28924056605644
72.38991596638655,34.30612244897959,28.285690612710376
72.38991596638655,35.14285714285714,28.282340624452193
72.38991596638655,35.97959183673469,28.279191018389973
72.38991596638655,36.816326530612244,28.276242692982205
72.38991596638655,37.6530612244898,28.27349682026102
72.38991596638655,38.48979591836735,28.270954682057532
72.38991596638655,39.3265306122449,28.268617554009342
72.38991596638655,40.16326530612245,28.266486545443875
72.38991596638655,41.0,28.26456240204004
73.13613445378151,0.0,28.59221125405222
73.13613445378151,0.8367346938775511,28.58001944973876
73.13613445378151,1.6734693877551021,28.56805207913456
73.13613445378151,2.510204081632653,28.55630699985441
73.13613445378151,3.3469387755102042,28.544783541037102
73.13613445378151,4.183673469387755,28.533481679564474
73.13613445378151,5.020408163265306,28.522401717560427
73.13613445378151,5.857142857142857,28.511543915492815
73.13613445378151,6.6938775510204085,28.500908535283816
73.13613445378151,7.530612244897959,28.49049597463324
73.13613445378151,8.36734693877551,28.48030471572711
73.13613445378151,9.204081632653061,28.470335146627725
73.13613445378151,10.040816326530612,28.460591366756653
73.13613445378151,10.877551020408164,28.45107496457826
73.13613445378151,11.714285714285714,28.44178751409416
73.13613445378151,12.551020408163264,28.432730126750688
73.13613445378151,13.387755102040817,28.42391638364136
73.13613445378151,14.224489795918368,28.415347387054073
73.13613445378151,15.061224489795919,28.40700542473729
73.13613445378151,15.897959183673468,28.398887314441104
73.13613445378151,16.73469387755102,28.39098935417545
73.13613445378151,17.57142857142857,28.383307694053013
73.13613445378151,18.408163265306122,28.37583868494243
73.13613445378151,19.244897959183675,28.368578734590816
73.13613445378151,20.081632653061224,28.36152434903177
73.13613445378151,20.918367346938776,28.354672473594626
73.13613445378151,21.75510204081633,28.348020561588942
73.13613445378151,22.591836734693874,28.341566901376304
73.13613445378151,23.428571428571427,28.335298111543786
73.13613445378151,24.26530612244898,28.329215745531844
73.13613445378151,25.10204081632653,28.323334399169898
73.13613445378151,25.93877551020408,28.317657419283805
73.13613445378151,26.775510204081634,28.31218848923009
73.13613445378151,27.612244897959183,28.306930849124168
73.13613445378151,28.448979591836736,28.301904867742113
73.13613445378151,29.285714285714285,28.297108535032432
73.13613445378151,30.122448979591837,28.29252494882413
73.13613445378151,30.95918367346939,28.2881518218912
73.13613445378151,31.795918367346935,28.28398632739468
73.13613445378151,32.63265306122449,28.28002574818841
73.13613445378151,33.46938775510204,28.276258900422626
73.13613445378151,34.30612244897959,28.272686535340515
73.13613445378151,35.14285714285714,28.26931545694474
73.13613445378151,35.97959183673469,28.266146077486077
73.13613445378151,36.816326530612244,28.26317929355434
73.13613445378151,37.6530612244898,28.260416269311072
73.13613445378151,38.48979591836735,28.25785828450093
73.13613445378151,39.3265306122449,28.255506609294265
73.13613445378151,40.16326530612245,28.253362349368683
73.13613445378151,41.0,28.251426247094123
73.88235294117648,0.0,28.57458700029764
73.88235294117648,0.8367346938775511,28.562340713206716
73.88235294117648,1.6734693877551021,28.550319958835566
73.88235294117648,2.510204081632653,28.538522592151192
73.88235294117648,3.3469387755102042,28.52694793499781
73.88235294117648,4.183673469387755,28.51559598725616
73.88235294117648,5.020408163265306,28.504467016345348
73.88235294117648,5.857142857142857,28.49356126144296
73.88235294117648,6.6938775510204085,28.482878996129713
73.88235294117648,7.530612244897959,28.472420594087335
73.88235294117648,8.36734693877551,28.46218454772749
73.88235294117648,9.204081632653061,28.45217123081906
73.88235294117648,10.040816326530612,28.44238468775764
73.88235294117648,10.877551020408164,28.432826488078973
73.88235294117648,11.714285714285714,28.423498166148605
73.88235294117648,12.551020408163264,28.414400816215142
73.88235294117648,13.387755102040817,28.40554786300981
73.88235294117648,14.224489795918368,28.396940384098652
73.88235294117648,15.061224489795919,28.388560839422908
73.88235294117648,15.897959183673468,28.38040606810097
73.88235294117648,16.73469387755102,28.372472398012487
73.88235294117648,17.57142857142857,28.364756008770158
73.88235294117648,18.408163265306122,28.357253272997237
73.88235294117648,19.244897959183675,28.3499606286466
73.88235294117648,20.081632653061224,28.342874607063216
73.88235294117648,20.918367346938776,28.33599217170135
73.88235294117648,21.75510204081633,28.329310793357187
73.88235294117648,22.591836734693874,28.322828767264596
73.88235294117648,23.428571428571427,28.31653284605173
73.88235294117648,24.26530612244898,28.310424552259214
73.88235294117648,25.10204081632653,28.30451831869119
73.88235294117648,25.93877551020408,28.298817440674505
73.88235294117648,26.775510204081634,28.2933255532946
73.88235294117648,27.612244897959183,28.28804585142589
73.88235294117648,28.448979591836736,28.28299847524187
73.88235294117648,29.285714285714285,28.278181428053376
73.88235294117648,30.122448979591837,28.273577979463173
73.88235294117648,30.95918367346939,28.269185858849337
73.88235294117648,31.795918367346935,28.26500225988824
73.88235294117648,32.63265306122449,28.26102449040523
73.88235294117648,33.46938775510204,28.257241476242882
73.88235294117648,34.30612244897959,28.253653961551603
73.88235294117648,35.14285714285714,28.250268663490285
73.88235294117648,35.97959183673469,28.247085985877128
73.88235294117648,36.816326530612244,28.244106811489978
73.88235294117648,37.6530612244898,28.24133228408165
73.88235294117648,38.48979591836735,28.238763666457295
73.88235294117648,39.3265306122449,28.236402209809548
73.88235294117648,40.16326530612245,28.234249004630612
73.88235294117648,41.0,28.232304782686086
74.62857142857143,0.0,28.559445979294548
74.62857142857143,0.8367346938775511,28.547137086287073
74.62857142857143,1.6734693877551021,28.5350548658065
74.62857142857143,2.510204081632653,28.523197220177057
74.62857142857143,3.3469387755102042,28.51156341636955
74.62857142857143,4.183673469387755,28.500153510555737
74.62857142857143,5.020408163265306,28.488967754958473
74.62857142857143,5.857142857142857,28.478006389408712
74.62857142857143,6.6938775510204085,28.467269683652887
74.62857142857143,7.530612244897959,28.456757999605934
74.62857142857143,8.36734693877551,28.44646984936347
74.62857142857143,9.204081632653061,28.436405589750976
74.62857142857143,10.040816326530612,28.42656923713939
74.62857142857143,10.877551020408164,28.416962345010955
74.62857142857143,11.714285714285714,28.407586429669966
74.62857142857143,12.551020408163264,28.398442572159187
74.62857142857143,13.387755102040817,28.389544097129914
74.62857142857143,14.224489795918368,28.38089207381358
74.62857142857143,15.061224489795919,28.37246907289542
74.62857142857143,15.897959183673468,28.364271945332977
74.62857142857143,16.73469387755102,28.356297037227485
74.62857142857143,17.57142857142857,28.348540542791856
74.62857142857143,18.408163265306122,28.340998853835174
74.62857142857143,19.244897959183675,28.33366842184911
74.62857142857143,20.081632653061224,28.326545793821975
74.62857142857143,20.918367346938776,28.31962794721735
74.62857142857143,21.75510204081633,28.31291235688504
74.62857142857143,22.591836734693874,28.30639732449132
74.62857142857143,23.428571428571427,28.30006967982478
74.62857142857143,24.26530612244898,28.293930929617094
74.62857142857143,25.10204081632653,28.287995398848732
74.62857142857143,25.93877551020408,28.282266353434608
74.62857142857143,26.775510204081634,28.276747398859218
74.62857142857143,27.612244897959183,28.27144169832981
74.62857142857143,28.448979591836736,28.26636925103705
74.62857142857143,29.285714285714285,28.26152806573322
74.62857142857143,30.122448979591837,28.256901518558422
74.62857142857143,30.95918367346939,28.252487345596787
74.62857142857143,31.795918367346935,28.248282756112804
74.62857142857143,32.63265306122449,28.24428506779669
74.62857142857143,33.46938775510204,28.240483273323107
74.62857142857143,34.30612244897959,28.23687810692277
74.62857142857143,35.14285714285714,28.233476237119937
74.62857142857143,35.97959183673469,28.23027805988801
74.62857142857143,36.816326530612244,28.227284446376174
74.62857142857143,37.6530612244898,28.224496530749178
74.62857142857143,38.48979591836735,28.2219155613085
74.62857142857143,39.3265306122449,28.21954277935466
74.62857142857143,40.16326530612245,28.21737926322135
74.62857142857143,41.0,28.21542573626767
75.37478991596639,0.0,28.546466494534936
75.37478991596639,0.8367346938775511,28.534079218641413
75.37478991596639,1.6734693877551021,28.521920492064798
75.37478991596639,2.510204081632653,28.50998819879508
75.37478991596639,3.3469387755102042,28.49828162328171
75.37478991596639,4.183673469387755,28.486800774688316
75.37478991596639,5.020408163265306,28.475545846476372
75.37478991596639,5.857142857142857,28.464517073638333
75.37478991596639,6.6938775510204085,28.453714676843898
75.37478991596639,7.530612244897959,28.443138978162587
75.37478991596639,8.36734693877551,28.432788458832647
75.37478991596639,9.204081632653061,28.422663440629186
75.37478991596639,10.040816326530612,28.412767922675542
75.37478991596639,10.877551020408164,28.403103375535416
75.37478991596639,11.714285714285714,28.393671288419455
75.37478991596639,12.551020408163264,28.384472714290144
75.37478991596639,13.387755102040817,28.375520878407986
75.37478991596639,14.224489795918368,28.36681681115259
75.37478991596639,15.061224489795919,28.358343165018535
75.37478991596639,15.897959183673468,28.350096782205508
75.37478991596639,16.73469387755102,28.34207401002985
75.37478991596639,17.57142857142857,28.334271047155987
75.37478991596639,18.408163265306122,28.326684285399022
75.37478991596639,19.244897959183675,28.319310182866577
75.37478991596639,20.081632653061224,28.312145287563776
75.37478991596639,20.918367346938776,28.30518657898508
75.37478991596639,21.75510204081633,28.298431538617766
75.37478991596639,22.591836734693874,28.291878457681776
75.37478991596639,23.428571428571427,28.285514235514203
75.37478991596639,24.26530612244898,28.279340351501144
75.37478991596639,25.10204081632653,28.273371041629776
75.37478991596639,25.93877551020408,28.267609543433938
75.37478991596639,26.775510204081634,28.262059428496944
75.37478991596639,27.612244897959183,28.25672383375501
75.37478991596639,28.448979591836736,28.251622632778474
75.37478991596639,29.285714285714285,28.246753838534666
75.37478991596639,30.122448979591837,28.242100911764997
75.37478991596639,30.95918367346939,28.237661594757387
75.37478991596639,31.795918367346935,28.2334331055812
75.37478991596639,32.63265306122449,28.229412768977753
75.37478991596639,33.46938775510204,28.225589637198674
75.37478991596639,34.30612244897959,28.221964433106756
75.37478991596639,35.14285714285714,28.21854378001913
75.37478991596639,35.97959183673469,28.215328066722876
75.37478991596639,36.816326530612244,28.21231815408903
75.37478991596639,37.6530612244898,28.209515164999317
75.37478991596639,38.48979591836735,28.206920337056786
75.37478991596639,39.3265306122449,28.20453489869436
75.37478991596639,40.16326530612245,28.202359919669025
75.37478991596639,41.0,28.20039611568388
76.12100840336134,0.0,28.533004009311806
76.12100840336134,0.8367346938775511,28.520558752942915
76.12100840336134,1.6734693877551021,28.50834328230884
76.12100840336134,2.510204081632653,28.49635542201979
76.12100840336134,3.3469387755102042,28.48459440981743
76.12100840336134,4.183673469387755,28.473060194721498
76.12100840336134,5.020408163265306,28.461752963866992
76.12100840336134,5.857142857142857,28.45067291663931
76.12100840336134,6.6938775510204085,28.439820256799827
76.12100840336134,7.530612244897959,28.42919530656116
76.12100840336134,8.36734693877551,28.418796542005055
76.12100840336134,9.204081632653061,28.408624300255948
76.12100840336134,10.040816326530612,28.39868249199672
76.12100840336134,10.877551020408164,28.388972617618712
76.12100840336134,11.714285714285714,28.37949613894401
76.12100840336134,12.551020408163264,28.370254095474465
76.12100840336134,13.387755102040817,28.361259610875905
76.12100840336134,14.224489795918368,28.352513707180925
76.12100840336134,15.061224489795919,28.343999146106754
76.12100840336134,15.897959183673468,28.335712800031427
76.12100840336134,16.73469387755102,28.327651032262168
76.12100840336134,17.57142857142857,28.319810061355167
76.12100840336134,18.408163265306122,28.312186300785775
76.12100840336134,19.244897959183675,28.304776232656465
76.12100840336134,20.081632653061224,28.29757642015914
76.12100840336134,20.918367346938776,28.29058386221889
76.12100840336134,21.75510204081633,28.283796047611897
76.12100840336134,22.591836734693874,28.277211280036255
76.12100840336134,23.428571428571427,28.270816542315234
76.12100840336134,24.26530612244898,28.26461330275511
76.12100840336134,25.10204081632653,28.258615688526643
76.12100840336134,25.93877551020408,28.252826909182595
76.12100840336134,26.775510204081634,28.247250508043305
76.12100840336134,27.612244897959183,28.241889594422226
76.12100840336134,28.448979591836736,28.236763898619753
76.12100840336134,29.285714285714285,28.231871443077466
76.12100840336134,30.122448979591837,28.227195800372588
76.12100840336134,30.95918367346939,28.22273472727702
76.12100840336134,31.795918367346935,28.21848545445444
76.12100840336134,32.63265306122449,28.214445323549658
76.12100840336134,33.46938775510204,28.21060345820322
76.12100840336134,34.30612244897959,28.206960573324142
76.12100840336134,35.14285714285714,28.203523242310855
76.12100840336134,35.97959183673469,28.20029184738836
76.12100840336134,36.816326530612244,28.19726724023628
76.12100840336134,37.6530612244898,28.19445053263668
76.12100840336134,38.48979591836735,28.191842950440787
76.12100840336134,39.3265306122449,28.18944571091755
76.12100840336134,40.16326530612245,28.187259872508694
76.12100840336134,41.0,28.185286143788666
76.8672268907563,0.0,28.517129962252568
76.8672268907563,0.8367346938775511,28.504623435970984
76.8672268907563,1.6734693877551021,28.49234793248734
76.8672268907563,2.510204081632653,28.48030130315339
76.8672268907563,3.3469387755102042,28.468482818022917
76.8672268907563,4.183673469387755,28.45689242519047
76.8672268907563,5.020408163265306,28.445530313512478
76.8672268907563,5.857142857142857,28.434396666821165
76.8672268907563,6.6938775510204085,28.42349168175512
76.8672268907563,7.530612244897959,28.41281567000955
76.8672268907563,8.36734693877551,28.40236710129858
76.8672268907563,9.204081632653061,28.392146301404214
76.8672268907563,10.040816326530612,28.382157123819507
76.8672268907563,10.877551020408164,28.372401074908762
76.8672268907563,11.714285714285714,28.36287958144304
76.8672268907563,12.551020408163264,28.35359365984457
76.8672268907563,13.387755102040817,28.34455634763328
76.8672268907563,14.224489795918368,28.33576865368697
76.8672268907563,15.061224489795919,28.327213411734483
76.8672268907563,15.897959183673468,28.318887499967165
76.8672268907563,16.73469387755102,28.310787288307704
76.8672268907563,17.57142857142857,28.30290900402355
76.8672268907563,18.408163265306122,28.295249069882907
76.8672268907563,19.244897959183675,28.287803968385127
76.8672268907563,20.081632653061224,28.28057027420807
76.8672268907563,20.918367346938776,28.273544986582724
76.8672268907563,21.75510204081633,28.266725598004818
76.8672268907563,22.591836734693874,28.26011040966112
76.8672268907563,23.428571428571427,28.253686466151745
76.8672268907563,24.26530612244898,28.24745521711541
76.8672268907563,25.10204081632653,28.24143069371454
76.8672268907563,25.93877551020408,28.23561607729373
76.8672268907563,26.775510204081634,28.230014877554137
76.8672268907563,27.612244897959183,28.22463017681127
76.8672268907563,28.448979591836736,28.219481579878362
76.8672268907563,29.285714285714285,28.214567108452183
76.8672268907563,30.122448979591837,28.209870424267447
76.8672268907563,30.95918367346939,28.205389285738296
76.8672268907563,31.795918367346935,28.201120932543397
76.8672268907563,32.63265306122449,28.197062714134944
76.8672268907563,33.46938775510204,28.193203810509992
76.8672268907563,34.30612244897959,28.189544925721712
76.8672268907563,35.14285714285714,28.186092587925657
76.8672268907563,35.97959183673469,28.18284717174814
76.8672268907563,36.816326530612244,28.17980951796281
76.8672268907563,37.6530612244898,28.176980727103903
76.8672268907563,38.48979591836735,28.17436201338554
76.8672268907563,39.3265306122449,28.17195458197629
76.8672268907563,40.16326530612245,28.169759482892403
76.8672268907563,41.0,28.167777416241652
77.61344537815127,0.0,28.503158689666535
77.61344537815127,0.8367346938775511,28.490601005107553
77.61344537815127,1.6734693877551021,28.478275236457737
77.61344537815127,2.510204081632653,28.46617923736879
77.61344537815127,3.3469387755102042,28.454312245695757
77.61344537815127,4.183673469387755,28.44267423104038
77.61344537815127,5.020408163265306,28.431265357422387
77.61344537815127,5.857142857142857,28.4200858134656
77.61344537815127,6.6938775510204085,28.409135782980048
77.61344537815127,7.530612244897959,28.39841556997424
77.61344537815127,8.36734693877551,28.387923662174515
77.61344537815127,9.204081632653061,28.377660358765723
77.61344537815127,10.040816326530612,28.367629510710973
77.61344537815127,10.877551020408164,28.357832575967638
77.61344537815127,11.714285714285714,28.34827098558849
77.61344537815127,12.551020408163264,28.33894573845211
77.61344537815127,13.387755102040817,28.329869760944057
77.61344537815127,14.224489795918368,28.321044045999294
77.61344537815127,15.061224489795919,28.312451577506078
77.61344537815127,15.897959183673468,28.304089253499956
77.61344537815127,16.73469387755102,28.295953470855096
77.61344537815127,17.57142857142857,28.28804048377884
77.61344537815127,18.408163265306122,28.280346741075366
77.61344537815127,19.244897959183675,28.272868750258233
77.61344537815127,20.081632653061224,28.26560311023785
77.61344537815127,20.918367346938776,28.258546841427968
77.61344537815127,21.75510204081633,28.25169745477969
77.61344537815127,22.591836734693874,28.245053257305866
77.61344537815127,23.428571428571427,28.238601395981455
77.61344537815127,24.26530612244898,28.232343304050307
77.61344537815127,25.10204081632653,28.22629289484825
77.61344537815127,25.93877551020408,28.22045332021021
77.61344537815127,26.775510204081634,28.214828057502398
77.61344537815127,27.612244897959183,28.209420159707914
77.61344537815127,28.448979591836736,28.204249070705867
77.61344537815127,29.285714285714285,28.19931282546659
77.61344537815127,30.122448979591837,28.194595213253294
77.61344537815127,30.95918367346939,28.190094007544005
77.61344537815127,31.795918367346935,28.18580646689986
77.61344537815127,32.63265306122449,28.18172995733401
77.61344537815127,33.46938775510204,28.17785374400774
77.61344537815127,34.30612244897959,28.17417852021316
77.61344537815127,35.14285714285714,28.1707107590653
77.61344537815127,35.97959183673469,28.167450827864847
77.61344537815127,36.816326530612244,28.16439955850623
77.61344537815127,37.6530612244898,28.161558039034432
77.61344537815127,38.48979591836735,28.1589274704471
77.61344537815127,39.3265306122449,28.156509046379703
77.61344537815127,40.16326530612245,28.154303804709457
77.61344537815127,41.0,28.152312436669035
78.35966386554622,0.0,28.490807566030362
78.35966386554622,0.8367346938775511,28.478179646404154
78.35966386554622,1.6734693877551021,28.465785196337077
78.35966386554622,2.510204081632653,28.453622090508397
78.35966386554622,3.3469387755102042,28.441689552548798
78.35966386554622,4.183673469387755,28.42998751851999
78.35966386554622,5.020408163265306,28.41851615703604
78.35966386554622,5.857142857142857,28.407275616182574
78.35966386554622,6.6938775510204085,28.396266055760197
78.35966386554622,7.530612244897959,28.3854877638258
78.35966386554622,8.36734693877551,28.374939210317784
78.35966386554622,9.204081632653061,28.364620673726172
78.35966386554622,10.040816326530612,28.35453595313578
78.35966386554622,10.877551020408164,28.344686473518774
78.35966386554622,11.714285714285714,28.33507363480323
78.35966386554622,12.551020408163264,28.325698414791756
78.35966386554622,13.387755102040817,28.31657363774085
78.35966386554622,14.224489795918368,28.307700267241774
78.35966386554622,15.061224489795919,28.299061378270252
78.35966386554622,15.897959183673468,28.290653871311342
78.35966386554622,16.73469387755102,28.282474147281683
78.35966386554622,17.57142857142857,28.274518471684676
78.35966386554622,18.408163265306122,28.266783300021444
78.35966386554622,19.244897959183675,28.259265146086392
78.35966386554622,20.081632653061224,28.251960617172504
78.35966386554622,20.918367346938776,28.244866739097862
78.35966386554622,21.75510204081633,28.237981024476014
78.35966386554622,22.591836734693874,28.231301782070346
78.35966386554622,23.428571428571427,28.22481622760717
78.35966386554622,24.26530612244898,28.218525773570928
78.35966386554622,25.10204081632653,28.212444234176505
78.35966386554622,25.93877551020408,28.206574728530565
78.35966386554622,26.775510204081634,28.20092070312357
78.35966386554622,27.612244897959183,28.195485181909024
78.35966386554622,28.448979591836736,28.19028747390915
78.35966386554622,29.285714285714285,28.185325619350795
78.35966386554622,30.122448979591837,28.18058350132213
78.35966386554622,30.95918367346939,28.176058900238214
78.35966386554622,31.795918367346935,28.171749084602006
78.35966386554622,32.63265306122449,28.167651430417084
78.35966386554622,33.46938775510204,28.163755263402898
78.35966386554622,34.30612244897959,28.160061268838774
78.35966386554622,35.14285714285714,28.156575870284065
78.35966386554622,35.97959183673469,28.153299427777494
78.35966386554622,36.816326530612244,28.15023276266992
78.35966386554622,37.6530612244898,28.14737695138478
78.35966386554622,38.48979591836735,28.14473318254979
78.35966386554622,39.3265306122449,28.142302638026226
78.35966386554622,40.16326530612245,28.140086345412882
78.35966386554622,41.0,28.138084989035033
79.10588235294118,0.0,28.476474649584002
79.10588235294118,0.8367346938775511,28.46377835322718
79.10588235294118,1.6734693877551021,28.451316996470588
79.10588235294118,2.510204081632653,28.43908843711961
79.10588235294118,3.3469387755102042,28.427091900164893
79.10588235294118,4.183673469387755,28.415327319283765
79.10588235294118,5.020408163265306,28.403794826192946
79.10588235294118,5.857142857142857,28.392494585862032
79.10588235294118,6.6938775510204085,28.381426693515913
79.10588235294118,7.530612244897959,28.37059145162948
79.10588235294118,8.36734693877551,28.359987313863467
79.10588235294118,9.204081632653061,28.349614544878115
79.10588235294118,10.040816326530612,28.339476901368695
79.10588235294118,10.877551020408164,28.329575808124304
79.10588235294118,11.714285714285714,28.319912625429097
79.10588235294118,12.551020408163264,28.310488324348043
79.10588235294118,13.387755102040817,28.301315645888188
79.10588235294118,14.224489795918368,28.29239553697415
79.10588235294118,15.061224489795919,28.28371114648988
79.10588235294118,15.897959183673468,28.275259368925028
79.10588235294118,16.73469387755102,28.267036617042354
79.10588235294118,17.57142857142857,28.259039158741544
79.10588235294118,18.408163265306122,28.25126345567378
79.10588235294118,19.244897959183675,28.243706032247136
79.10588235294118,20.081632653061224,28.236363499944282
79.10588235294118,20.918367346938776,28.229232889446607
79.10588235294118,21.75510204081633,28.22231171658402
79.10588235294118,22.591836734693874,28.215598288259585
79.10588235294118,23.428571428571427,28.209079876239297
79.10588235294118,24.26530612244898,28.20275787572895
79.10588235294118,25.10204081632653,28.196646025399215
79.10588235294118,25.93877551020408,28.19074742170536
79.10588235294118,26.775510204081634,28.18506548343
79.10588235294118,27.612244897959183,28.179603211167315
79.10588235294118,28.448979591836736,28.17437981037363
79.10588235294118,29.285714285714285,28.16939332243682
79.10588235294118,30.122448979591837,28.164627704389
79.10588235294118,30.95918367346939,28.160080740793937
79.10588235294118,31.795918367346935,28.155749706168663
79.10588235294118,32.63265306122449,28.151631986619083
79.10588235294118,33.46938775510204,28.147716954839986
79.10588235294118,34.30612244897959,28.144005286918517
79.10588235294118,35.14285714285714,28.140503368906323
79.10588235294118,35.97959183673469,28.137211555411866
79.10588235294118,36.816326530612244,28.134130659631477
79.10588235294118,37.6530612244898,28.131261745046782
79.10588235294118,38.48979591836735,28.128605991923706
79.10588235294118,39.3265306122449,28.126164573364925
79.10588235294118,40.16326530612245,28.12393850705106
79.10588235294118,41.0,28.121928471315176
79.85210084033613,0.0,28.462337990798957
79.85210084033613,0.8367346938775511,28.44958490141205
79.85210084033613,1.6734693877551021,28.43706799520757
79.85210084033613,2.510204081632653,28.424785128805862
79.85210084033613,3.3469387755102042,28.412735504325948
79.85210084033613,4.183673469387755,28.400919046398478
79.85210084033613,5.020408163265306,28.389335852999892
79.85210084033613,5.857142857142857,28.377986049359468
79.85210084033613,6.6938775510204085,28.366869769673052
79.85210084033613,7.530612244897959,28.355987251326866
79.85210084033613,8.36734693877551,28.345336952965173
79.85210084033613,9.204081632653061,28.334919113470967
79.85210084033613,10.040816326530612,28.324737469302118
79.85210084033613,10.877551020408164,28.31479339393547
79.85210084033613,11.714285714285714,28.305088240680636
79.85210084033613,12.551020408163264,28.295622940948665
79.85210084033613,13.387755102040817,28.286410148699513
79.85210084033613,14.224489795918368,28.27745077528018
79.85210084033613,15.061224489795919,28.2687280822748
79.85210084033613,15.897959183673468,28.26023897705422
79.85210084033613,16.73469387755102,28.25197987980953
79.85210084033613,17.57142857142857,28.24394707312348
79.85210084033613,18.408163265306122,28.236137038199757
79.85210084033613,19.244897959183675,28.22854630478733
79.85210084033613,20.081632653061224,28.221171504207128
79.85210084033613,20.918367346938776,28.214009673549356
79.85210084033613,21.75510204081633,28.207058337407076
79.85210084033613,22.591836734693874,28.200315805213098
79.85210084033613,23.428571428571427,28.193769429877563
79.85210084033613,24.26530612244898,28.187420588443967
79.85210084033613,25.10204081632653,28.1812829098893
79.85210084033613,25.93877551020408,28.175359460633718
79.85210084033613,26.775510204081634,28.169653628307117
79.85210084033613,27.612244897959183,28.164168381835307
79.85210084033613,28.448979591836736,28.158922781169284
79.85210084033613,29.285714285714285,28.15391487642188
79.85210084033613,30.122448979591837,28.14912873078345
79.85210084033613,30.95918367346939,28.14456213483577
79.85210084033613,31.795918367346935,28.14021238235324
79.85210084033613,32.63265306122449,28.136076867374506
79.85210084033613,33.46938775510204,28.13214503388611
79.85210084033613,34.30612244897959,28.128417547037778
79.85210084033613,35.14285714285714,28.124900742559404
79.85210084033613,35.97959183673469,28.121594967037005
79.85210084033613,36.816326530612244,28.118501021565873
79.85210084033613,37.6530612244898,28.11561996081063
79.85210084033613,38.48979591836735,28.112952951245873
79.85210084033613,39.3265306122449,28.11050115330439
79.85210084033613,40.16326530612245,28.108265576184415
79.85210084033613,41.0,28.106246886076764
80.59831932773109,0.0,28.448920466415913
80.59831932773109,0.8367346938775511,28.43611130943109
80.59831932773109,1.6734693877551021,28.423539531521904
80.59831932773109,2.510204081632653,28.411202933814998
80.59831932773109,3.3469387755102042,28.399100703605637
80.59831932773109,4.183673469387755,28.38723272876866
80.59831932773109,5.020408163265306,28.37559909194637
80.59831932773109,5.857142857142857,28.364199917229417
80.59831932773109,6.6938775510204085,28.353035308918017
80.59831932773109,7.530612244897959,28.34210551354305
80.59831932773109,8.36734693877551,28.331408968009903
80.59831932773109,9.204081632653061,28.320945925750856
80.59831932773109,10.040816326530612,28.310720071565733
80.59831932773109,10.877551020408164,28.300732772259302
80.59831932773109,11.714285714285714,28.290985364797493
80.59831932773109,12.551020408163264,28.281478769556088
80.59831932773109,13.387755102040817,28.27222554569726
80.59831932773109,14.224489795918368,28.26322660802214
80.59831932773109,15.061224489795919,28.254465301313346
80.59831932773109,15.897959183673468,28.24593854339853
80.59831932773109,16.73469387755102,28.237642770840992
80.59831932773109,17.57142857142857,28.22957427955276
80.59831932773109,18.408163265306122,28.221729560780243
80.59831932773109,19.244897959183675,28.21410516143198
80.59831932773109,20.081632653061224,28.206697719199887
80.59831932773109,20.918367346938776,28.19950428430669
80.59831932773109,21.75510204081633,28.192522388045635
80.59831932773109,22.591836734693874,28.185750337931122
80.59831932773109,23.428571428571427,28.1791755569698
80.59831932773109,24.26530612244898,28.172799402958418
80.59831932773109,25.10204081632653,28.16663541961296
80.59831932773109,25.93877551020408,28.16068664534838
80.59831932773109,26.775510204081634,28.154956438638767
80.59831932773109,27.612244897959183,28.14944774872565
80.59831932773109,28.448979591836736,28.144179513701133
80.59831932773109,29.285714285714285,28.139149787327906
80.59831932773109,30.122448979591837,28.134342724486004
80.59831932773109,30.95918367346939,28.129756124743725
80.59831932773109,31.795918367346935,28.125387287844966
80.59831932773109,32.63265306122449,28.121233619449843
80.59831932773109,33.46938775510204,28.117284621575415
80.59831932773109,34.30612244897959,28.11354094840383
80.59831932773109,35.14285714285714,28.11000889579688
80.59831932773109,35.97959183673469,28.106688803481976
80.59831932773109,36.816326530612244,28.10358146346672
80.59831932773109,37.6530612244898,28.10068792084839
80.59831932773109,38.48979591836735,28.09800933054963
80.59831932773109,39.3265306122449,28.095546843779662
80.59831932773109,40.16326530612245,28.093301458868755
80.59831932773109,41.0,28.09127383884504
81.34453781512606,0.0,28.435749424296596
81.34453781512606,0.8367346938775511,28.422880636899915
81.34453781512606,1.6734693877551021,28.410250543850072
81.34453781512606,2.510204081632653,28.397856963931446
81.34453781512606,3.3469387755102042,28.385699081839526
81.34453781512606,4.183673469387755,28.373776762060903
81.34453781512606,5.020408163265306,28.36209008474475
81.34453781512606,5.857142857142857,28.35063913418514
81.34453781512606,6.6938775510204085,28.339423996375878
81.34453781512606,7.530612244897959,28.328444881521875
81.34453781512606,8.36734693877551,28.31770024533955
81.34453781512606,9.204081632653061,28.307190279744084
81.34453781512606,10.040816326530612,28.29691863551427
81.34453781512606,10.877551020408164,28.2868866518852
81.34453781512606,11.714285714285714,28.277095639437956
81.34453781512606,12.551020408163264,28.26754648217305
81.34453781512606,13.387755102040817,28.258251630307555
81.34453781512606,14.224489795918368,28.249211973840822
81.34453781512606,15.061224489795919,28.240410959503333
81.34453781512606,15.897959183673468,28.231845518746738
81.34453781512606,16.73469387755102,28.22351209853059
81.34453781512606,17.57142857142857,28.215407009247436
81.34453781512606,18.408163265306122,28.207526748588275
81.34453781512606,19.244897959183675,28.199867880454644
81.34453781512606,20.081632653061224,28.19242705521685
81.34453781512606,20.918367346938776,28.185201331951244
81.34453781512606,21.75510204081633,28.178188248085814
81.34453781512606,22.591836734693874,28.1713861145545
81.34453781512606,23.428571428571427,28.164782437442284
81.34453781512606,24.26530612244898,28.158378551493968
81.34453781512606,25.10204081632653,28.152187891633996
81.34453781512606,25.93877551020408,28.146213461085434
81.34453781512606,26.775510204081634,28.14045858494193
81.34453781512606,27.612244897959183,28.134926178625744
81.34453781512606,28.448979591836736,28.129635030607925
81.34453781512606,29.285714285714285,28.12458320091165
81.34453781512606,30.122448979591837,28.119754955661676
81.34453781512606,30.95918367346939,28.115148103221998
81.34453781512606,31.795918367346935,28.110759957886113
81.34453781512606,32.63265306122449,28.106587937593943
81.34453781512606,33.46938775510204,28.10262161789579
81.34453781512606,34.30612244897959,28.09886164353301
81.34453781512606,35.14285714285714,28.09531425568748
81.34453781512606,35.97959183673469,28.091979784881012
81.34453781512606,36.816326530612244,28.08885901624608
81.34453781512606,37.6530612244898,28.08595297805858
81.34453781512606,38.48979591836735,28.08326281448085
81.34453781512606,39.3265306122449,28.080789662756352
81.34453781512606,40.16326530612245,28.07853451059266
81.34453781512606,41.0,28.076498012602148
82.09075630252102,0.0,28.4234378637731
82.09075630252102,0.8367346938775511,28.410506152052587
82.09075630252102,1.6734693877551021,28.397814383292985
82.09075630252102,2.510204081632653,28.38536039230649
82.09075630252102,3.3469387755102042,28.37314333893705
82.09075630252102,4.183673469387755,28.36116307866304
82.09075630252102,5.020408163265306,28.34941967900594
82.09075630252102,5.857142857142857,28.337913225131704
82.09075630252102,6.6938775510204085,28.326643787126255
82.09075630252102,7.530612244897959,28.315611576524955
82.09075630252102,8.36734693877551,28.30481503168341
82.09075630252102,9.204081632653061,28.29425435393686
82.09075630252102,10.040816326530612,28.283933162331262
82.09075630252102,10.877551020408164,28.273852760968488
82.09075630252102,11.714285714285714,28.264014451172386
82.09075630252102,12.551020408163264,28.25441910376822
82.09075630252102,13.387755102040817,28.245079091578784
82.09075630252102,14.224489795918368,28.235995287962282
82.09075630252102,15.061224489795919,28.22715122871374
82.09075630252102,15.897959183673468,28.21854384275661
82.09075630252102,16.73469387755102,28.210169588852203
82.09075630252102,17.57142857142857,28.202024796275307
82.09075630252102,18.408163265306122,28.194105971023877
82.09075630252102,19.244897959183675,28.18640968464283
82.09075630252102,20.081632653061224,28.178932598434407
82.09075630252102,20.918367346938776,28.17167178501678
82.09075630252102,21.75510204081633,28.16462477572352
82.09075630252102,22.591836734693874,28.157789893518657
82.09075630252102,23.428571428571427,28.151154702758515
82.09075630252102,24.26530612244898,28.14472052798033
82.09075630252102,25.10204081632653,28.13850071114507
82.09075630252102,25.93877551020408,28.132498241908575
82.09075630252102,26.775510204081634,28.126716413834178
82.09075630252102,27.612244897959183,28.12115812080258
82.09075630252102,28.448979591836736,28.115842040551463
82.09075630252102,29.285714285714285,28.110766237212022
82.09075630252102,30.122448979591837,28.10591505744801
82.09075630252102,30.95918367346939,28.10128631690388
82.09075630252102,31.795918367346935,28.096877337703415
82.09075630252102,32.63265306122449,28.092685545195028
82.09075630252102,33.46938775510204,28.088700573855515
82.09075630252102,34.30612244897959,28.08492305124107
82.09075630252102,35.14285714285714,28.081359185054016
82.09075630252102,35.97959183673469,28.078009301790722
82.09075630252102,36.816326530612244,28.07487416773367
82.09075630252102,37.6530612244898,28.07195480923395
82.09075630252102,38.48979591836735,28.069252357664126
82.09075630252102,39.3265306122449,28.066767941596755
82.09075630252102,40.16326530612245,28.064502538438227
82.09075630252102,41.0,28.062456797016456
82.83697478991597,0.0,28.409838767947637
82.83697478991597,0.8367346938775511,28.396855893247054
82.83697478991597,1.6734693877551021,28.384114088836785
82.83697478991597,2.510204081632653,28.371611193151878
82.83697478991597,3.3469387755102042,28.359346341500984
82.83697478991597,4.183673469387755,28.34731939314169
82.83697478991597,5.020408163265306,28.335530386917124
82.83697478991597,5.857142857142857,28.32397937530624
82.83697478991597,6.6938775510204085,28.312666425670493
82.83697478991597,7.530612244897959,28.301591711793364
82.83697478991597,8.36734693877551,28.29075367839903
82.83697478991597,9.204081632653061,28.28015250220729
82.83697478991597,10.040816326530612,28.269791756246324
82.83697478991597,10.877551020408164,28.25967274265736
82.83697478991597,11.714285714285714,28.249796703760083
82.83697478991597,12.551020408163264,28.240164514517843
82.83697478991597,13.387755102040817,28.230788433289785
82.83697478991597,14.224489795918368,28.221669314155015
82.83697478991597,15.061224489795919,28.212790793028553
82.83697478991597,15.897959183673468,28.20414981990619
82.83697478991597,16.73469387755102,28.19574285839263
82.83697478991597,17.57142857142857,28.18756624338222
82.83697478991597,18.408163265306122,28.17961650200041
82.83697478991597,19.244897959183675,28.171890215848933
82.83697478991597,20.081632653061224,28.16438405675202
82.83697478991597,20.918367346938776,28.15709510329513
82.83697478991597,21.75510204081633,28.150020903354253
82.83697478991597,22.591836734693874,28.14315977018979
82.83697478991597,23.428571428571427,28.136499346593222
82.83697478991597,24.26530612244898,28.130040939067943
82.83697478991597,25.10204081632653,28.12379778779043
82.83697478991597,25.93877551020408,28.117772846003835
82.83697478991597,26.775510204081634,28.111969382472605
82.83697478991597,27.612244897959183,28.10639025825923
82.83697478991597,28.448979591836736,28.101054012493602
82.83697478991597,29.285714285714285,28.095958717209147
82.83697478991597,30.122448979591837,28.09108882041675
82.83697478991597,30.95918367346939,28.08644214529759
82.83697478991597,31.795918367346935,28.08201603124001
82.83697478991597,32.63265306122449,28.07780791260992
82.83697478991597,33.46938775510204,28.073807485049176
82.83697478991597,34.30612244897959,28.07001537481208
82.83697478991597,35.14285714285714,28.066437736406947
82.83697478991597,35.97959183673469,28.063074884992613
82.83697478991597,36.816326530612244,28.059927585975263
82.83697478991597,37.6530612244898,28.056996849478626
82.83697478991597,38.48979591836735,28.054283796474195
82.83697478991597,39.3265306122449,28.051789539780426
82.83697478991597,40.16326530612245,28.049515056024145
82.83697478991597,41.0,28.047460977632515
83.58319327731093,0.0,28.39632268954467
83.58319327731093,0.8367346938775511,28.38328655109033
83.58319327731093,1.6734693877551021,28.370492645834112
83.58319327731093,2.510204081632653,28.357938805101778
83.58319327731093,3.3469387755102042,28.345624161722927
83.58319327731093,4.183673469387755,28.333548552005603
83.58319327731093,5.020408163265306,28.321711991912117
83.58319327731093,5.857142857142857,28.310114534689877
83.58319327731093,6.6938775510204085,28.298756209242168
83.58319327731093,7.530612244897959,28.287637172076938
83.58319327731093,8.36734693877551,28.27675587646959
83.58319327731093,9.204081632653061,28.26611247084939
83.58319327731093,10.040816326530612,28.25571048806266
83.58319327731093,10.877551020408164,28.245551159184956
83.58319327731093,11.714285714285714,28.235635749485727
83.58319327731093,12.551020408163264,28.225965083464022
83.58319327731093,13.387755102040817,28.216551287733186
83.58319327731093,14.224489795918368,28.207395195053692
83.58319327731093,15.061224489795919,28.198480585875544
83.58319327731093,15.897959183673468,28.189804421609384
83.58319327731093,16.73469387755102,28.181363188609506
83.58319327731093,17.57142857142857,28.17315323884807
83.58319327731093,18.408163265306122,28.165171129212474
83.58319327731093,19.244897959183675,28.157413452479155
83.58319327731093,20.081632653061224,28.149876905599257
83.58319327731093,20.918367346938776,28.142558577108126
83.58319327731093,21.75510204081633,28.135456029637332
83.58319327731093,22.591836734693874,28.12856757961566
83.58319327731093,23.428571428571427,28.121880978279943
83.58319327731093,24.26530612244898,28.115397505822187
83.58319327731093,25.10204081632653,28.10913026480138
83.58319327731093,25.93877551020408,28.103082167310077
83.58319327731093,26.775510204081634,28.09725644008087
83.58319327731093,27.612244897959183,28.091655902945863
83.58319327731093,28.448979591836736,28.086298910806534
83.58319327731093,29.285714285714285,28.081183543309134
83.58319327731093,30.122448979591837,28.076294389429503
83.58319327731093,30.95918367346939,28.071629287011703
83.58319327731093,31.795918367346935,28.067185587465456
83.58319327731093,32.63265306122449,28.062960747727338
83.58319327731093,33.46938775510204,28.05894455471792
83.58319327731093,34.30612244897959,28.055137620533312
83.58319327731093,35.14285714285714,28.051546032189396
83.58319327731093,35.97959183673469,28.04817009914495
83.58319327731093,36.816326530612244,28.045010571224413
83.58319327731093,37.6530612244898,28.042068443420625
83.58319327731093,38.48979591836735,28.039344820928225
83.58319327731093,39.3265306122449,28.0368408041125
83.58319327731093,40.16326530612245,28.034557348033257
83.58319327731093,41.0,28.032495083940386
84.32941176470588,0.0,28.382014707626926
84.32941176470588,0.8367346938775511,28.368937553280364
84.32941176470588,1.6734693877551021,28.35610343821779
84.32941176470588,2.510204081632653,28.34351019688779
84.32941176470588,3.3469387755102042,28.331156973366006
84.32941176470588,4.183673469387755,28.31904358133594
84.32941176470588,5.020408163265306,28.307170029187997
84.32941176470588,5.857142857142857,28.295536351517484
84.32941176470588,6.6938775510204085,28.284142574847664
84.32941176470588,7.530612244897959,28.27298883181762
84.32941176470588,8.36734693877551,28.262073575029543
84.32941176470588,9.204081632653061,28.25139694323621
84.32941176470588,10.040816326530612,28.24096240379172
84.32941176470588,10.877551020408164,28.230771194805346
84.32941176470588,11.714285714285714,28.220824527491075
84.32941176470588,12.551020408163264,28.21112321101705
84.32941176470588,13.387755102040817,28.20167924259252
84.32941176470588,14.224489795918368,28.19249343793399
84.32941176470588,15.061224489795919,28.183549729075068
84.32941176470588,15.897959183673468,28.17484509552477
84.32941176470588,16.73469387755102,28.16637605246132
84.32941176470588,17.57142857142857,28.158138982179082
84.32941176470588,18.408163265306122,28.150130455559147
84.32941176470588,19.244897959183675,28.14234709867819
84.32941176470588,20.081632653061224,28.134785626476443
84.32941176470588,20.918367346938776,28.127443151882293
84.32941176470588,21.75510204081633,28.120317250603794
84.32941176470588,22.591836734693874,28.11340624656222
84.32941176470588,23.428571428571427,28.10669800331147
84.32941176470588,24.26530612244898,28.100193779177815
84.32941176470588,25.10204081632653,28.09390654302788
84.32941176470588,25.93877551020408,28.087839170144843
84.32941176470588,26.775510204081634,28.081994849053583
84.32941176470588,27.612244897959183,28.076376371688458
84.32941176470588,28.448979591836736,28.071001905820523
84.32941176470588,29.285714285714285,28.065869544093186
84.32941176470588,30.122448979591837,28.06096402115445
84.32941176470588,30.95918367346939,28.056283189026875
84.32941176470588,31.795918367346935,28.051824419800855
84.32941176470588,32.63265306122449,28.047585189244064
84.32941176470588,33.46938775510204,28.043555376053412
84.32941176470588,34.30612244897959,28.039735582395256
84.32941176470588,35.14285714285714,28.03613183274876
84.32941176470588,35.97959183673469,28.032744428207884
84.32941176470588,36.816326530612244,28.02957410759228
84.32941176470588,37.6530612244898,28.02662185280546
84.32941176470588,38.48979591836735,28.02388875432724
84.32941176470588,39.3265306122449,28.0213758981743
84.32941176470588,40.16326530612245,28.019084227823498
84.32941176470588,41.0,28.01701436333723
85.07563025210085,0.0,28.37147053045225
85.07563025210085,0.8367346938775511,28.358300113847786
85.07563025210085,1.6734693877551021,28.34537473187157
85.07563025210085,2.510204081632653,28.332692207041212
85.07563025210085,3.3469387755102042,28.320251667932304
85.07563025210085,4.183673469387755,28.30805291196251
85.07563025210085,5.020408163265306,28.29609595721695
85.07563025210085,5.857142857142857,28.284380814682976
85.07563025210085,6.6938775510204085,28.272907515875556
85.07563025210085,7.530612244897959,28.26167618191527
85.07563025210085,8.36734693877551,28.25068524543939
85.07563025210085,9.204081632653061,28.239934844885507
85.07563025210085,10.040816326530612,28.229428451544155
85.07563025210085,10.877551020408164,28.219167292013914
85.07563025210085,11.714285714285714,28.209152567460887
85.07563025210085,12.551020408163264,28.199385079941017
85.07563025210085,13.387755102040817,28.189876847987424
85.07563025210085,14.224489795918368,28.180628671608083
85.07563025210085,15.061224489795919,28.171624424130965
85.07563025210085,15.897959183673468,28.162861068034886
85.07563025210085,16.73469387755102,28.154335094726555
85.07563025210085,17.57142857142857,28.14604287047148
85.07563025210085,18.408163265306122,28.137980946578853
85.07563025210085,19.244897959183675,28.130145926710384
85.07563025210085,20.081632653061224,28.12253451345537
85.07563025210085,20.918367346938776,28.115143803585532
85.07563025210085,21.75510204081633,28.107971357298773
85.07563025210085,22.591836734693874,28.101015485890493
85.07563025210085,23.428571428571427,28.09426402275487
85.07563025210085,24.26530612244898,28.087718220352208
85.07563025210085,25.10204081632653,28.081391063942814
85.07563025210085,25.93877551020408,28.07528542781292
85.07563025210085,26.775510204081634,28.069404495735636
85.07563025210085,27.612244897959183,28.063751055132506
85.07563025210085,28.448979591836736,28.058343297531977
85.07563025210085,29.285714285714285,28.05317930221813
85.07563025210085,30.122448979591837,28.048243768294217
85.07563025210085,30.95918367346939,28.043534537065515
85.07563025210085,31.795918367346935,28.03904897007366
85.07563025210085,32.63265306122449,28.03478453208693
85.07563025210085,33.46938775510204,28.030731080827398
85.07563025210085,34.30612244897959,28.02688921416658
85.07563025210085,35.14285714285714,28.023264960721622
85.07563025210085,35.97959183673469,28.019858617921923
85.07563025210085,36.816326530612244,28.016670921516692
85.07563025210085,37.6530612244898,28.013702850030516
85.07563025210085,38.48979591836735,28.010955492436235
85.07563025210085,39.3265306122449,28.008429933037224
85.07563025210085,40.16326530612245,28.006127112568375
85.07563025210085,41.0,28.004047650192017
85.8218487394958,0.0,28.35639806102963
85.8218487394958,0.8367346938775511,28.3431968771559
85.8218487394958,1.6734693877551021,28.330241376175277
85.8218487394958,2.510204081632653,28.317529366456306
85.8218487394958,3.3469387755102042,28.305059990193755
85.8218487394958,4.183673469387755,28.29283303478741
85.8218487394958,5.020408163265306,28.280848488370026
85.8218487394958,5.857142857142857,28.269106348114107
85.8218487394958,6.6938775510204085,28.2576066230129
85.8218487394958,7.530612244897959,28.24634943620633
85.8218487394958,8.36734693877551,28.235333206569024
85.8218487394958,9.204081632653061,28.22455806764425
85.8218487394958,10.040816326530612,28.21402741901904
85.8218487394958,10.877551020408164,28.203742481147742
85.8218487394958,11.714285714285714,28.1937044200223
85.8218487394958,12.551020408163264,28.18391402448894
85.8218487394958,13.387755102040817,28.174383167028545
85.8218487394958,14.224489795918368,28.165112629900158
85.8218487394958,15.061224489795919,28.156086450704546
85.8218487394958,15.897959183673468,28.147301609185067
85.8218487394958,16.73469387755102,28.138754621251458
85.8218487394958,17.57142857142857,28.130441878017276
85.8218487394958,18.408163265306122,28.122359955887926
85.8218487394958,19.244897959183675,28.11450548591832
85.8218487394958,20.081632653061224,28.1068751896063
85.8218487394958,20.918367346938776,28.099466181246505
85.8218487394958,21.75510204081633,28.092276039287377
85.8218487394958,22.591836734693874,28.08530307963153
85.8218487394958,23.428571428571427,28.07853524873823
85.8218487394958,24.26530612244898,28.071973774291575
85.8218487394958,25.10204081632653,28.06563150314861
85.8218487394958,25.93877551020408,28.059511269404418
85.8218487394958,26.775510204081634,28.05361621570847
85.8218487394958,27.612244897959183,28.04794909601093
85.8218487394958,28.448979591836736,28.04252790802925
85.8218487394958,29.285714285714285,28.037350747008784
85.8218487394958,30.122448979591837,28.032402456757236
85.8218487394958,30.95918367346939,28.027680893811915
85.8218487394958,31.795918367346935,28.023183437651674
85.8218487394958,32.63265306122449,28.01890757479695
85.8218487394958,33.46938775510204,28.014843255419
85.8218487394958,34.30612244897959,28.010991066778935
85.8218487394958,35.14285714285714,28.007356971209525
85.8218487394958,35.97959183673469,28.00394125811942
85.8218487394958,36.816326530612244,28.000744650287842
85.8218487394958,37.6530612244898,27.997768112713384
85.8218487394958,38.48979591836735,27.99501271831037
85.8218487394958,39.3265306122449,27.99247953717637
85.8218487394958,40.16326530612245,27.990169496985605
85.8218487394958,41.0,27.988083207982882
86.56806722689076,0.0,28.34299756452475
86.56806722689076,0.8367346938775511,28.329745042082326
86.56806722689076,1.6734693877551021,28.316739300841014
86.56806722689076,2.510204081632653,28.30397814849939
86.56806722689076,3.3469387755102042,28.29146071796852
86.56806722689076,4.183673469387755,28.279186779092942
86.56806722689076,5.020408163265306,28.26715631261385
86.56806722689076,5.857142857142857,28.2553692817398
86.56806722689076,6.6938775510204085,28.243825696049726
86.56806722689076,7.530612244897959,28.232525642893645
86.56806722689076,8.36734693877551,28.22146754482375
86.56806722689076,9.204081632653061,28.21065151075689
86.56806722689076,10.040816326530612,28.20008091408076
86.56806722689076,10.877551020408164,28.189756939954425
86.56806722689076,11.714285714285714,28.179680736336554
86.56806722689076,12.551020408163264,28.169853069454437
86.56806722689076,13.387755102040817,28.160285713925134
86.56806722689076,14.224489795918368,28.150979461829124
86.56806722689076,15.061224489795919,28.14191841579458
86.56806722689076,15.897959183673468,28.13309957596038
86.56806722689076,16.73469387755102,28.12451947610792
86.56806722689076,17.57142857142857,28.116174519876463
86.56806722689076,18.408163265306122,28.10806129246115
86.56806722689076,19.244897959183675,28.100176445565218
86.56806722689076,20.081632653061224,28.09251670946775
86.56806722689076,20.918367346938776,28.085079212279293
86.56806722689076,21.75510204081633,28.07786153882014
86.56806722689076,22.591836734693874,28.07086201014966
86.56806722689076,23.428571428571427,28.064068645571783
86.56806722689076,24.26530612244898,28.057482658526858
86.56806722689076,25.10204081632653,28.05111679940434
86.56806722689076,25.93877551020408,28.044973876559553
86.56806722689076,26.775510204081634,28.039057006939874
86.56806722689076,27.612244897959183,28.033368918056983
86.56806722689076,28.448979591836736,28.027927480551046
86.56806722689076,29.285714285714285,28.022730795764218
86.56806722689076,30.122448979591837,28.0177638055522
86.56806722689076,30.95918367346939,28.013024375337157
86.56806722689076,31.795918367346935,28.008509898627242
86.56806722689076,32.63265306122449,28.004217872686855
86.56806722689076,33.46938775510204,28.000138310252872
86.56806722689076,34.30612244897959,27.996271789694884
86.56806722689076,35.14285714285714,27.99262423015274
86.56806722689076,35.97959183673469,27.98919591434957
86.56806722689076,36.816326530612244,27.98598755641273
86.56806722689076,37.6530612244898,27.983000110916677
86.56806722689076,38.48979591836735,27.9802346401934
86.56806722689076,39.3265306122449,27.977692203500702
86.56806722689076,40.16326530612245,27.975373719110014
86.56806722689076,41.0,27.973279789531645
87.31428571428572,0.0,28.33340531784152
87.31428571428572,0.8367346938775511,28.320087902253928
87.31428571428572,1.6734693877551021,28.30701846607271
87.31428571428572,2.510204081632653,28.294194855536677
87.31428571428572,3.3469387755102042,28.28161620597421
87.31428571428572,4.183673469387755,28.269282305067478
87.31428571428572,5.020408163265306,28.257193121708223
87.31428571428572,5.857142857142857,28.245348649898727
87.31428571428572,6.6938775510204085,28.23374885818516
87.31428571428572,7.530612244897959,28.222393852656737
87.31428571428572,8.36734693877551,28.211282046472043
87.31428571428572,9.204081632653061,28.200413541277978
87.31428571428572,10.040816326530612,28.189791691953374
87.31428571428572,10.877551020408164,28.17941766439651
87.31428571428572,11.714285714285714,28.169292601879068
87.31428571428572,12.551020408163264,28.1594172517119
87.31428571428572,13.387755102040817,28.14980335295781
87.31428571428572,14.224489795918368,28.140451649906645
87.31428571428572,15.061224489795919,28.13134632650862
87.31428571428572,15.897959183673468,28.12248437460476
87.31428571428572,16.73469387755102,28.11386232546928
87.31428571428572,17.57142857142857,28.10547659070971
87.31428571428572,18.408163265306122,28.097323757911475
87.31428571428572,19.244897959183675,28.089400481152396
87.31428571428572,20.081632653061224,28.081703493695635
87.31428571428572,20.918367346938776,28.074229925783847
87.31428571428572,21.75510204081633,28.066977363413717
87.31428571428572,22.591836734693874,28.05994412328817
87.31428571428572,23.428571428571427,28.05311826122417
87.31428571428572,24.26530612244898,28.046500978685657
87.31428571428572,25.10204081632653,28.04010496992557
87.31428571428572,25.93877551020408,28.033933027046842
87.31428571428572,26.775510204081634,28.027988245971777
87.31428571428572,27.612244897959183,28.0222733372759
87.31428571428572,28.448979591836736,28.01680609898919
87.31428571428572,29.285714285714285,28.011584632030964
87.31428571428572,30.122448979591837,28.00659392667197
87.31428571428572,30.95918367346939,28.00183185198679
87.31428571428572,31.795918367346935,27.997295801717755
87.31428571428572,32.63265306122449,27.992983276912888
87.31428571428572,33.46938775510204,27.98888432459542
87.31428571428572,34.30612244897959,27.984999514483448
87.31428571428572,35.14285714285714,27.981334738502635
87.31428571428572,35.97959183673469,27.977890274632305
87.31428571428572,36.816326530612244,27.97466682819602
87.31428571428572,37.6530612244898,27.97166534775078
87.31428571428572,38.48979591836735,27.96888688753062
87.31428571428572,39.3265306122449,27.966332498792948
87.31428571428572,40.16326530612245,27.96400309227839
87.31428571428572,41.0,27.961899268467942
88.06050420168067,0.0,28.320502928548756
88.06050420168067,0.8367346938775511,28.30712912843636
88.06050420168067,1.6734693877551021,28.29400475872987
88.06050420168067,2.510204081632653,28.281127621867462
88.06050420168067,3.3469387755102042,28.268496803095445
88.06050420168067,4.183673469387755,28.256112047493573
88.06050420168067,5.020408163265306,28.24397329562604
88.06050420168067,5.857142857142857,28.232080503531385
88.06050420168067,6.6938775510204085,28.220433628691527
88.06050420168067,7.530612244897959,28.209032721169972
88.06050420168067,8.36734693877551,28.197876202305423
88.06050420168067,9.204081632653061,28.18696413122024
88.06050420168067,10.040816326530612,28.176299829990224
88.06050420168067,10.877551020408164,28.165884422254667
88.06050420168067,11.714285714285714,28.155719024788873
88.06050420168067,12.551020408163264,28.145804359172626
88.06050420168067,13.387755102040817,28.136152055846704
88.06050420168067,14.224489795918368,28.126762838456912
88.06050420168067,15.061224489795919,28.117620984556222
88.06050420168067,15.897959183673468,28.108723487794602
88.06050420168067,16.73469387755102,28.10006688692569
88.06050420168067,17.57142857142857,28.091647607287054
88.06050420168067,18.408163265306122,28.083462241741838
88.06050420168067,19.244897959183675,28.07550745424861
88.06050420168067,20.081632653061224,28.067779987970614
88.06050420168067,20.918367346938776,28.06027697813204
88.06050420168067,21.75510204081633,28.052996011014102
88.06050420168067,22.591836734693874,28.045935410744338
88.06050420168067,23.428571428571427,28.039083300117824
88.06050420168067,24.26530612244898,28.03244086240921
88.06050420168067,25.10204081632653,28.026020688105277
88.06050420168067,25.93877551020408,28.019825537735137
88.06050420168067,26.775510204081634,28.013858473833274
88.06050420168067,27.612244897959183,28.008122177602612
88.06050420168067,28.448979591836736,28.002634310822227
88.06050420168067,29.285714285714285,27.9973929787738
88.06050420168067,30.122448979591837,27.99238326982561
88.06050420168067,30.95918367346939,27.987603058397493
88.06050420168067,31.795918367346935,27.98304975085167
88.06050420168067,32.63265306122449,27.97872085821686
88.06050420168067,33.46938775510204,27.974606490917868
88.06050420168067,34.30612244897959,27.970707208584653
88.06050420168067,35.14285714285714,27.9670288541404
88.06050420168067,35.97959183673469,27.963571697229167
88.06050420168067,36.816326530612244,27.960336433366177
88.06050420168067,37.6530612244898,27.957323998757314
88.06050420168067,38.48979591836735,27.9545354350478
88.06050420168067,39.3265306122449,27.951971781871467
88.06050420168067,40.16326530612245,27.94963394048706
88.06050420168067,41.0,27.94752250128882
88.80672268907564,0.0,28.308792444564403
88.80672268907564,0.8367346938775511,28.295362135763455
88.80672268907564,1.6734693877551021,28.282182437739724
88.80672268907564,2.510204081632653,28.269251169073794
88.80672268907564,3.3469387755102042,28.25656741216566
88.80672268907564,4.183673469387755,28.244130874427178
88.80672268907564,5.020408163265306,28.231941501256653
88.80672268907564,5.857142857142857,28.21999921163988
88.80672268907564,6.6938775510204085,28.20830394899407
88.80672268907564,7.530612244897959,28.19685576883547
88.80672268907564,8.36734693877551,28.18565307193826
88.80672268907564,9.204081632653061,28.174695899467515
88.80672268907564,10.040816326530612,28.163987549277323
88.80672268907564,10.877551020408164,28.153529129053936
88.80672268907564,11.714285714285714,28.143321736190323
88.80672268907564,12.551020408163264,28.13336608168434
88.80672268907564,13.387755102040817,28.123673722877022
88.80672268907564,14.224489795918368,28.1142453670934
88.80672268907564,15.061224489795919,28.105065363591603
88.80672268907564,15.897959183673468,28.096130704358252
88.80672268907564,16.73469387755102,28.08743794047732
88.80672268907564,17.57142857142857,28.07898349641248
88.80672268907564,18.408163265306122,28.070763979262416
88.80672268907564,19.244897959183675,28.06277605678183
88.80672268907564,20.081632653061224,28.055016479333307
88.80672268907564,20.918367346938776,28.047482390249044
88.80672268907564,21.75510204081633,28.040171379958014
88.80672268907564,22.591836734693874,28.033081767335045
88.80672268907564,23.428571428571427,28.02620172880735
88.80672268907564,24.26530612244898,28.019532433930127
88.80672268907564,25.10204081632653,28.013086405755885
88.80672268907564,25.93877551020408,28.00686638579997
88.80672268907564,26.775510204081634,28.00087541492445
88.80672268907564,27.612244897959183,27.995116154416852
88.80672268907564,28.448979591836736,27.98960617522246
88.80672268907564,29.285714285714285,27.984343585724623
88.80672268907564,30.122448979591837,27.979313539199783
88.80672268907564,30.95918367346939,27.97451391540962
88.80672268907564,31.795918367346935,27.969942127184254
88.80672268907564,32.63265306122449,27.96559569316832
88.80672268907564,33.46938775510204,27.961464764871735
88.80672268907564,34.30612244897959,27.957549895029704
88.80672268907564,35.14285714285714,27.953856893604435
88.80672268907564,35.97959183673469,27.950386025095113
88.80672268907564,36.816326530612244,27.947137977666944
88.80672268907564,37.6530612244898,27.944113678282026
88.80672268907564,38.48979591836735,27.94131416047531
88.80672268907564,39.3265306122449,27.938740455898202
88.80672268907564,40.16326530612245,27.936393457611562
88.80672268907564,41.0,27.93427374980089
89.5529411764706,0.0,28.2964962030148
89.5529411764706,0.8367346938775511,28.283003837700996
89.5529411764706,1.6734693877551021,28.269763508027026
89.5529411764706,2.510204081632653,28.256772992202215
89.5529411764706,3.3469387755102042,28.24403137335299
89.5529411764706,4.183673469387755,28.231538345928367
89.5529411764706,5.020408163265306,28.219293813720324
89.5529411764706,5.857142857142857,28.20729769273289
89.5529411764706,6.6938775510204085,28.195549922302472
89.5529411764706,7.530612244897959,28.18405052172347
89.5529411764706,8.36734693877551,28.17279788264393
89.5529411764706,9.204081632653061,28.161792053935567
89.5529411764706,10.040816326530612,28.151036286289173
89.5529411764706,10.877551020408164,28.140531669008826
89.5529411764706,11.714285714285714,28.130279283456915
89.5529411764706,12.551020408163264,28.12027981562012
89.5529411764706,13.387755102040817,28.110544760216726
89.5529411764706,14.224489795918368,28.101074809250687
89.5529411764706,15.061224489795919,28.09185435111847
89.5529411764706,15.897959183673468,28.08288039358193
89.5529411764706,16.73469387755102,28.074149475033394
89.5529411764706,17.57142857142857,28.065658031259378
89.5529411764706,18.408163265306122,28.057402665375673
89.5529411764706,19.244897959183675,28.049380046156475
89.5529411764706,20.081632653061224,28.0415869300582
89.5529411764706,20.918367346938776,28.034020456735167
89.5529411764706,21.75510204081633,28.02667821382901
89.5529411764706,22.591836734693874,28.01955851916651
89.5529411764706,23.428571428571427,28.012649591116084
89.5529411764706,24.26530612244898,28.005952581015496
89.5529411764706,25.10204081632653,27.99947994178371
89.5529411764706,25.93877551020408,27.993234391176674
89.5529411764706,26.775510204081634,27.987218945002102
89.5529411764706,27.612244897959183,27.98143623978603
89.5529411764706,28.448979591836736,27.975903753865875
89.5529411764706,29.285714285714285,27.970619592961977
89.5529411764706,30.122448979591837,27.96556897316538
89.5529411764706,30.95918367346939,27.960749774557573
89.5529411764706,31.795918367346935,27.956159415535264
89.5529411764706,32.63265306122449,27.951795417928075
89.5529411764706,33.46938775510204,27.947647973809293
89.5529411764706,34.30612244897959,27.943717626678207
89.5529411764706,35.14285714285714,27.9400101526716
89.5529411764706,35.97959183673469,27.93652580825596
89.5529411764706,36.816326530612244,27.93326527353571
89.5529411764706,37.6530612244898,27.930229465372882
89.5529411764706,38.48979591836735,27.92741940790519
89.5529411764706,39.3265306122449,27.92483612308529
89.5529411764706,40.16326530612245,27.922480496972693
89.5529411764706,41.0,27.920353106767024
90.29915966386555,0.0,28.28398985222499
90.29915966386555,0.8367346938775511,28.270455164733935
90.29915966386555,1.6734693877551021,28.25717335489319
90.29915966386555,2.510204081632653,28.244142249507288
90.29915966386555,3.3469387755102042,28.231360900723832
90.29915966386555,4.183673469387755,28.2188290185089
90.29915966386555,5.020408163265306,28.20654649565253
90.29915966386555,5.857142857142857,28.19451324156162
90.29915966386555,6.6938775510204085,28.182729171876503
90.29915966386555,7.530612244897959,28.171194292046824
90.29915966386555,8.36734693877551,28.159907002657935
90.29915966386555,9.204081632653061,28.148867320588224
90.29915966386555,10.040816326530612,28.138078457962422
90.29915966386555,10.877551020408164,28.127541481022252
90.29915966386555,11.714285714285714,28.11725743541294
90.29915966386555,12.551020408163264,28.10722699421269
90.29915966386555,13.387755102040817,28.09746153489071
90.29915966386555,14.224489795918368,28.087961725505796
90.29915966386555,15.061224489795919,28.078712088828222
90.29915966386555,15.897959183673468,28.06970963617115
90.29915966386555,16.73469387755102,28.060950933983744
90.29915966386555,17.57142857142857,28.052432429826613
90.29915966386555,18.408163265306122,28.044150749200366
90.29915966386555,19.244897959183675,28.036102574118424
90.29915966386555,20.081632653061224,28.028284679551525
90.29915966386555,20.918367346938776,28.020694220174853
90.29915966386555,21.75510204081633,28.013328790843104
90.29915966386555,22.591836734693874,28.00618671363783
90.29915966386555,23.428571428571427,27.999256298540196
90.29915966386555,24.26530612244898,27.99253867792531
90.29915966386555,25.10204081632653,27.986046185087257
90.29915966386555,25.93877551020408,27.979781504896977
90.29915966386555,26.775510204081634,27.97374761790143
90.29915966386555,27.612244897959183,27.967947130852583
90.29915966386555,28.448979591836736,27.962397364332844
90.29915966386555,29.285714285714285,27.95709643306449
90.29915966386555,30.122448979591837,27.952029673229436
90.29915966386555,30.95918367346939,27.94719497770505
90.29915966386555,31.795918367346935,27.942589779195572
90.29915966386555,32.63265306122449,27.938211614315424
90.29915966386555,33.46938775510204,27.93405075370902
90.29915966386555,34.30612244897959,27.930107729523414
90.29915966386555,35.14285714285714,27.92638826355522
90.29915966386555,35.97959183673469,27.92289260478929
90.29915966386555,36.816326530612244,27.919621422766063
90.29915966386555,37.6530612244898,27.91657562128104
90.29915966386555,38.48979591836735,27.913756212380406
90.29915966386555,39.3265306122449,27.911164205133947
90.29915966386555,40.16326530612245,27.908800473720408
90.29915966386555,41.0,27.906665587833558
91.04537815126051,0.0,28.272554685548332
91.04537815126051,0.8367346938775511,28.258964909292896
91.04537815126051,1.6734693877551021,28.245629252547577
91.04537815126051,2.510204081632653,28.2325454994708
91.04537815126051,3.3469387755102042,28.219712709221668
91.04537815126051,4.183673469387755,28.20713053547695
91.04537815126051,5.020408163265306,28.194798876718046
91.04537815126051,5.857142857142857,28.18271759354654
91.04537815126051,6.6938775510204085,28.17088659548229
91.04537815126051,7.530612244897959,28.159305876922787
91.04537815126051,8.36734693877551,28.147973803571926
91.04537815126051,9.204081632653061,28.13689040418327
91.04537815126051,10.040816326530612,28.126058846492167
91.04537815126051,10.877551020408164,28.115480179818896
91.04537815126051,11.714285714285714,28.105155433233932
91.04537815126051,12.551020408163264,28.0950852620806
91.04537815126051,13.387755102040817,28.08528096523812
91.04537815126051,14.224489795918368,28.07574320389646
91.04537815126051,15.061224489795919,28.066456569553775
91.04537815126051,15.897959183673468,28.05741808151123
91.04537815126051,16.73469387755102,28.048624312223115
91.04537815126051,17.57142857142857,28.040071717718355
91.04537815126051,18.408163265306122,28.031756933588703
91.04537815126051,19.244897959183675,28.023676650549856
91.04537815126051,20.081632653061224,28.015827649902164
91.04537815126051,20.918367346938776,28.00820709300153
91.04537815126051,21.75510204081633,28.00081258121957
91.04537815126051,22.591836734693874,27.99364243532874
91.04537815126051,23.428571428571427,27.986685018496708
91.04537815126051,24.26530612244898,27.9799414493838
91.04537815126051,25.10204081632653,27.973423987108344
91.04537815126051,25.93877551020408,27.967135295357178
91.04537815126051,26.775510204081634,27.961078329994265
91.04537815126051,27.612244897959183,27.955255677548486
91.04537815126051,28.448979591836736,27.949684556243493
91.04537815126051,29.285714285714285,27.94436308676588
91.04537815126051,30.122448979591837,27.939276676373613
91.04537815126051,30.95918367346939,27.93442322125146
91.04537815126051,31.795918367346935,27.92980016284953
91.04537815126051,32.63265306122449,27.92540504489874
91.04537815126051,33.46938775510204,27.921228183480093
91.04537815126051,34.30612244897959,27.917270103573784
91.04537815126051,35.14285714285714,27.91353649052299
91.04537815126051,35.97959183673469,27.910027587896
91.04537815126051,36.816326530612244,27.906744055444413
91.04537815126051,37.6530612244898,27.903686789539684
91.04537815126051,38.48979591836735,27.90085679207367
91.04537815126051,39.3265306122449,27.898255062430067
91.04537815126051,40.16326530612245,27.89588246779829
91.04537815126051,41.0,27.89373957050695
91.79159663865546,0.0,28.261185307593983
91.79159663865546,0.8367346938775511,28.24754175385003
91.79159663865546,1.6734693877551021,28.23415330022831
91.79159663865546,2.510204081632653,28.221017771123872
91.79159663865546,3.3469387755102042,28.20813423510157
91.79159663865546,4.183673469387755,28.19550237556996
91.79159663865546,5.020408163265306,28.18312208673246
91.79159663865546,5.857142857142857,28.17099323285771
91.79159663865546,6.6938775510204085,28.15911571640065
91.79159663865546,7.530612244897959,28.14748953210028
91.79159663865546,8.36734693877551,28.136113054330856
91.79159663865546,9.204081632653061,28.124986290244138
91.79159663865546,10.040816326530612,28.11411238161222
91.79159663865546,10.877551020408164,28.10349237564196
91.79159663865546,11.714285714285714,28.093127277631954
91.79159663865546,12.551020408163264,28.083017726632633
91.79159663865546,13.387755102040817,28.073174972984255
91.79159663865546,14.224489795918368,28.063599657273453
91.79159663865546,15.061224489795919,28.054276424908867
91.79159663865546,15.897959183673468,28.045202292838667
91.79159663865546,16.73469387755102,28.03637384553905
91.79159663865546,17.57142857142857,28.02778754207623
91.79159663865546,18.408163265306122,28.01944001828361
91.79159663865546,19.244897959183675,28.011327979370233
91.79159663865546,20.081632653061224,28.00344820097444
91.79159663865546,20.918367346938776,27.995797853909135
91.79159663865546,21.75510204081633,27.988374540875263
91.79159663865546,22.591836734693874,27.981176581324153
91.79159663865546,23.428571428571427,27.97419238135851
91.79159663865546,24.26530612244898,27.967423048841255
91.79159663865546,25.10204081632653,27.960880782645315
91.79159663865546,25.93877551020408,27.954568227831317
91.79159663865546,26.775510204081634,27.948488320889563
91.79159663865546,27.612244897959183,27.942643631907288
91.79159663865546,28.448979591836736,27.93705129858143
91.79159663865546,29.285714285714285,27.931709443872265
91.79159663865546,30.122448979591837,27.926603532281014
91.79159663865546,30.95918367346939,27.92173146284491
91.79159663865546,31.795918367346935,27.917090684602215
91.79159663865546,32.63265306122449,27.912678745811128
91.79159663865546,33.46938775510204,27.90848600061726
91.79159663865546,34.30612244897959,27.904512966890007
91.79159663865546,35.14285714285714,27.9007653015558
91.79159663865546,35.97959183673469,27.89724324318299
91.79159663865546,36.816326530612244,27.8939474448518
91.79159663865546,37.6530612244898,27.89087879579034
91.79159663865546,38.48979591836735,27.88803828891026
91.79159663865546,39.3265306122449,27.885426917586457
91.79159663865546,40.16326530612245,27.883045540765337
91.79159663865546,41.0,27.88089471619623
92.53781512605042,0.0,28.248186525523284
92.53781512605042,0.8367346938775511,28.234500716678667
92.53781512605042,1.6734693877551021,28.2210710820894
92.53781512605042,2.510204081632653,28.20789540998693
92.53781512605042,3.3469387755102042,28.194972730011546
92.53781512605042,4.183673469387755,28.18230271793631
92.53781512605042,5.020408163265306,28.169885199929315
92.53781512605042,5.857142857142857,28.157720053145383
92.53781512605042,6.6938775510204085,28.145807123313883
92.53781512605042,7.530612244897959,28.13414638431378
92.53781512605042,8.36734693877551,28.122736204495276
92.53781512605042,9.204081632653061,28.11157655846307
92.53781512605042,10.040816326530612,28.1006705660299
92.53781512605042,10.877551020408164,28.090019232592834
92.53781512605042,11.714285714285714,28.07962354664463
92.53781512605042,12.551020408163264,28.069484132973866
92.53781512605042,13.387755102040817,28.059612144716716
92.53781512605042,14.224489795918368,28.050008210165505
92.53781512605042,15.061224489795919,28.04065706442948
92.53781512605042,15.897959183673468,28.031555731303982
92.53781512605042,16.73469387755102,28.02270080083243
92.53781512605042,17.57142857142857,28.01408874729141
92.53781512605042,18.408163265306122,28.00571622008176
92.53781512605042,19.244897959183675,27.997579925440714
92.53781512605042,20.081632653061224,27.98967665997353
92.53781512605042,20.918367346938776,27.982003593679597
92.53781512605042,21.75510204081633,27.97455833637795
92.53781512605042,22.591836734693874,27.96733920843719
92.53781512605042,23.428571428571427,27.960334681774576
92.53781512605042,24.26530612244898,27.953545841525788
92.53781512605042,25.10204081632653,27.946984803400568
92.53781512605042,25.93877551020408,27.9406541825628
92.53781512605042,26.775510204081634,27.934556890544066
92.53781512605042,27.612244897959183,27.928695469387012
92.53781512605042,28.448979591836736,27.92308694173514
92.53781512605042,29.285714285714285,27.91772943260334
92.53781512605042,30.122448979591837,27.912608492349428
92.53781512605042,30.95918367346939,27.907722027926997
92.53781512605042,31.795918367346935,27.903067494384025
92.53781512605042,32.63265306122449,27.898642451686758
92.53781512605042,33.46938775510204,27.894437308128982
92.53781512605042,34.30612244897959,27.89045257170814
92.53781512605042,35.14285714285714,27.88669385797021
92.53781512605042,35.97959183673469,27.883161397924493
92.53781512605042,36.816326530612244,27.879855836494922
92.53781512605042,37.6530612244898,27.87677805159982
92.53781512605042,38.48979591836735,27.87392902667212
92.53781512605042,39.3265306122449,27.87130974349881
92.53781512605042,40.16326530612245,27.868921052641184
92.53781512605042,41.0,27.866763504909507
93.28403361344539,0.0,28.237355017768316
93.28403361344539,0.8367346938775511,28.223605645353746
93.28403361344539,1.6734693877551021,28.210113891233572
93.28403361344539,2.510204081632653,28.196877543270865
93.28403361344539,3.3469387755102042,28.18389559269489
93.28403361344539,4.183673469387755,28.171167695828736
93.28403361344539,5.020408163265306,28.158693665492244
93.28403361344539,5.857142857142857,28.146473343895327
93.28403361344539,6.6938775510204085,28.134506574444142
93.28403361344539,7.530612244897959,28.122793307991127
93.28403361344539,8.36734693877551,28.111331902721368
93.28403361344539,9.204081632653061,28.100122328167572
93.28403361344539,10.040816326530612,28.08916765764574
93.28403361344539,10.877551020408164,28.078468874177954
93.28403361344539,11.714285714285714,28.068026945701455
93.28403361344539,12.551020408163264,28.057842478218678
93.28403361344539,13.387755102040817,28.047926536738665
93.28403361344539,14.224489795918368,28.038279728201616
93.28403361344539,15.061224489795919,28.028886862675126
93.28403361344539,15.897959183673468,28.019744962733057
93.28403361344539,16.73469387755102,28.010850626685443
93.28403361344539,17.57142857142857,28.002200332604954
93.28403361344539,18.408163265306122,27.99379073418431
93.28403361344539,19.244897959183675,27.98561854855035
93.28403361344539,20.081632653061224,27.97768057366041
93.28403361344539,20.918367346938776,27.969973986936274
93.28403361344539,21.75510204081633,27.962496398996528
93.28403361344539,22.591836734693874,27.95524612952698
93.28403361344539,23.428571428571427,27.948211707785163
93.28403361344539,24.26530612244898,27.941394204704224
93.28403361344539,25.10204081632653,27.93480564713698
93.28403361344539,25.93877551020408,27.928448623754747
93.28403361344539,26.775510204081634,27.92232601591757
93.28403361344539,27.612244897959183,27.916440341075546
93.28403361344539,28.448979591836736,27.9108085032032
93.28403361344539,29.285714285714285,27.90542863055146
93.28403361344539,30.122448979591837,27.900286353186175
93.28403361344539,30.95918367346939,27.89537958229819
93.28403361344539,31.795918367346935,27.890705782393738
93.28403361344539,32.63265306122449,27.88626251915645
93.28403361344539,33.46938775510204,27.882040255544577
93.28403361344539,34.30612244897959,27.87803948836022
93.28403361344539,35.14285714285714,27.87426579194242
93.28403361344539,35.97959183673469,27.870719388840037
93.28403361344539,36.816326530612244,27.86740091489027
93.28403361344539,37.6530612244898,27.864311236587245
93.28403361344539,38.48979591836735,27.861451326085334
93.28403361344539,39.3265306122449,27.858822154340544
93.28403361344539,40.16326530612245,27.856424562413544
93.28403361344539,41.0,27.854259093796383
94.03025210084034,0.0,28.22647143928596
94.03025210084034,0.8367346938775511,28.2126628870198
94.03025210084034,1.6734693877551021,28.19911316358578
94.03025210084034,2.510204081632653,28.185820069507763
94.03025210084034,3.3469387755102042,28.17278261797522
94.03025210084034,4.183673469387755,28.160000447178657
94.03025210084034,5.020408163265306,28.147473380645064
94.03025210084034,5.857142857142857,28.135201243005458
94.03025210084034,6.6938775510204085,28.123183877479356
94.03025210084034,7.530612244897959,28.111421222124118
94.03025210084034,8.36734693877551,28.099911632316964
94.03025210084034,9.204081632653061,28.088655063537626
94.03025210084034,10.040816326530612,28.07765456440036
94.03025210084034,10.877551020408164,28.066911106891915
94.03025210084034,11.714285714285714,28.05642564582726
94.03025210084034,12.551020408163264,28.046198758909313
94.03025210084034,13.387755102040817,28.03624148071075
94.03025210084034,14.224489795918368,28.026554395172212
94.03025210084034,15.061224489795919,28.017122342803543
94.03025210084034,15.897959183673468,28.007942348579334
94.03025210084034,16.73469387755102,27.999011005151768
94.03025210084034,17.57142857142857,27.990324790006348
94.03025210084034,18.408163265306122,27.981880355896013
94.03025210084034,19.244897959183675,27.97367441621135
94.03025210084034,20.081632653061224,27.96570377094113
94.03025210084034,20.918367346938776,27.95796559487872
94.03025210084034,21.75510204081633,27.950457495370088
94.03025210084034,22.591836734693874,27.94317778879716
94.03025210084034,23.428571428571427,27.93611503186236
94.03025210084034,24.26530612244898,27.92927028114613
94.03025210084034,25.10204081632653,27.922655519810753
94.03025210084034,25.93877551020408,27.916273320291705
94.03025210084034,26.775510204081634,27.910126547224554
94.03025210084034,27.612244897959183,27.904217702051152
94.03025210084034,28.448979591836736,27.898563629420632
94.03025210084034,29.285714285714285,27.893162455703255
94.03025210084034,30.122448979591837,27.88799985049767
94.03025210084034,30.95918367346939,27.883073723797416
94.03025210084034,31.795918367346935,27.878381542160074
94.03025210084034,32.63265306122449,27.873920873516983
94.03025210084034,33.46938775510204,27.869682204665278
94.03025210084034,34.30612244897959,27.865666027291663
94.03025210084034,35.14285714285714,27.861877892816583
94.03025210084034,35.97959183673469,27.858318018675465
94.03025210084034,36.816326530612244,27.85498703470159
94.03025210084034,37.6530612244898,27.851885800683092
94.03025210084034,38.48979591836735,27.8490152817295
94.03025210084034,39.3265306122449,27.846376442549243
94.03025210084034,40.16326530612245,27.84397011849709
94.03025210084034,41.0,27.84179684850972
94.7764705882353,0.0,28.21337488331136
94.7764705882353,0.8367346938775511,28.19953632386774
94.7764705882353,1.6734693877551021,28.185957187946617
94.7764705882353,2.510204081632653,28.172635246505077
94.7764705882353,3.3469387755102042,28.15956955258173
94.7764705882353,4.183673469387755,28.146759718230363
94.7764705882353,5.020408163265306,28.134205550428472
94.7764705882353,5.857142857142857,28.121906869114483
94.7764705882353,6.6938775510204085,28.109863505659803
94.7764705882353,7.530612244897959,28.098075385984156
94.7764705882353,8.36734693877551,28.086540863762718
94.7764705882353,9.204081632653061,28.075259878069545
94.7764705882353,10.040816326530612,28.064235437938887
94.7764705882353,10.877551020408164,28.053468486642796
94.7764705882353,11.714285714285714,28.04295995951224
94.7764705882353,12.551020408163264,28.032710416476277
94.7764705882353,13.387755102040817,28.022730754310192
94.7764705882353,14.224489795918368,28.01302154424795
94.7764705882353,15.061224489795919,28.003567785450507
94.7764705882353,15.897959183673468,27.994366525024112
94.7764705882353,16.73469387755102,27.985414383589948
94.7764705882353,17.57142857142857,27.976707865730226
94.7764705882353,18.408163265306122,27.968243651942455
94.7764705882353,19.244897959183675,27.960018479642546
94.7764705882353,20.081632653061224,27.952029171178914
94.7764705882353,20.918367346938776,27.944272924471424
94.7764705882353,21.75510204081633,27.936747363156897
94.7764705882353,22.591836734693874,27.929450807546978
94.7764705882353,23.428571428571427,27.922371929379665
94.7764705882353,24.26530612244898,27.915511763645323
94.7764705882353,25.10204081632653,27.908882153949875
94.7764705882353,25.93877551020408,27.902485633284606
94.7764705882353,26.775510204081634,27.89632502782725
94.7764705882353,27.612244897959183,27.890402803905154
94.7764705882353,28.448979591836736,27.88473561739177
94.7764705882353,29.285714285714285,27.879321608220142
94.7764705882353,30.122448979591837,27.874146591688774
94.7764705882353,30.95918367346939,27.86920849342926
94.7764705882353,31.795918367346935,27.864504800127012
94.7764705882353,32.63265306122449,27.860033098842145
94.7764705882353,33.46938775510204,27.855783971235912
94.7764705882353,34.30612244897959,27.85175789717878
94.7764705882353,35.14285714285714,27.84796036231741
94.7764705882353,35.97959183673469,27.844391577715392
94.7764705882353,36.816326530612244,27.841052159626138
94.7764705882353,37.6530612244898,27.83794295407367
94.7764705882353,38.48979591836735,27.835064911119424
94.7764705882353,39.3265306122449,27.832418981693774
94.7764705882353,40.16326530612245,27.830005986800803
94.7764705882353,41.0,27.827826456374552
95.52268907563025,0.0,28.202512365595837
95.52268907563025,0.8367346938775511,28.188613696992345
95.52268907563025,1.6734693877551021,28.174975897780083
95.52268907563025,2.510204081632653,28.16159673693206
95.52268907563025,3.3469387755102042,28.148475185268733
95.52268907563025,4.183673469387755,28.135610856016378
95.52268907563025,5.020408163265306,28.123003539878624
95.52268907563025,5.857142857142857,28.110653019648613
95.52268907563025,6.6938775510204085,28.098559107178747
95.52268907563025,7.530612244897959,28.086721700604762
95.52268907563025,8.36734693877551,28.075139140361014
95.52268907563025,9.204081632653061,28.063811359638112
95.52268907563025,10.040816326530612,28.052741322704343
95.52268907563025,10.877551020408164,28.041929964943403
95.52268907563025,11.714285714285714,28.031378194197952
95.52268907563025,12.551020408163264,28.02108656222926
95.52268907563025,13.387755102040817,28.011065916086473
95.52268907563025,14.224489795918368,28.001316809473902
95.52268907563025,15.061224489795919,27.99182426617992
95.52268907563025,15.897959183673468,27.98258532397305
95.52268907563025,16.73469387755102,27.973596594958536
95.52268907563025,17.57142857142857,27.96485458241882
95.52268907563025,18.408163265306122,27.95635596334954
95.52268907563025,19.244897959183675,27.948097471244427
95.52268907563025,20.081632653061224,27.940075925653403
95.52268907563025,20.918367346938776,27.932288521419686
95.52268907563025,21.75510204081633,27.924732877276995
95.52268907563025,22.591836734693874,27.917407309039287
95.52268907563025,23.428571428571427,27.91030050779728
95.52268907563025,24.26530612244898,27.903413497872762
95.52268907563025,25.10204081632653,27.896758083322336
95.52268907563025,25.93877551020408,27.89033678218463
95.52268907563025,26.775510204081634,27.884152405677316
95.52268907563025,27.612244897959183,27.878207404499683
95.52268907563025,28.448979591836736,27.872518383310936
95.52268907563025,29.285714285714285,27.867083478333107
95.52268907563025,30.122448979591837,27.861888535291307
95.52268907563025,30.95918367346939,27.856931478170807
95.52268907563025,31.795918367346935,27.852209794119016
95.52268907563025,32.63265306122449,27.847721068963395
95.52268907563025,33.46938775510204,27.84345590649687
95.52268907563025,34.30612244897959,27.839414778853946
95.52268907563025,35.14285714285714,27.835603152330435
95.52268907563025,35.97959183673469,27.832021232821873
95.52268907563025,36.816326530612244,27.828669628759744
95.52268907563025,37.6530612244898,27.825549180750563
95.52268907563025,38.48979591836735,27.822660832236448
95.52268907563025,39.3265306122449,27.820005527349366
95.52268907563025,40.16326530612245,27.817584082764427
95.52268907563025,41.0,27.815397023392396
96.26890756302521,0.0,28.19167806088904
96.26890756302521,0.8367346938775511,28.1777336518259
96.26890756302521,1.6734693877551021,28.164050964687767
96.26890756302521,2.510204081632653,28.150627792433024
96.26890756302521,3.3469387755102042,28.137463125723084
96.26890756302521,4.183673469387755,28.12455655155933
96.26890756302521,5.020408163265306,28.111907859248912
96.26890756302521,5.857142857142857,28.09951684969473
96.26890756302521,6.6938775510204085,28.087383305019717
96.26890756302521,7.530612244897959,28.075507129239302
96.26890756302521,8.36734693877551,28.06388667146114
96.26890756302521,9.204081632653061,28.05252183998048
96.26890756302521,10.040816326530612,28.04141558423539
96.26890756302521,10.877551020408164,28.03056880762265
96.26890756302521,11.714285714285714,28.01998241082381
96.26890756302521,12.551020408163264,28.009656920287306
96.26890756302521,13.387755102040817,27.999603089623953
96.26890756302521,14.224489795918368,27.989821455467386
96.26890756302521,15.061224489795919,27.980297150893357
96.26890756302521,15.897959183673468,27.97102722978212
96.26890756302521,16.73469387755102,27.962008320609073
96.26890756302521,17.57142857142857,27.953236942179664
96.26890756302521,18.408163265306122,27.944709786629186
96.26890756302521,19.244897959183675,27.936423604703347
96.26890756302521,20.081632653061224,27.928375231401986
96.26890756302521,20.918367346938776,27.92056187106641
96.26890756302521,21.75510204081633,27.912981151804296
96.26890756302521,22.591836734693874,27.90563139199154
96.26890756302521,23.428571428571427,27.898501365229052
96.26890756302521,24.26530612244898,27.89159207508482
96.26890756302521,25.10204081632653,27.884915219262382
96.26890756302521,25.93877551020408,27.878473288958745
96.26890756302521,26.775510204081634,27.872269061155173
96.26890756302521,27.612244897959183,27.866304956748905
96.26890756302521,28.448979591836736,27.860597438589334
96.26890756302521,29.285714285714285,27.855144650160113
96.26890756302521,30.122448979591837,27.849932542902714
96.26890756302521,30.95918367346939,27.844959050645723
96.26890756302521,31.795918367346935,27.840221673537194
96.26890756302521,32.63265306122449,27.835718011573583
96.26890756302521,33.46938775510204,27.831438735074435
96.26890756302521,34.30612244897959,27.82738430685687
96.26890756302521,35.14285714285714,27.82356014336109
96.26890756302521,35.97959183673469,27.81996644187211
96.26890756302521,36.816326530612244,27.816603803207684
96.26890756302521,37.6530612244898,27.813473053939724
96.26890756302521,38.48979591836735,27.810575126838398
96.26890756302521,39.3265306122449,27.807910953789587
96.26890756302521,40.16326530612245,27.80548133961104
96.26890756302521,41.0,27.803286801836478
97.01512605042018,0.0,28.179807288962955
97.01512605042018,0.8367346938775511,28.165822339077504
97.01512605042018,1.6734693877551021,28.152100173324953
97.01512605042018,2.510204081632653,28.13863855919422
97.01512605042018,3.3469387755102042,28.125436486881146
97.01512605042018,4.183673469387755,28.112493490035817
97.01512605042018,5.020408163265306,28.099809345360246
97.01512605042018,5.857142857142857,28.087383805871493
97.01512605042018,6.6938775510204085,28.075216640547517
97.01512605042018,7.530612244897959,28.063307729629287
97.01512605042018,8.36734693877551,28.051655395032565
97.01512605042018,9.204081632653061,28.040259533419416
97.01512605042018,10.040816326530612,28.029123039234936
97.01512605042018,10.877551020408164,28.018246799117474
97.01512605042018,11.714285714285714,28.007631671698867
97.01512605042018,12.551020408163264,27.997278168243582
97.01512605042018,13.387755102040817,27.987196940273908
97.01512605042018,14.224489795918368,27.977388504019476
97.01512605042018,15.061224489795919,27.967838088056524
97.01512605042018,15.897959183673468,27.958542736322723
97.01512605042018,16.73469387755102,27.949499096527735
97.01512605042018,17.57142857142857,27.94070369131446
97.01512605042018,18.408163265306122,27.93215321716822
97.01512605042018,19.244897959183675,27.9238444336517
97.01512605042018,20.081632653061224,27.915774184956536
97.01512605042018,20.918367346938776,27.90793967698239
97.01512605042018,21.75510204081633,27.90033853889555
97.01512605042018,22.591836734693874,27.892969090742987
97.01512605042018,23.428571428571427,27.88582016643997
97.01512605042018,24.26530612244898,27.87889275034163
97.01512605042018,25.10204081632653,27.87219844823406
97.01512605042018,25.93877551020408,27.865739719975785
97.01512605042018,26.775510204081634,27.859519313657177
97.01512605042018,27.612244897959183,27.853539623313612
97.01512605042018,28.448979591836736,27.84781699083437
97.01512605042018,29.285714285714285,27.842349561766323
97.01512605042018,30.122448979591837,27.83712337648366
97.01512605042018,30.95918367346939,27.832136373505303
97.01512605042018,31.795918367346935,27.827386061794883
97.01512605042018,32.63265306122449,27.822870050414767
97.01512605042018,33.46938775510204,27.818579064539993
97.01512605042018,34.30612244897959,27.81451355688874
97.01512605042018,35.14285714285714,27.810678901054217
97.01512605042018,35.97959183673469,27.807075286921066
97.01512605042018,36.816326530612244,27.803703305723644
97.01512605042018,37.6530612244898,27.80056377436258
97.01512605042018,38.48979591836735,27.797657612599398
97.01512605042018,39.3265306122449,27.794985742761064
97.01512605042018,40.16326530612245,27.792548961023705
97.01512605042018,41.0,27.79034777836271
97.76134453781513,0.0,28.16940847217494
97.76134453781513,0.8367346938775511,28.155366680189545
97.76134453781513,1.6734693877551021,28.141588906574206
97.76134453781513,2.510204081632653,28.128072905203865
97.76134453781513,3.3469387755102042,28.114817629704156
97.76134453781513,4.183673469387755,28.10182263383069
97.76134453781513,5.020408163265306,28.089087669621897
97.76134453781513,5.857142857142857,28.076612481163945
97.76134453781513,6.6938775510204085,28.06439682786828
97.76134453781513,7.530612244897959,28.052440563825428
97.76134453781513,8.36734693877551,28.0407420125875
97.76134453781513,9.204081632653061,28.029301053777058
97.76134453781513,10.040816326530612,28.018120553624495
97.76134453781513,10.877551020408164,28.0072013803634
97.76134453781513,11.714285714285714,27.996544379941934
97.76134453781513,12.551020408163264,27.98615004518332
97.76134453781513,13.387755102040817,27.97602896477143
97.76134453781513,14.224489795918368,27.966181642579603
97.76134453781513,15.061224489795919,27.956593357535397
97.76134453781513,15.897959183673468,27.947261160642164
97.76134453781513,16.73469387755102,27.93818169746859
97.76134453781513,17.57142857142857,27.929351502284128
97.76134453781513,18.408163265306122,27.92076727602589
97.76134453781513,19.244897959183675,27.912425782001513
97.76134453781513,20.081632653061224,27.904323869628925
97.76134453781513,20.918367346938776,27.896458749315244
97.76134453781513,21.75510204081633,27.888828054648712
97.76134453781513,22.591836734693874,27.881430103307274
97.76134453781513,23.428571428571427,27.874253774797648
97.76134453781513,24.26530612244898,27.867300040654513
97.76134453781513,25.10204081632653,27.86058044351859
97.76134453781513,25.93877551020408,27.85409742345574
97.76134453781513,26.775510204081634,27.84785370614982
97.76134453781513,27.612244897959183,27.84185166845148
97.76134453781513,28.448979591836736,27.836107561429046
97.76134453781513,29.285714285714285,27.83061953365989
97.76134453781513,30.122448979591837,27.825373686628673
97.76134453781513,30.95918367346939,27.82036796120554
97.76134453781513,31.795918367346935,27.815599871874266
97.76134453781513,32.63265306122449,27.81106703325415
97.76134453781513,33.46938775510204,27.80676021069019
97.76134453781513,34.30612244897959,27.802679848840917
97.76134453781513,35.14285714285714,27.798831290165865
97.76134453781513,35.97959183673469,27.795214718133053
97.76134453781513,36.816326530612244,27.791830715639865
97.76134453781513,37.6530612244898,27.788680091751946
97.76134453781513,38.48979591836735,27.785763757324723
97.76134453781513,39.3265306122449,27.783082625364358
97.76134453781513,40.16326530612245,27.78063748582441
97.76134453781513,41.0,27.778428842169905
98.50756302521009,0.0,28.15864723637947
98.50756302521009,0.8367346938775511,28.144548631273732
98.50756302521009,1.6734693877551021,28.130715242372403
98.50756302521009,2.510204081632653,28.11714486642308
98.50756302521009,3.3469387755102042,28.103836439338764
98.50756302521009,4.183673469387755,28.09078952333042
98.50756302521009,5.020408163265306,28.078003863195498
98.50756302521009,5.857142857142857,28.065479193230026
98.50756302521009,6.6938775510204085,28.053215272252185
98.50756302521009,7.530612244897959,28.041211944082644
98.50756302521009,8.36734693877551,28.029467520533537
98.50756302521009,9.204081632653061,28.01798186716964
98.50756302521009,10.040816326530612,28.00675783773386
98.50756302521009,10.877551020408164,27.99579628658324
98.50756302521009,11.714285714285714,27.98509803569478
98.50756302521009,12.551020408163264,27.97466356714156
98.50756302521009,13.387755102040817,27.964503444754573
98.50756302521009,14.224489795918368,27.954618151078787
98.50756302521009,15.061224489795919,27.94499297233063
98.50756302521009,15.897959183673468,27.935624957328645
98.50756302521009,16.73469387755102,27.926510735730314
98.50756302521009,17.57142857142857,27.917646839849922
98.50756302521009,18.408163265306122,27.90902995994387
98.50756302521009,19.244897959183675,27.900656855468124
98.50756302521009,20.081632653061224,27.892524367622862
98.50756302521009,20.918367346938776,27.88462969961584
98.50756302521009,21.75510204081633,27.876970482817846
98.50756302521009,22.591836734693874,27.869545021596146
98.50756302521009,23.428571428571427,27.86234220708358
98.50756302521009,24.26530612244898,27.8553630013217
98.50756302521009,25.10204081632653,27.84861891723447
98.50756302521009,25.93877551020408,27.842112382926654
98.50756302521009,26.775510204081634,27.83584611087228
98.50756302521009,27.612244897959183,27.82982246813547
98.50756302521009,28.448979591836736,27.824057671635465
98.50756302521009,29.285714285714285,27.818549864124787
98.50756302521009,30.122448979591837,27.813285163685023
98.50756302521009,30.95918367346939,27.80826150882919
98.50756302521009,31.795918367346935,27.8034764118781
98.50756302521009,32.63265306122449,27.79892748552363
98.50756302521009,33.46938775510204,27.79460550507782
98.50756302521009,34.30612244897959,27.7905109102985
98.50756302521009,35.14285714285714,27.78664902878734
98.50756302521009,35.97959183673469,27.7830200405924
98.50756302521009,36.816326530612244,27.779624523232933
98.50756302521009,37.6530612244898,27.776463280204702
98.50756302521009,38.48979591836735,27.773537218046183
98.50756302521009,39.3265306122449,27.770847244912947
98.50756302521009,40.16326530612245,27.768394145347195
98.50756302521009,41.0,27.766178420069163
99.25378151260504,0.0,28.147951735850693
99.25378151260504,0.8367346938775511,28.13380837078969
99.25378151260504,1.6734693877551021,28.11993109156444
99.25378151260504,2.510204081632653,28.106317683774925
99.25378151260504,3.3469387755102042,28.092967098851194
99.25378151260504,4.183673469387755,28.079878873598638
99.25378151260504,5.020408163265306,28.067052742539133
99.25378151260504,5.857142857142857,28.054488439884473
99.25378151260504,6.6938775510204085,28.04218570300353
99.25378151260504,7.530612244897959,28.03014437063844
99.25378151260504,8.36734693877551,28.01836275859223
99.25378151260504,9.204081632653061,28.00684072983605
99.25378151260504,10.040816326530612,27.995581111966015
99.25378151260504,10.877551020408164,27.984584744828933
99.25378151260504,11.714285714285714,27.97385244847974
99.25378151260504,12.551020408163264,27.96338469581529
99.25378151260504,13.387755102040817,27.95319199538796
99.25378151260504,14.224489795918368,27.943274824909462
99.25378151260504,15.061224489795919,27.933618532079436
99.25378151260504,15.897959183673468,27.92422017176139
99.25378151260504,16.73469387755102,27.915076389861685
99.25378151260504,17.57142857142857,27.906183720657346
99.25378151260504,18.408163265306122,27.897538873042155
99.25378151260504,19.244897959183675,27.889138610385224
99.25378151260504,20.081632653061224,27.880979785662262
99.25378151260504,20.918367346938776,27.873059611020256
99.25378151260504,21.75510204081633,27.86537571639402
99.25378151260504,22.591836734693874,27.857926416268434
99.25378151260504,23.428571428571427,27.85070064340227
99.25378151260504,24.26530612244898,27.843699348244684
99.25378151260504,25.10204081632653,27.836933986737165
99.25378151260504,25.93877551020408,27.830406970796762
99.25378151260504,26.775510204081634,27.824120994905392
99.25378151260504,27.612244897959183,27.81807840754734
99.25378151260504,28.448979591836736,27.812295347545383
99.25378151260504,29.285714285714285,27.806769961096283
99.25378151260504,30.122448979591837,27.801488423556005
99.25378151260504,30.95918367346939,27.796448677805586
99.25378151260504,31.795918367346935,27.791648243626394
99.25378151260504,32.63265306122449,27.78708473960451
99.25378151260504,33.46938775510204,27.782748979343683
99.25378151260504,34.30612244897959,27.77864139548173
99.25378151260504,35.14285714285714,27.774767287329983
99.25378151260504,35.97959183673469,27.77112682985404
99.25378151260504,36.816326530612244,27.767720594106414
99.25378151260504,37.6530612244898,27.76454937573385
99.25378151260504,38.48979591836735,27.76161407375639
99.25378151260504,39.3265306122449,27.75891558826816
99.25378151260504,40.16326530612245,27.75645469746618
99.25378151260504,41.0,27.75423189655501
100.0,0.0,28.13645401601877
100.0,0.8367346938775511,28.122269578774745
100.0,1.6734693877551021,28.10835237406763
100.0,2.510204081632653,28.09470015637812
100.0,3.3469387755102042,28.081311845290674
100.0,4.183673469387755,28.06818694980711
100.0,5.020408163265306,28.05532514471535
100.0,5.857142857142857,28.042726145858513
100.0,6.6938775510204085,28.030389660943293
100.0,7.530612244897959,28.018315486361505
100.0,8.36734693877551,28.006501927860565
100.0,9.204081632653061,27.994948817727575
100.0,10.040816326530612,27.983658926828294
100.0,10.877551020408164,27.972633055452913
100.0,11.714285714285714,27.961871988601985
100.0,12.551020408163264,27.95137616607931
100.0,13.387755102040817,27.94115596225481
100.0,14.224489795918368,27.931211832101198
100.0,15.061224489795919,27.921529244349504
100.0,15.897959183673468,27.912105264014023
100.0,16.73469387755102,27.9029365495956
100.0,17.57142857142857,27.894019653418177
100.0,18.408163265306122,27.885351290582705
100.0,19.244897959183675,27.876928248215165
100.0,20.081632653061224,27.86874738299774
100.0,20.918367346938776,27.860805925475663
100.0,21.75510204081633,27.853101512549834
100.0,22.591836734693874,27.84563245595083
100.0,23.428571428571427,27.838387788051126
100.0,24.26530612244898,27.83136843387446
100.0,25.10204081632653,27.82458572001944
100.0,25.93877551020408,27.81804202160946
100.0,26.775510204081634,27.811739995240277
100.0,27.612244897959183,27.805681954194284
100.0,28.448979591836736,27.799883866152896
100.0,29.285714285714285,27.794343886580428
100.0,30.122448979591837,27.789048317167765
100.0,30.95918367346939,27.78399511139536
100.0,31.795918367346935,27.779181805291188
100.0,32.63265306122449,27.77460603166877
100.0,33.46938775510204,27.770258686561682
100.0,34.30612244897959,27.766140190262256
100.0,35.14285714285714,27.762255783093103
100.0,35.97959183673469,27.758605631114612
100.0,36.816326530612244,27.75519029303414
100.0,37.6530612244898,27.752010551018284
100.0,38.48979591836735,27.74906728960398
100.0,39.3265306122449,27.74636139625318
100.0,40.16326530612245,27.74389363494407
100.0,41.0,27.74166449303877
